name,email,phone,score,attendance,passed,dropped_reason
Leigh Roberts,leighroberts@gmail.com,0131 496 0198,87,100,True,
Charles Chapman,charleschapman@yahoo.com,+44121 4960797,72,71,True,
Denis Hall,denishall@yahoo.com,+44(0)1414960198,69,91,True,
Dominic Morris,dominicmorris@gmail.com,+4420 7496 0216,90,84,True,
Ross Brown,rossbrown@yahoo.com,0808 157 0890,93,83,True,
Frank Mitchell,frankmitchell@yahoo.com,028 9018498,97,68,False,Low attendance
Christine Taylor,christinetaylor@hotmail.com,0151 496 0896,81,78,True,
Sophie Fry,sophiefry@hotmail.com,+44306 999 0152,77,65,False,Low attendance
Judith Daly,judithdaly@yahoo.com,+441514960921,92,66,False,Low attendance
Hugh Bennett,hughbennett@hotmail.com,0121 4960682,86,93,True,
Barry Curtis,barrycurtis@gmail.com,020 74960780,100,92,True,
Stephanie Patterson,stephaniepatterson@hotmail.com,+44(0)1134960624,54,82,False,Low score
Jill Higgins,jillhiggins@gmail.com,+44808 1570037,66,70,True,
Clifford Jones,cliffordjones@gmail.com,+44(0)1632 960 142,72,96,True,
Steven Day,stevenday@hotmail.com,+44(0)289018506,55,77,False,Low score
Kathryn Wright,kathrynwright@hotmail.com,+44(0)808 157 0008,93,71,True,
Hilary Baker,hilarybaker@gmail.com,+44(0)20 74960905,76,72,True,
Leanne Brown,leannebrown@hotmail.com,+44(0)1154960460,62,94,True,
Lawrence Atkinson,lawrenceatkinson@yahoo.com,+44113 4960073,92,79,True,
Nicole Byrne,nicolebyrne@gmail.com,+44(0)808 1570806,73,76,True,
Philip Wood,philipwood@yahoo.com,+441174960616,98,91,True,
Norman Thompson,normanthompson@hotmail.com,(0113)4960798,97,84,True,
Samantha Price,samanthaprice@yahoo.com,+44289018202,56,70,False,Low score
Debra Powell,debrapowell@gmail.com,+44(0)29 2018000,58,83,False,Low score
Sylvia Parker,sylviaparker@yahoo.com,+44(0)118 496 0743,53,71,False,Low score
Christine Hall,christinehall@gmail.com,(0115) 4960433,74,89,True,
Harry Lynch,harrylynch@hotmail.com,0306 999 0830,59,85,False,Low score
Ashleigh Gallagher,ashleighgallagher@yahoo.com,+44(0)1632 960818,57,66,False,Low score and Low attendance
Charles Barlow,charlesbarlow@yahoo.com,0113 496 0421,65,79,True,
Gemma Barker,gemmabarker@hotmail.com,(029)2018868,100,77,True,
Tracey Tucker,traceytucker@yahoo.com,(0113)4960793,98,72,True,
Harry Bowen,harrybowen@gmail.com,+44(0)292018815,76,76,True,
Marcus Davison,marcusdavison@hotmail.com,(0117) 496 0925,70,90,True,
Carl Kennedy,carlkennedy@hotmail.com,+44(0)116 496 0434,78,65,False,Low attendance
Jack Davies,jackdavies@yahoo.com,01184960912,58,100,False,Low score
Zoe Baldwin,zoebaldwin@yahoo.com,+44(0)289018318,60,82,True,
Gavin Russell,gavinrussell@yahoo.com,(01632) 960840,64,82,True,
Jessica Thompson,jessicathompsonF@gmail.com,(0117) 4960559,74,89,True,
Lynn Lewis,lynnlewis@gmail.com,+44(0)116 4960341,74,65,False,Low attendance
Maria Peacock,mariapeacock@yahoo.com,+442074960052,80,87,True,
Anthony Davies,anthonydavies@yahoo.com,+44(0)161 496 0960,65,84,True,
Rhys Moran,rhysmoran@hotmail.com,0115 496 0449,67,87,True,
Kerry Walters,kerrywalters@hotmail.com,+44(0)113 496 0734,93,76,True,
Janice Cunningham,janicecunningham@hotmail.com,0151 4960461,53,65,False,Low score and Low attendance
Billy Freeman,billyfreeman@hotmail.com,+44(0)117 4960755,71,96,True,
Clifford Gibbs,cliffordgibbs@gmail.com,+44121 496 0061,79,77,True,
Teresa Webster,teresawebster@hotmail.com,0121 4960921,70,92,True,
Rebecca Blake,rebeccablake@yahoo.com,(0117) 4960091,77,95,True,
Nicholas Swift,nicholasswift@hotmail.com,+441314960396,50,92,False,Low score
Deborah Williams,deborahwilliams@gmail.com,0115 496 0619,67,88,True,
Mathew Webb,mathewwebb@gmail.com,+44808 1570318,87,81,True,
Donna Jackson,donnajackson@yahoo.com,+44131 496 0041,99,95,True,
Elliott Campbell,elliottcampbell@yahoo.com,0115 496 0811,59,79,False,Low score
Kate Khan,katekhan@yahoo.com,0117 4960355,85,72,True,
Marc Richardson,marcrichardson@yahoo.com,+44(0)306 999 0889,86,72,True,
Dorothy Matthews,dorothymatthews@yahoo.com,+44(0)1174960810,100,67,False,Low attendance
Charles Davies,charlesdavies@hotmail.com,(0113)4960478,95,65,False,Low attendance
Jayne Thornton,jaynethornton@gmail.com,+44141 496 0003,73,81,True,
Valerie Webb,valeriewebb@yahoo.com,+44(0)1184960296,87,80,True,
Nigel Leach,nigelleach@gmail.com,+441632 960 066,55,87,False,Low score
Zoe Douglas,zoedouglas@gmail.com,+443069990995,74,82,True,
Pamela Brown,pamelabrown@yahoo.com,020 7946 0092,67,86,True,
Gerald Edwards,geraldedwards@yahoo.com,+44(0)191 4960956,79,89,True,
Andrew Payne,andrewpayne@gmail.com,+441914960870,84,83,True,
Beth Taylor,bethtaylor@gmail.com,+44(0)141 4960089,74,72,True,
Anthony Roberts,anthonyroberts@hotmail.com,+44114 496 0323,95,91,True,
Lynn Day,lynnday@yahoo.com,+44(0)909 879 0610,79,66,False,Low attendance
Carly Higgins,carlyhiggins@gmail.com,+44191 4960198,57,76,False,Low score
Dorothy Dean,dorothydean@gmail.com,+4428 9018538,52,86,False,Low score
Emily Wilson,emilywilson@hotmail.com,028 9018317,95,78,True,
Maureen White,maureenwhite@yahoo.com,01514960331,60,72,True,
Cameron Clarke,cameronclarke@hotmail.com,+441164960906,97,76,True,
Bryan Foster,bryanfoster@yahoo.com,+44(0)1164960975,58,96,False,Low score
Roy Gibson,roygibson@gmail.com,+44(0)306 9990671,87,71,True,
Deborah Wilson,deborahwilson@gmail.com,+44116 4960754,84,79,True,
Mark Day,markday@gmail.com,+44(0)117 4960158,75,84,True,
Damian McCarthy,damianmccarthy@gmail.com,(0131)4960361,50,99,False,Low score
Sam Thomas,samthomas@gmail.com,(0141) 4960245,67,78,True,
Terence Scott,terencescott7@yahoo.com,+44306 999 0185,75,85,True,
Lucy Martin,lucymartin@hotmail.com,(0151)4960431,94,95,True,
Sarah West,sarahwest@gmail.com,+44114 4960810,86,66,False,Low attendance
Anne Hughes,annehughes@yahoo.com,+44118 4960499,87,80,True,
Cheryl Davis,cheryldavis@hotmail.com,0289018415,57,67,False,Low score and Low attendance
Ronald Morgan,ronaldmorgan@hotmail.com,01134960315,93,72,True,
Kelly McKenzie,kellymckenzie@yahoo.com,+44306 9990678,87,80,True,
Kathleen White,kathleenwhite@hotmail.com,+44808 1570575,80,74,True,
Leonard Powell,leonardpowell@gmail.com,+44(0)118 496 0111,97,91,True,
Max Duncan,maxduncan@gmail.com,+441914960813,84,94,True,
Alan Sharpe,alansharpe@gmail.com,+44(0)1144960407,54,84,False,Low score
Samantha Smith,samanthasmith@yahoo.com,0141 496 0362,75,78,True,
Jodie Connor,jodieconnor@yahoo.com,+44(0)29 2018925,62,83,True,
Tracy Holt,tracyholt@gmail.com,(0141) 4960637,80,88,True,
Scott Davey,scottdavey@hotmail.com,(0191) 4960387,73,78,True,
Francis Marshall,francismarshall@hotmail.com,(0114) 4960806,79,65,False,Low attendance
Martin Lewis,martinlewis@gmail.com,(0151) 496 0031,74,68,False,Low attendance
Nicholas Jones,nicholasjones@gmail.com,+44(0)151 496 0254,67,91,True,
Keith Brown,keithbrown@gmail.com,+44(0)191 496 0919,80,95,True,
Megan Dickinson,megandickinson@yahoo.com,+441614960765,85,83,True,
Albert Owen,albertowen@gmail.com,(028)9018204,99,84,True,
Diana Cox,dianacox@hotmail.com,+44(0)131 496 0594,55,99,False,Low score
Suzanne Harding,suzanneharding@hotmail.com,+44(0)116 4960542,56,92,False,Low score
Abigail Spencer,abigailspencer@hotmail.com,+44(0)292018195,83,67,False,Low attendance
Wendy Morton,wendymorton@hotmail.com,+441314960463,67,73,True,
Rita Barber,ritabarber@yahoo.com,+441214960094,70,87,True,
Pauline Parkinson,paulineparkinson@hotmail.com,+44(0)1614960257,76,89,True,
Patrick Jones,patrickjones@gmail.com,+44289018500,82,70,True,
Hilary Hussain,hilaryhussain@hotmail.com,(0117) 4960401,95,97,True,
Barry Taylor,barrytaylor@yahoo.com,0151 4960021,63,65,False,Low attendance
Colin Hughes,colinhughesh@hotmail.com,+44(0)131 4960761,83,76,True,
Josephine Smith,josephinesmith@yahoo.com,+441184960006,84,86,True,
Reece Smith,reecesmith@gmail.com,+44113 4960011,94,80,True,
Adrian Smith,adriansmith@gmail.com,+4429 2018784,100,81,True,
Charles Khan,charleskhan@hotmail.com,(0306) 9990122,55,91,False,Low score
Tom Davies,tomdavies1@hotmail.com,0306 999 0240,75,95,True,
Adam Norris,adamnorris@hotmail.com,(0151) 496 0336,52,73,False,Low score
Guy Howells,guyhowells@yahoo.com,+44(0)161 496 0799,67,82,True,
Christine Heath,christineheath@hotmail.com,(0113) 496 0060,51,75,False,Low score
Julian Kerr,juliankerr@gmail.com,0306 999 0876,61,77,True,
Reece Robson,reecerobson@yahoo.com,+44(0)1154960692,89,92,True,
Jamie Davison,jamiedavison@gmail.com,+44(0)115 4960269,66,81,True,
Toby Jones,tobyjones@yahoo.com,+443069990610,71,93,True,
Shane Ryan,shaneryan@hotmail.com,+44(0)1134960142,97,96,True,
Derek Williams,derekwilliams@hotmail.com,(0909) 8790490,67,99,True,
Teresa Gibbs,teresagibbs@hotmail.com,+44(0)191 496 0117,67,74,True,
Elliot Wright,elliotwright@gmail.com,+441184960011,58,78,False,Low score
Hannah Burton,hannahburton@gmail.com,029 2018841,82,79,True,
Nathan Murphy,nathanmurphy@yahoo.com,(01632)960177,56,87,False,Low score
Phillip Mellor,phillipmellor@hotmail.com,0909 8790790,85,80,True,
Laura Stevens,laurastevens@yahoo.com,+44118 4960187,74,67,False,Low attendance
Shannon Roberts,shannonroberts@hotmail.com,+44113 4960299,92,84,True,
Paula Lee,paulalee@hotmail.com,0306 999 0501,80,67,False,Low attendance
Julia Bell,juliabell@hotmail.com,+44141 4960625,100,84,True,
Rachel Johnston,racheljohnston@hotmail.com,+443069990004,84,90,True,
Callum Jones,callumjonesK@hotmail.com,(028)9018115,94,76,True,
Barry Fleming,barryfleming@hotmail.com,(0808) 157 0224,76,83,True,
Charlene Evans,charleneevans@yahoo.com,+44(0)116 4960884,52,99,False,Low score
Carly Murphy,carlymurphy@hotmail.com,0909 879 0554,69,94,True,
Peter Sutton,petersutton@gmail.com,+44117 4960795,58,79,False,Low score
Callum Reid,callumreid@yahoo.com,(0115)4960795,80,83,True,
Joanna Roberts,joannaroberts@gmail.com,+44(0)191 4960336,61,71,True,
Stacey Atkins,staceyatkins@gmail.com,(0131) 496 0618,86,65,False,Low attendance
Kim Barnes,kimbarnes@yahoo.com,+441154960646,54,72,False,Low score
Chelsea Boyle,chelseaboyle@yahoo.com,020 74960098,57,87,False,Low score
Katie Clarke,katieclarke@hotmail.com,08081570586,92,100,True,
Josh Evans,joshevans@yahoo.com,+44(0)151 4960952,76,76,True,
Reece Shaw,reeceshaw@hotmail.com,(029) 2018 0011,65,71,True,
Irene Lewis,irenelewis@yahoo.com,(029) 2018026,55,70,False,Low score
Marian Fox,marianfox@hotmail.com,+44(0)115 4960636,99,80,True,
Harry Bird,harrybird@gmail.com,0116 496 0492,59,92,False,Low score
Abbie Miller,abbiemiller@yahoo.com,+4420 7496 0308,100,66,False,Low attendance
Rachael Coleman,rachaelcoleman@gmail.com,+44117 4960635,80,69,False,Low attendance
Jordan Clarke,jordanclarke@hotmail.com,01414960803,81,97,True,
Sheila Vincent,sheilavincent@yahoo.com,(0121) 496 0810,80,91,True,
Dale Knowles,daleknowles@yahoo.com,(0161) 4960257,58,99,False,Low score
Iain Holmes,iainholmes@hotmail.com,+44191 4960058,74,81,True,
Marie Thompson,mariethompson@gmail.com,01514960812,79,77,True,
Tom Bell,tombell@hotmail.com,+44(0)3069990840,54,71,False,Low score
Frederick Burrows,frederickburrows@gmail.com,(0113) 496 0210,70,68,False,Low attendance
Timothy Williamson,timothywilliamson@gmail.com,+44(0)116 496 0823,51,96,False,Low score
Leah Moss,leahmoss@yahoo.com,0113 4960080,57,87,False,Low score
Raymond Price,raymondprice@hotmail.com,(0117)4960808,78,98,True,
Liam Chambers,liamchambers@gmail.com,+44131 4960435,95,81,True,
Timothy Phillips,timothyphillips@yahoo.com,02074960781,66,79,True,
George Robinson,georgerobinson@hotmail.com,+44131 496 0919,73,87,True,
Katy Williams,katywilliams@hotmail.com,+441214960635,99,91,True,
Charlene Herbert,charleneherbert@hotmail.com,(0161) 4960575,73,98,True,
Sarah Birch,sarahbirch@hotmail.com,(0115) 496 0994,61,66,False,Low attendance
Dorothy Charlton,dorothycharlton@gmail.com,0289018079,89,98,True,
Katy Walker,katywalker@yahoo.com,(0191) 496 0775,79,94,True,
Beth Douglas,bethdouglas@hotmail.com,0306 9990162,97,93,True,
Alice Hughes,alicehughes@gmail.com,0151 4960233,93,87,True,
Mohammed Roberts,mohammedroberts@gmail.com,01632960054,78,83,True,
Helen Morgan,helenmorgan@yahoo.com,+44(0)1632 960 170,83,68,False,Low attendance
Leon Morgan,leonmorgan@gmail.com,(0191)4960415,73,76,True,
Joanne Dobson,joannedobson@yahoo.com,0115 496 0016,74,70,True,
Colin Armstrong,colinarmstrong@yahoo.com,+44(0)289018015,75,81,True,
Laura Rose,laurarose@yahoo.com,(0113) 496 0978,68,67,False,Low attendance
Josh Hunt,joshhunt@hotmail.com,+44(0)1514960431,68,65,False,Low attendance
Adrian Hammond,adrianhammond@yahoo.com,+44141 4960717,78,92,True,
Gareth Webb,garethwebb@gmail.com,+44(0)2074960594,86,68,False,Low attendance
Diana Johnson,dianajohnson@hotmail.com,+44191 4960804,83,93,True,
Jacqueline Hall,jacquelinehall@yahoo.com,+44(0)131 496 0761,70,80,True,
Oliver Hill,oliverhillh@gmail.com,+44151 496 0500,71,91,True,
Marian Holmes,marianholmes@hotmail.com,0113 4960892,80,83,True,
Tina Williams,tinawilliams@gmail.com,0115 496 0488,53,97,False,Low score
Rhys Robinson,rhysrobinson@gmail.com,0121 496 0303,69,99,True,
Heather Kelly,heatherkelly@yahoo.com,0113 496 0817,94,88,True,
Jack Poole,jackpoole@yahoo.com,+44292018089,51,76,False,Low score
Dennis Atkinson,dennisatkinson@gmail.com,+44141 496 0900,72,80,True,
Alice Rice,alicericex@gmail.com,(0118)4960742,68,77,True,
Geraldine Morris,geraldinemorris@hotmail.com,(0909)8790143,55,69,False,Low score and Low attendance
Bradley Woods,bradleywoods@gmail.com,+441614960111,55,65,False,Low score and Low attendance
Lesley Bishop,lesleybishop@gmail.com,(0113) 4960756,83,100,True,
Melissa Martin,melissamartin@gmail.com,+44118 4960792,93,90,True,
Sheila Akhtar,sheilaakhtar@yahoo.com,+44909 8790969,70,79,True,
Jack Lawrence,jacklawrence@yahoo.com,+44(0)131 4960498,60,89,True,
Alexandra Wong,alexandrawong@yahoo.com,(0306)9990115,61,94,True,
Wayne Riley,wayneriley@yahoo.com,+441134960036,82,100,True,
Heather Mills,heathermills@hotmail.com,01174960175,100,75,True,
Thomas Williams,thomaswilliams@hotmail.com,01914960984,59,74,False,Low score
Karl White,karlwhite@gmail.com,01134960979,78,99,True,
Melissa Parker,melissaparker@yahoo.com,01164960175,50,79,False,Low score
