name,email,phone,score,attendance,passed,dropped_reason
Dale Thomas,dalethomas@gmail.com,+4420 74960949,78,95,True,
Christian Rowe,christianrowe@gmail.com,+4429 2018 0775,89,65,False,Low attendance
Nigel Miah,nigelmiah@hotmail.com,+44(0)117 4960722,80,98,True,
Marion Skinner,marionskinner@hotmail.com,+44(0)1632 960194,54,79,False,Low score
Hannah Gray,hannahgray@gmail.com,+44(0)1632960953,80,84,True,
Hollie Conway,hollieconway@yahoo.com,(029)2018050,74,90,True,
Abdul Cooper,abdulcooper@yahoo.com,+44(0)1632 960 496,51,67,False,Low score and Low attendance
Lynne Davies,lynnedavies@hotmail.com,(0161) 496 0988,75,70,True,
Jake Perkins,jakeperkins@gmail.com,(0115)4960408,72,68,False,Low attendance
Graeme Clarke,graemeclarke@yahoo.com,(020)74960348,83,69,False,Low attendance
Clive Kaur,clivekaur@gmail.com,(0114)4960140,52,67,False,Low score and Low attendance
Natasha Barrett,natashabarrett@gmail.com,(01632) 960 995,96,69,False,Low attendance
Patricia Reid,patriciareid@yahoo.com,01214960939,93,99,True,
Shannon Thompson,shannonthompson@gmail.com,+441184960413,51,76,False,Low score
Jason Chamberlain,jasonchamberlain@yahoo.com,+44191 4960274,56,89,False,Low score
Martyn Robinson,martynrobinson@gmail.com,+44(0)909 879 0635,77,99,True,
Simon Bruce,simonbruce@yahoo.com,+44292018230,55,91,False,Low score
Lesley Smith,lesleysmith@gmail.com,029 2018421,53,68,False,Low score and Low attendance
Hollie Shaw,hollieshaw@gmail.com,0306 9990910,86,66,False,Low attendance
Glen Davies,glendavies@yahoo.com,+44(0)306 9990275,51,97,False,Low score
Roy Davies,roydavies@gmail.com,+44(0)20 74960410,94,73,True,
Martin Stephens,martinstephens@hotmail.com,0121 4960189,54,100,False,Low score
Karen Anderson,karenanderson@hotmail.com,+44(0)9098790173,96,82,True,
Jodie Nolan,jodienolan@yahoo.com,+44151 4960740,69,75,True,
Joshua Edwards,joshuaedwards@gmail.com,0116 4960076,87,72,True,
Allan Berry,allanberry@yahoo.com,(0118) 4960981,59,85,False,Low score
Diane Murray,dianemurray@yahoo.com,+44131 496 0324,56,77,False,Low score
Lewis Holden,lewisholden@hotmail.com,01514960556,78,66,False,Low attendance
Lynda Stanley,lyndastanley@yahoo.com,(0114) 496 0491,94,78,True,
Stewart McDonald,stewartmcdonald@gmail.com,(0115)4960637,96,91,True,
Alan Berry,alanberry@yahoo.com,+4429 2018 0219,55,77,False,Low score
Henry Garner,henrygarner@hotmail.com,+44(0)116 4960425,80,91,True,
Joyce Carter,joycecarter@hotmail.com,+441174960383,72,78,True,
Hazel Bennett,hazelbennett@hotmail.com,0292018345,86,79,True,
Emily Harris,emilyharris@hotmail.com,(0114) 496 0855,85,80,True,
Amy Murphy,amymurphy@yahoo.com,+44191 496 0951,66,85,True,
Julian Turner,julianturner@yahoo.com,(0115)4960757,96,68,False,Low attendance
Hugh Taylor,hughtaylor@hotmail.com,+44(0)306 999 0032,52,88,False,Low score
Mitchell Thornton,mitchellthornton@yahoo.com,+441144960179,86,93,True,
Joan Bell,joanbellS@hotmail.com,+44(0)141 4960547,57,81,False,Low score
Kevin Alexander,kevinalexander@hotmail.com,(0909)8790407,88,76,True,
Roger Griffiths,rogergriffiths@yahoo.com,+44115 4960278,71,94,True,
Bradley Kaur,bradleykaur@hotmail.com,+441614960796,60,87,True,
Barbara Atkinson,barbaraatkinson@hotmail.com,+44808 157 0317,74,84,True,
Jennifer Butler,jenniferbutler@gmail.com,0161 496 0834,92,76,True,
Tina Cunningham,tinacunningham@yahoo.com,(0116) 4960873,83,95,True,
Jean Dodd,jeandodd@hotmail.com,+44(0)131 4960068,96,96,True,
Cameron Morgan,cameronmorgan@yahoo.com,0289018167,83,83,True,
Tracey Ellis,traceyellis@hotmail.com,0113 4960924,86,77,True,
Abdul Allan,abdulallan@gmail.com,01164960139,67,79,True,
Lucy Arnold,lucyarnold@yahoo.com,+44(0)115 496 0000,85,99,True,
Gary Gardner,garygardner@hotmail.com,+44(0)1632960352,85,96,True,
Toby Greenwood,tobygreenwood@yahoo.com,+44114 496 0942,56,87,False,Low score
Glenn Anderson,glennanderson@gmail.com,+442074960873,99,92,True,
Timothy Booth,timothybooth@gmail.com,0131 496 0749,66,75,True,
John Banks,johnbanks@yahoo.com,+44(0)1174960422,87,79,True,
Allan Yates,allanyates@gmail.com,+44(0)28 9018 0464,66,95,True,
Scott Robinson,scottrobinson@hotmail.com,+441632 960 514,89,81,True,
Louis Ball,louisball@gmail.com,+44(0)9098790446,75,80,True,
Sara Stevens,sarastevens@yahoo.com,(0306)9990619,74,69,False,Low attendance
Ashley Ahmed,ashleyahmed@gmail.com,028 9018835,68,77,True,
Maureen Jones,maureenjones@hotmail.com,(0191) 496 0966,52,95,False,Low score
Owen Hall,owenhall@hotmail.com,(0117)4960477,83,67,False,Low attendance
Alison Saunders,alisonsaunders@hotmail.com,+44(0)28 9018917,94,90,True,
Lesley Stephens,lesleystephens@yahoo.com,(0161) 4960304,60,98,True,
Stewart Gardner,stewartgardner@gmail.com,+44118 496 0121,80,76,True,
Phillip Archer,philliparcher@hotmail.com,+44114 4960468,95,97,True,
Kevin Holden,kevinholden@gmail.com,+44(0)115 496 0023,79,77,True,
Stewart Marshall,stewartmarshall@yahoo.com,+44909 8790027,71,100,True,
Grace Watkins,gracewatkins@hotmail.com,+44(0)113 4960261,51,92,False,Low score
Michelle Williams,michellewilliams@gmail.com,(0191) 496 0293,96,80,True,
James Cook,jamescook@gmail.com,+441914960661,87,76,True,
Harriet Sanders,harrietsanders@yahoo.com,(0115)4960267,51,80,False,Low score
Bradley Charlton,bradleycharlton@hotmail.com,+44(0)20 74960621,95,76,True,
Aimee Hilton,aimeehilton@yahoo.com,+44(0)141 496 0129,61,84,True,
Tina Chapman,tinachapman@hotmail.com,0141 496 0833,60,73,True,
Gail Robinson,gailrobinson@hotmail.com,+44(0)114 4960417,55,68,False,Low score and Low attendance
Maureen Sims,maureensims@yahoo.com,+44(0)161 4960820,60,72,True,
Lynda Hopkins,lyndahopkins@yahoo.com,+44(0)808 1570503,62,81,True,
Neil Hamilton,neilhamilton@yahoo.com,+44(0)141 496 0428,69,79,True,
Katherine Davey,katherinedavey@hotmail.com,0118 496 0904,87,83,True,
Sara Law,saralaw@gmail.com,0306 9990819,71,91,True,
Bruce Moore,brucemoore@hotmail.com,(0114) 496 0832,61,89,True,
Kimberley Dixon,kimberleydixon@gmail.com,+448081570885,98,67,False,Low attendance
Sally Turner,sallyturner@hotmail.com,(01632) 960418,53,76,False,Low score
Gareth Bailey,garethbailey@hotmail.com,0116 4960001,54,75,False,Low score
Beverley Simmons,beverleysimmons@hotmail.com,0121 496 0718,91,90,True,
Ross Owens,rossowens@gmail.com,+44(0)1184960851,99,77,True,
Victoria Payne,victoriapayne@gmail.com,0115 4960158,52,65,False,Low score and Low attendance
Kevin Porter,kevinporter@yahoo.com,0141 4960460,78,96,True,
Nicola Burns,nicolaburns@gmail.com,+44(0)141 496 0234,58,91,False,Low score
Karl Morris,karlmorris@yahoo.com,0191 4960125,66,95,True,
Stephanie Ward,stephanieward@hotmail.com,+44(0)1414960516,94,91,True,
Abigail Moss,abigailmoss@hotmail.com,01614960618,85,90,True,
Adrian Jones,adrianjones@gmail.com,0118 496 0503,88,85,True,
Gavin Heath,gavinheath@yahoo.com,(0161)4960257,75,96,True,
Pamela Edwards,pamelaedwards@yahoo.com,+44(0)1144960950,92,65,False,Low attendance
Rebecca Wood,rebeccawood@hotmail.com,+44(0)1632 960256,75,99,True,
Josephine Andrews,josephineandrews@gmail.com,+44116 496 0899,66,93,True,
Stacey Lawson,staceylawson@yahoo.com,+44(0)1614960142,54,98,False,Low score
Jodie George,jodiegeorge@yahoo.com,(0909) 8790735,75,95,True,
Clare Field,clarefield@yahoo.com,01154960025,91,89,True,
Donald Dickinson,donalddickinson@gmail.com,+44(0)1214960790,57,72,False,Low score
Molly Collins,mollycollins@gmail.com,0131 4960228,60,94,True,
Paula Newton,paulanewton@hotmail.com,+44(0)1632960359,96,67,False,Low attendance
Victor Duffy,victorduffy@hotmail.com,+44116 496 0589,91,70,True,
Carl Baker,carlbaker@hotmail.com,+44(0)118 496 0668,50,77,False,Low score
Heather Tucker,heathertucker@yahoo.com,(0191) 496 0963,81,95,True,
Ben Holmes,benholmes@hotmail.com,+441632 960599,73,73,True,
Carl Stone,carlstone@yahoo.com,+44(0)117 4960189,98,98,True,
Dorothy Ford,dorothyford@yahoo.com,0121 496 0649,69,85,True,
Charlotte Daly,charlottedaly@yahoo.com,+4420 7496 0717,76,100,True,
Chloe Savage,chloesavage@gmail.com,+44(0)3069990524,98,86,True,
Kathleen Reynolds,kathleenreynolds@gmail.com,+44121 496 0142,88,94,True,
Joanne Williamson,joannewilliamson@hotmail.com,(0121) 496 0356,82,90,True,
Gerard Bentley,gerardbentley@hotmail.com,+44(0)9098790526,87,86,True,
Donald Hunt,donaldhunt@gmail.com,+44(0)118 496 0675,80,88,True,
Mark Booth,markbooth@hotmail.com,+44(0)1154960469,85,73,True,
Debra Morris,debramorris@gmail.com,+44909 879 0981,52,98,False,Low score
Vincent Bryant,vincentbryant@hotmail.com,+44(0)1154960180,65,91,True,
Geoffrey Johnson,geoffreyjohnson@hotmail.com,+44(0)29 2018430,56,88,False,Low score
Caroline Chapman,carolinechapman@yahoo.com,+44115 496 0036,52,67,False,Low score and Low attendance
Toby Reid,tobyreid@hotmail.com,01632 960 643,67,75,True,
Mandy Reynolds,mandyreynolds@hotmail.com,+441164960207,97,75,True,
Billy O'Neill,billyo'neill@yahoo.com,+44114 4960411,68,92,True,
Hayley Marshall,hayleymarshall@hotmail.com,+44121 4960110,91,75,True,
Cameron Miller,cameronmiller@yahoo.com,+441184960620,73,89,True,
Karen Woodward,karenwoodward@yahoo.com,+44808 1570649,82,80,True,
Barry Dodd,barrydodd@gmail.com,(0141) 496 0081,56,98,False,Low score
Danielle Ali,danielleali@yahoo.com,+441632960099,64,88,True,
Amelia Sullivan,ameliasullivan@yahoo.com,(028) 9018042,81,100,True,
Alan Knight,alanknight@yahoo.com,0114 4960611,53,76,False,Low score
Damien Price,damienprice@yahoo.com,+443069990732,78,88,True,
Kathryn Martin,kathrynmartin@hotmail.com,(0161)4960365,79,83,True,
Stuart Thompson,stuartthompson@yahoo.com,0909 879 0099,58,74,False,Low score
Brian Murray,brianmurray@gmail.com,0161 4960946,96,98,True,
William Scott,williamscott@yahoo.com,+44151 496 0923,94,67,False,Low attendance
