name,email,phone,score,attendance,passed,dropped_reason
Teresa Wong,teresawong@yahoo.com,+441174960794,71,97,True,
Joan Robinson,joanrobinson@yahoo.com,+44909 8790167,74,68,False,Low attendance
Joshua Brennan,joshuabrennan@gmail.com,+44114 496 0791,80,78,True,
Aaron Hart,aaronhart@yahoo.com,+4429 2018544,90,90,True,
Owen Field,owenfield@gmail.com,(01632) 960248,89,82,True,
Brett Carr,brettcarr@hotmail.com,+4428 9018 0081,68,72,True,
Lawrence Forster,lawrenceforster@gmail.com,0115 496 0274,53,95,False,Low score
Carl White,carlwhite@hotmail.com,(0115) 4960873,62,89,True,
Alexander Wright,alexanderwright@gmail.com,+44141 496 0740,62,80,True,
Brenda Harris,brendaharris@gmail.com,(01632) 960147,59,81,False,Low score
Hayley Harrison,hayleyharrisonm@gmail.com,(020) 74960181,85,81,True,
Donna Byrne,donnabyrne@hotmail.com,+44151 496 0119,77,80,True,
Arthur Price,arthurprice@yahoo.com,+44(0)121 4960662,73,98,True,
Wayne Williams,waynewilliams@gmail.com,0909 8790696,91,89,True,
William Jones,williamjones@gmail.com,0115 496 0478,79,88,True,
Abdul Green,abdulgreen@gmail.com,0121 4960696,79,81,True,
Hollie Browne,holliebrowne@hotmail.com,+44113 4960335,88,78,True,
Katherine Short,katherineshort@hotmail.com,0289018981,69,65,False,Low attendance
Stuart Bryant,stuartbryant@gmail.com,+44(0)1632960159,89,74,True,
Gavin Phillips,gavinphillips@hotmail.com,+44151 496 0896,100,70,True,
Nicholas Wilson,nicholaswilson@hotmail.com,(0117)4960096,67,94,True,
Joyce Woodward,joycewoodward@yahoo.com,(0131)4960279,60,96,True,
Steven Chapman,stevenchapman@hotmail.com,02074960665,100,97,True,
Amy Richards,amyrichards@gmail.com,+44(0)909 8790014,55,88,False,Low score
Frank Sykes,franksykes@hotmail.com,+4428 9018753,89,88,True,
Heather Wright,heatherwright@gmail.com,+44(0)20 7496 0979,73,99,True,
Terry Peters,terrypeters@yahoo.com,0306 999 0373,65,96,True,
Kerry Williamson,kerrywilliamson@yahoo.com,0113 4960411,79,72,True,
Sam Shaw,samshaw@yahoo.com,(029) 2018254,86,65,False,Low attendance
Barry Jones,barryjones@gmail.com,+44121 4960977,82,68,False,Low attendance
Julian Atkinson,julianatkinson@yahoo.com,0131 496 0358,98,93,True,
Rita Smith,ritasmith@hotmail.com,(0115) 496 0131,59,89,False,Low score
Karen Moore,karenmoore@gmail.com,(0808) 157 0830,59,78,False,Low score
Terence George,terencegeorge@yahoo.com,+44(0)161 4960679,98,98,True,
Leah Carter,leahcarter@gmail.com,+4420 7496 0926,59,94,False,Low score
Denis Rowley,denisrowley@hotmail.com,+44(0)117 4960026,68,97,True,
Kirsty O'Connor,kirstyo'connor@hotmail.com,08081570388,58,76,False,Low score
Geraldine Kay,geraldinekay@hotmail.com,(0909)8790574,53,93,False,Low score
Maureen Edwards,maureenedwards@hotmail.com,+44(0)151 4960239,100,92,True,
Joyce King,joyceking@hotmail.com,+449098790196,89,65,False,Low attendance
Matthew Lloyd,matthewlloyd@hotmail.com,01154960931,51,68,False,Low score and Low attendance
Joe Sharp,joesharp@hotmail.com,(0116) 496 0588,73,68,False,Low attendance
Gerald McCarthy,geraldmccarthy@yahoo.com,+44(0)161 496 0051,97,93,True,
Debra Coleman,debracoleman@gmail.com,02074960893,66,71,True,
Aaron Holt,aaronholt@yahoo.com,+44808 1570409,88,93,True,
Ian Wright,ianwright@gmail.com,+44(0)1514960847,50,72,False,Low score
Victor Ellis,victorellis@gmail.com,+44114 4960599,53,91,False,Low score
Victoria Patel,victoriapatel@gmail.com,+44(0)121 496 0487,99,71,True,
Gillian Thompson,gillianthompson@gmail.com,(0151) 4960011,69,81,True,
Rosie Khan,rosiekhan@yahoo.com,0116 4960335,84,98,True,
Jamie Hall,jamiehall@gmail.com,(0118) 4960939,67,70,True,
Terence Martin,terencemartin@gmail.com,(0116)4960620,55,65,False,Low score and Low attendance
William Hart,williamhart@hotmail.com,0808 157 0722,73,90,True,
Steven Holt,stevenholt@yahoo.com,+44(0)1214960096,92,93,True,
Ann Shepherd,annshepherd@yahoo.com,+44117 4960134,51,68,False,Low score and Low attendance
Rosie Harris,rosieharris@yahoo.com,029 2018 0631,78,87,True,
Georgia Phillips,georgiaphillips@gmail.com,+441514960594,100,76,True,
Nicola Parkes,nicolaparkes@yahoo.com,+44191 496 0361,87,76,True,
Leslie Russell,leslierussell@yahoo.com,(0117)4960592,80,76,True,
Gavin Price,gavinprice@gmail.com,+441914960680,57,69,False,Low score and Low attendance
Holly Graham,hollygraham@yahoo.com,01214960486,89,90,True,
Melanie Griffiths,melaniegriffiths@hotmail.com,01144960674,72,82,True,
Mohammad Brown,mohammadbrown@gmail.com,0114 496 0118,88,73,True,
Carly Khan,carlykhan@hotmail.com,+44(0)1414960251,63,67,False,Low attendance
Angela Harding,angelaharding@hotmail.com,(028) 9018123,76,68,False,Low attendance
Elizabeth McLean,elizabethmclean@hotmail.com,(0141) 496 0809,68,94,True,
Russell Khan,russellkhan@gmail.com,0115 4960965,60,97,True,
Tom Parker,tomparker@hotmail.com,+44118 496 0970,58,85,False,Low score
Fiona Hunter,fionahunter@yahoo.com,+44(0)909 879 0267,90,91,True,
Ross Hanson,rosshanson@yahoo.com,01614960096,84,86,True,
Tony Sharpe,tonysharpe@hotmail.com,+44(0)115 4960739,66,94,True,
Arthur Hutchinson,arthurhutchinson@gmail.com,(0113) 4960352,52,81,False,Low score
Gordon Morrison,gordonmorrison@yahoo.com,(028)9018825,61,84,True,
Susan Richards,susanrichards@yahoo.com,0115 4960250,81,67,False,Low attendance
Albert Andrews,albertandrews@gmail.com,+441632960261,72,100,True,
Bethan Thomas,bethanthomas@gmail.com,01614960662,67,70,True,
Tony Kirby,tonykirby@gmail.com,(0115)4960453,63,87,True,
Vanessa Davis,vanessadavis@yahoo.com,(0141)4960518,78,86,True,
Toby Howe,tobyhowe@yahoo.com,+448081570822,92,99,True,
Neil Middleton,neilmiddleton@hotmail.com,(0161) 496 0130,84,65,False,Low attendance
Albert Anderson,albertanderson@hotmail.com,+44(0)1134960169,98,95,True,
Dean Williams,deanwilliams@yahoo.com,0115 496 0426,75,66,False,Low attendance
Bernard Brown,bernardbrown@gmail.com,(0808)1570790,85,79,True,
Lawrence Smith,lawrencesmith@yahoo.com,01134960123,76,85,True,
Bryan Ward,bryanward@hotmail.com,+441154960872,74,98,True,
Sandra Dodd,sandradodd@hotmail.com,+44(0)1632 960 625,79,92,True,
Margaret Wood,margaretwood@hotmail.com,(0117) 496 0669,94,65,False,Low attendance
Alison Matthews,alisonmatthews@gmail.com,+44(0)808 157 0135,51,80,False,Low score
Lesley Byrne,lesleybyrne@hotmail.com,(0141) 4960626,93,93,True,
Sian Powell,sianpowell@hotmail.com,0141 4960632,98,73,True,
Robert Fisher,robertfisher@yahoo.com,+44(0)28 9018 0754,61,82,True,
Harriet Daniels,harrietdaniels@gmail.com,(0121) 496 0414,76,79,True,
Francesca Martin,francescamartin@yahoo.com,(0161)4960440,71,88,True,
Patrick Jones,patrickjones@yahoo.com,0808 157 0936,99,66,False,Low attendance
Mitchell James,mitchelljames@yahoo.com,(0151) 496 0575,95,82,True,
Paul Fuller,paulfuller@hotmail.com,(0191)4960979,69,80,True,
Linda Mason,lindamason@yahoo.com,0121 496 0423,55,74,False,Low score
Jordan Cox,jordancox@hotmail.com,(0131)4960171,67,65,False,Low attendance
Samuel Pugh,samuelpugh@gmail.com,+44115 496 0085,61,90,True,
Graeme Thomas,graemethomas@hotmail.com,+44(0)115 496 0979,54,80,False,Low score
Lauren Watts,laurenwatts@yahoo.com,+44191 4960104,90,89,True,
Wayne Berry,wayneberry@hotmail.com,+44131 496 0857,86,95,True,
Hilary Jones,hilaryjones@yahoo.com,08081570478,65,79,True,
George Thomas,georgethomas@gmail.com,+442074960842,83,86,True,
Ben Potts,benpotts@hotmail.com,01154960512,88,66,False,Low attendance
Jake Owens,jakeowens@gmail.com,(029) 2018 0547,76,97,True,
Francesca Wright,francescawright@gmail.com,0116 496 0781,93,79,True,
Toby Skinner,tobyskinner@gmail.com,+44(0)289018669,54,92,False,Low score
Lee Thornton,leethornton@gmail.com,+44(0)909 8790917,96,75,True,
Sally Bowen,sallybowen@gmail.com,(0116) 4960888,64,85,True,
Hilary Berry,hilaryberry@hotmail.com,(0191)4960699,70,94,True,
Frank Hope,frankhope@yahoo.com,(0306)9990156,55,77,False,Low score
Maureen Hughes,maureenhughes@yahoo.com,+44(0)1214960438,63,92,True,
Glenn Lane,glennlane@yahoo.com,+4428 9018464,73,98,True,
Marc Alexander,marcalexander@gmail.com,(0151) 4960459,98,84,True,
Dennis Baker,dennisbaker@hotmail.com,+44118 4960267,93,83,True,
Howard Watkins,howardwatkins@yahoo.com,0306 9990342,64,78,True,
Douglas Cook,douglascook@hotmail.com,(029) 2018217,56,75,False,Low score
Thomas Page,thomaspage@yahoo.com,+44118 4960674,69,97,True,
Graeme Walker,graemewalker@gmail.com,(0113)4960242,54,88,False,Low score
Clare Hill,clarehill@yahoo.com,+44(0)1154960007,79,73,True,
Jordan Barker,jordanbarker@hotmail.com,+44(0)306 9990307,85,93,True,
Charlotte Butler,charlottebutler@gmail.com,+441134960757,85,99,True,
Marcus Pritchard,marcuspritchard@gmail.com,+44(0)1164960836,78,86,True,
Abdul Little,abdullittle@gmail.com,+441154960779,89,80,True,
Jamie Hyde,jamiehyde@gmail.com,0118 496 0295,83,71,True,
Bruce Hall,brucehall@yahoo.com,(029) 2018 0446,75,85,True,
Lynda Chandler,lyndachandler@gmail.com,+44306 999 0806,94,89,True,
Rebecca Gardner,rebeccagardner@hotmail.com,+44131 496 0618,84,76,True,
Richard Hall,richardhall@hotmail.com,+44306 9990232,72,68,False,Low attendance
Georgina Smith,georginasmith@hotmail.com,+441632 960072,85,74,True,
Hugh Harris,hughharris@hotmail.com,+44118 496 0479,89,99,True,
Lewis Davies,lewisdavies@gmail.com,+44(0)151 4960812,83,68,False,Low attendance
Frederick Robson,frederickrobson@hotmail.com,(0151) 4960731,59,77,False,Low score
Victor Hancock,victorhancock@yahoo.com,0117 4960129,84,76,True,
Ryan Morris,ryanmorris@hotmail.com,+44131 4960629,55,65,False,Low score and Low attendance
Lynne Barton,lynnebarton@yahoo.com,+44(0)117 4960675,60,93,True,
Julia Carter,juliacarter@hotmail.com,02074960106,56,76,False,Low score
Jay Perry,jayperry@gmail.com,(0113)4960845,65,98,True,
Tony Lloyd,tonylloyd@hotmail.com,0115 496 0148,72,92,True,
Kyle Stewart,kylestewart@hotmail.com,01632 960 096,56,90,False,Low score
Peter Randall,peterrandall@hotmail.com,+441184960675,51,90,False,Low score
Peter Williams,peterwilliams@gmail.com,+443069990513,81,67,False,Low attendance
John Owen,johnowen@hotmail.com,+44(0)9098790123,80,93,True,
Glen Young,glenyoung@hotmail.com,+448081570049,79,99,True,
Andrew Mitchell,andrewmitchell@yahoo.com,(0114) 496 0626,84,71,True,
Kathryn Johnson,kathrynjohnson@gmail.com,0306 9990267,82,85,True,
John Evans,johnevans@hotmail.com,+441154960968,69,86,True,
John Barton,johnbarton@yahoo.com,(028) 9018460,61,96,True,
Jordan Marsh,jordanmarsh@gmail.com,+441614960658,57,97,False,Low score
Graeme Clark,graemeclark@gmail.com,(020) 74960758,78,68,False,Low attendance
Geraldine Patel,geraldinepatel@yahoo.com,+44(0)151 496 0526,71,86,True,
Angela Kay,angelakay@hotmail.com,+441154960688,59,92,False,Low score
Frederick Green,frederickgreen@yahoo.com,0116 4960556,95,69,False,Low attendance
Jennifer Fuller,jenniferfuller@gmail.com,(020) 74960652,99,76,True,
Fiona Stevens,fionastevens@hotmail.com,(028)9018044,74,87,True,
Ian Hall,ianhall@gmail.com,(01632)960952,78,76,True,
Ashleigh Browne,ashleighbrowne@gmail.com,+44(0)8081570513,95,91,True,
Geoffrey Harris,geoffreyharris@gmail.com,01314960566,76,81,True,
Claire Roberts,claireroberts@hotmail.com,+44(0)121 4960985,96,99,True,
Eleanor Collins,eleanorcollins@yahoo.com,+44(0)117 496 0901,91,98,True,
Lorraine Ali,lorraineali@yahoo.com,0151 496 0691,73,83,True,
Sam Butler,sambutler@yahoo.com,02074960883,53,67,False,Low score and Low attendance
Nicholas Hawkins,nicholashawkins@gmail.com,+44116 496 0055,64,76,True,
Rachael Goodwin,rachaelgoodwin@gmail.com,(0191)4960649,61,88,True,
Marian Chapman,marianchapman@gmail.com,+44(0)1154960161,82,79,True,
Mandy Bradley,mandybradley@gmail.com,02074960920,96,80,True,
Charles Holloway,charlesholloway@gmail.com,+44(0)117 496 0903,78,81,True,
Rosie Kelly,rosiekelly@hotmail.com,01514960019,80,88,True,
Alan Parker,alanparker@gmail.com,+44117 496 0716,55,75,False,Low score
Adam Jones,adamjones@hotmail.com,0161 4960582,77,69,False,Low attendance
Lindsey Jones,lindseyjones@gmail.com,(0191)4960905,66,65,False,Low attendance
Louis Flynn,louisflynn@hotmail.com,028 9018906,64,84,True,
Abigail Morrison,abigailmorrison@yahoo.com,+44(0)118 4960388,69,90,True,
Wendy Whitehouse,wendywhitehouse@gmail.com,01632960637,63,88,True,
Max Miah,maxmiah@hotmail.com,+44151 496 0259,86,72,True,
Ashley Poole,ashleypoole@hotmail.com,01614960414,94,81,True,
Joanne Moore,joannemoore@gmail.com,01632 960160,80,66,False,Low attendance
Anne Booth,annebooth@gmail.com,(0116) 496 0392,67,78,True,
Lynn Lucas,lynnlucas@gmail.com,(0141) 496 0113,95,96,True,
Jasmine Marshall,jasminemarshall@gmail.com,(028)9018913,53,78,False,Low score
Oliver Sykes,oliversykes@yahoo.com,0909 879 0192,92,96,True,
Megan Duncan,meganduncan@yahoo.com,+44(0)1314960249,77,66,False,Low attendance
Kerry Begum,kerrybegum@hotmail.com,0151 496 0937,84,86,True,
Carolyn Martin,carolynmartin@gmail.com,+441164960962,63,87,True,
Danny Simpson,dannysimpson@gmail.com,+441174960631,81,98,True,
Geoffrey Turner,geoffreyturnerH@yahoo.com,09098790702,84,76,True,
Carol Jones,caroljonesM@hotmail.com,(0191) 496 0737,63,73,True,
David Davies,daviddavies@hotmail.com,(0191)4960150,63,86,True,
Lisa Harris,lisaharris@hotmail.com,+44(0)113 496 0439,59,91,False,Low score
Hugh Price,hughprice@gmail.com,+441184960262,65,94,True,
Melissa Hughes,melissahughes@hotmail.com,01632 960364,53,82,False,Low score
Jay Nicholls,jaynicholls@yahoo.com,0191 4960900,67,67,False,Low attendance
Nigel Smith,nigelsmithS@gmail.com,01174960452,60,89,True,
Kathryn Robertson,kathrynrobertson@hotmail.com,+44(0)1214960845,84,90,True,
Glen Davies,glendavies@hotmail.com,(0118)4960593,73,88,True,
Ross Briggs,rossbriggs@hotmail.com,(0306) 9990337,92,75,True,
Lorraine Howarth,lorrainehowarth@gmail.com,+441164960981,95,71,True,
Ashleigh Smith,ashleighsmithf@hotmail.com,(028) 9018905,82,87,True,
Carly Edwards,carlyedwards@gmail.com,+44(0)1632 960 920,88,72,True,
Karl Stone,karlstone@hotmail.com,+44(0)306 9990952,95,65,False,Low attendance
Elliott Hall,elliotthall@gmail.com,+44131 496 0275,67,76,True,
Pauline Clark,paulineclark@gmail.com,+44(0)1134960921,65,97,True,
Michael Robinson,michaelrobinson@gmail.com,+441164960994,89,88,True,
Lorraine Wilson,lorrainewilson0@yahoo.com,(0808)1570101,96,86,True,
Abbie Singh,abbiesingh@hotmail.com,+44(0)116 496 0624,94,94,True,
Benjamin Hall,benjaminhall@hotmail.com,+44289018024,93,91,True,
Olivia Williams,oliviawilliams@gmail.com,+44292018599,75,78,True,
Samantha Gibson,samanthagibson@yahoo.com,+44(0)151 4960121,96,73,True,
Josh Thornton,joshthornton@hotmail.com,01144960533,72,96,True,
Jade Barnes,jadebarnes@yahoo.com,(0116) 4960819,90,89,True,
Jodie Watts,jodiewatts@yahoo.com,(0116) 496 0960,50,97,False,Low score
Denis Clarke,denisclarke@yahoo.com,+44(0)118 4960900,88,78,True,
Marilyn Jones,marilynjones@gmail.com,+44141 496 0180,78,93,True,
Leon Martin,leonmartin@yahoo.com,(0118)4960201,98,84,True,
Kenneth Bray,kennethbray@yahoo.com,+44(0)3069990314,74,91,True,
Dorothy Smith,dorothysmith@yahoo.com,0289018470,77,67,False,Low attendance
Colin Brown,colinbrown@hotmail.com,+44306 999 0136,94,70,True,
Owen Cartwright,owencartwright@gmail.com,+44118 496 0001,79,83,True,
Martyn Williams,martynwilliams@gmail.com,+44(0)151 496 0335,89,96,True,
Joe Smith,joesmith@yahoo.com,+44(0)3069990876,93,83,True,
Joel Phillips,joelphillips@gmail.com,028 9018 0714,86,98,True,
Aimee Smith,aimeesmith@yahoo.com,+44(0)1174960940,82,100,True,
Molly Brown,mollybrown@yahoo.com,+441632 960 136,90,76,True,
Terence Richards,terencerichards@hotmail.com,0118 496 0567,56,73,False,Low score
Josephine Carter,josephinecarter@hotmail.com,01414960925,83,80,True,
Clare McDonald,claremcdonald@gmail.com,03069990106,97,70,True,
Maureen Hughes,maureenhughes@hotmail.com,02074960876,72,92,True,
Sally Mason,sallymason@hotmail.com,+441314960119,96,99,True,
Eileen Burton,eileenburton@gmail.com,(0116) 4960316,75,85,True,
Bethany Matthews,bethanymatthews@hotmail.com,+44(0)808 157 0301,50,95,False,Low score
Tina Evans,tinaevans@hotmail.com,(020) 7496 0120,60,96,True,
Philip Curtis,philipcurtis@hotmail.com,029 2018922,81,82,True,
Dawn Hunter,dawnhunter@yahoo.com,(0131)4960638,65,91,True,
Molly Johnson,mollyjohnson@gmail.com,(029)2018027,66,93,True,
Megan Stephens,meganstephens@hotmail.com,+44(0)1174960916,55,98,False,Low score
Eileen Edwards,eileenedwards@hotmail.com,+44292018887,78,65,False,Low attendance
Billy Parsons,billyparsons@hotmail.com,0113 4960381,62,83,True,
Vanessa Foster,vanessafoster@yahoo.com,(0151)4960387,83,73,True,
Kim Morgan,kimmorgan@yahoo.com,(0151) 4960804,63,85,True,
Lorraine Hobbs,lorrainehobbs@yahoo.com,01154960274,97,71,True,
Dorothy Thompson,dorothythompson@gmail.com,0161 4960572,86,82,True,
Adrian Burgess,adrianburgess@hotmail.com,0909 879 0656,66,93,True,
Gail Walters,gailwalters@gmail.com,+44(0)116 496 0856,64,92,True,
Frances Davis,francesdavis@hotmail.com,+44(0)118 496 0822,69,87,True,
Michael Leonard,michaelleonard@yahoo.com,+44131 4960086,75,68,False,Low attendance
Christine Hussain,christinehussain@gmail.com,0113 496 0113,61,94,True,
Karen Hunter,karenhunter@gmail.com,+44113 496 0689,100,94,True,
Carolyn Moore,carolynmoore@hotmail.com,+44(0)121 496 0497,83,84,True,
Irene Wilson,irenewilson@gmail.com,(0121) 496 0567,77,87,True,
Clifford Fowler,cliffordfowler@yahoo.com,0131 4960803,62,99,True,
Albert Hancock,alberthancock@gmail.com,(020)74960345,54,76,False,Low score
Diane Howard,dianehoward@yahoo.com,(028) 9018325,55,89,False,Low score
Stewart Lewis,stewartlewis@hotmail.com,(0121) 496 0218,76,89,True,
Joseph Hunter,josephhunter@yahoo.com,02074960238,58,90,False,Low score
Linda Alexander,lindaalexander@yahoo.com,(0118) 496 0614,62,82,True,
Joshua Ward,joshuaward@gmail.com,0131 496 0193,75,66,False,Low attendance
Damian Curtis,damiancurtis@gmail.com,+44306 9990167,67,95,True,
Jasmine Gallagher,jasminegallagher@gmail.com,+441174960723,94,84,True,
Norman Edwards,normanedwards@gmail.com,0116 496 0086,68,71,True,
Gillian Cook,gilliancook@gmail.com,+441914960906,52,99,False,Low score
Robert Chamberlain,robertchamberlain@gmail.com,(0131)4960415,77,66,False,Low attendance
Elliott Blake,elliottblake@yahoo.com,+44(0)161 4960900,81,68,False,Low attendance
Josephine Duffy,josephineduffy@yahoo.com,0118 4960951,65,99,True,
Alexandra O'Brien,alexandrao'brien@yahoo.com,+44(0)28 9018255,50,95,False,Low score
Christine Cox,christinecox@yahoo.com,029 2018 0072,59,91,False,Low score
Melanie Edwards,melanieedwards@gmail.com,(0161) 496 0516,75,83,True,
Mark Stevenson,markstevenson@yahoo.com,+44141 496 0521,57,66,False,Low score and Low attendance
Victor Gould,victorgould@hotmail.com,+44(0)1134960786,84,85,True,
Kenneth Peters,kennethpeters@gmail.com,+44118 4960704,91,92,True,
Brenda Chandler,brendachandler@hotmail.com,(0118)4960484,55,76,False,Low score
Aaron Richardson,aaronrichardson@yahoo.com,+441632 960 089,65,91,True,
Thomas Ross,thomasross@yahoo.com,(0808) 157 0555,78,83,True,
Jacob Evans,jacobevans@gmail.com,(0116) 4960495,94,88,True,
Jasmine Leonard,jasmineleonard@hotmail.com,01214960906,63,87,True,
Ben Humphries,benhumphries@gmail.com,(0121) 496 0846,89,65,False,Low attendance
Yvonne Finch,yvonnefinch@gmail.com,+441154960665,64,88,True,
Charles Jackson,charlesjackson@hotmail.com,(01632) 960 194,95,75,True,
Jasmine Phillips,jasminephillips@gmail.com,+441632 960406,84,73,True,
Christian Kerr,christiankerr@hotmail.com,+442074960100,63,76,True,
Kathleen Young,kathleenyoung@gmail.com,01164960303,90,68,False,Low attendance
Albert Dunn,albertdunn@hotmail.com,+44(0)141 4960075,51,80,False,Low score
Glen Stewart,glenstewart@gmail.com,+44161 496 0965,100,91,True,
Luke Begum,lukebegum@hotmail.com,(0161) 496 0602,69,93,True,
Daniel Bird,danielbird@yahoo.com,+441632 960 436,65,65,False,Low attendance
Christian Ahmed,christianahmed@yahoo.com,+44(0)115 4960258,56,100,False,Low score
Patricia Coles,patriciacoles@hotmail.com,+44(0)306 9990893,53,96,False,Low score
Harry Harper,harryharper@yahoo.com,029 2018340,92,75,True,
Linda Tomlinson,lindatomlinson@yahoo.com,+44161 4960520,74,79,True,
Albert Clarke,albertclarke@hotmail.com,(0306) 9990036,92,76,True,
Steven Walker,stevenwalker@gmail.com,01184960697,90,77,True,
Paige Lynch,paigelynch@yahoo.com,+44(0)306 999 0642,60,68,False,Low attendance
Francis Ali,francisali@yahoo.com,(028) 9018269,83,77,True,
Alison Jenkins,alisonjenkins@hotmail.com,+44(0)121 4960673,98,99,True,
Howard Dunn,howarddunn@yahoo.com,+44(0)1174960570,78,71,True,
Vanessa White,vanessawhite@yahoo.com,+441632960814,73,84,True,
Stewart Mellor,stewartmellor@gmail.com,(0113) 4960667,97,95,True,
Jacob Mann,jacobmann@yahoo.com,+44(0)118 4960645,92,69,False,Low attendance
Gemma Clark,gemmaclark@yahoo.com,(0151)4960617,57,66,False,Low score and Low attendance
Declan Gibson,declangibson@gmail.com,(0131) 496 0478,72,76,True,
Alice Rice,alicerice@gmail.com,+44(0)28 9018410,54,88,False,Low score
Ruth George,ruthgeorge@hotmail.com,+44(0)161 496 0500,73,66,False,Low attendance
Alison White,alisonwhite@hotmail.com,+44191 4960049,98,86,True,
Nicholas Short,nicholasshort@yahoo.com,0118 4960669,69,81,True,
Adrian Jones,adrianjonesQ@gmail.com,01314960908,63,78,True,
Judith White,judithwhitep@hotmail.com,+44(0)8081570704,64,78,True,
Julia Lyons,julialyons@hotmail.com,+441164960555,65,80,True,
Dean Cook,deancook@gmail.com,+44(0)121 496 0159,61,65,False,Low attendance
Leonard Lynch,leonardlynch@hotmail.com,+44(0)909 879 0888,52,69,False,Low score and Low attendance
Shannon Preston,shannonpreston@yahoo.com,+44(0)1632960012,100,95,True,
Leon Frost,leonfrost@yahoo.com,+441414960867,85,68,False,Low attendance
Beverley Davison,beverleydavison@gmail.com,0909 8790893,64,94,True,
Amber Wheeler,amberwheeler@gmail.com,(0121) 496 0085,81,80,True,
Suzanne Jones,suzannejones@hotmail.com,+44(0)1614960560,90,69,False,Low attendance
Michelle Taylor,michelletaylor@hotmail.com,0306 999 0522,53,80,False,Low score
Nicholas Payne,nicholaspayne@yahoo.com,(0191) 4960438,77,84,True,
James Thomas,jamesthomas@gmail.com,+44(0)1614960850,68,75,True,
Barry Johnson,barryjohnson@hotmail.com,+441414960448,62,96,True,
Victor Bailey,victorbailey@yahoo.com,+44808 157 0016,54,81,False,Low score
Vincent Thornton,vincentthornton@hotmail.com,+441174960716,100,97,True,
Alexander Clarke,alexanderclarke@hotmail.com,0117 496 0134,73,84,True,
Dawn Hall,dawnhall@gmail.com,(0121)4960855,51,73,False,Low score
Robert Gordon,robertgordon@yahoo.com,(0191) 4960974,99,71,True,
Sharon Johnston,sharonjohnston@yahoo.com,01614960736,100,67,False,Low attendance
Janice Evans,janiceevans@hotmail.com,(0117) 4960310,87,86,True,
Carly Mills,carlymills@gmail.com,(0306) 999 0500,55,87,False,Low score
Joshua Baker,joshuabaker@gmail.com,(01632)960682,97,92,True,
Eric Collins,ericcollins@yahoo.com,+44151 496 0609,80,78,True,
Joshua Cooper,joshuacooper@hotmail.com,+44(0)808 157 0847,64,85,True,
Frank Fox,frankfox@hotmail.com,0114 496 0775,65,83,True,
Marie Gray,mariegray@hotmail.com,(020)74960819,77,95,True,
Yvonne Robertson,yvonnerobertson@gmail.com,+44(0)118 496 0816,85,91,True,
Harriet Brown,harrietbrown@hotmail.com,+44(0)141 4960191,84,68,False,Low attendance
Wayne Mitchell,waynemitchell@yahoo.com,+44(0)1314960447,96,65,False,Low attendance
Jamie Taylor,jamietaylor@yahoo.com,+44(0)161 4960867,51,78,False,Low score
Annette Hughes,annettehughes@yahoo.com,+44289018856,57,69,False,Low score and Low attendance
Natalie Ashton,natalieashton@yahoo.com,(0191) 4960918,96,98,True,
Phillip Brooks,phillipbrooks@yahoo.com,+44(0)121 496 0434,82,100,True,
Zoe Shah,zoeshah@yahoo.com,+4429 2018 0194,75,80,True,
Shaun Smith,shaunsmith@yahoo.com,0115 4960119,92,73,True,
Hazel Harding,hazelharding@gmail.com,+44(0)28 9018 0178,99,98,True,
Jeremy Weston,jeremyweston@hotmail.com,029 2018 0132,60,69,False,Low attendance
Deborah Hughes,deborahhughes@yahoo.com,020 74960573,68,100,True,
Kenneth Phillips,kennethphillips@yahoo.com,(0117) 4960210,51,99,False,Low score
Alice Newman,alicenewman@yahoo.com,+441314960533,58,92,False,Low score
Anthony Mellor,anthonymellor@hotmail.com,+44(0)3069990691,89,79,True,
Sam Law,samlaw@yahoo.com,+44(0)151 496 0700,54,91,False,Low score
Billy Lambert,billylambert@gmail.com,+44(0)1514960098,73,71,True,
Leonard Macdonald,leonardmacdonald@hotmail.com,0118 4960573,74,97,True,
Vanessa Robinson,vanessarobinson@gmail.com,09098790561,64,87,True,
Sam Mason,sammason@yahoo.com,(0191) 496 0008,61,90,True,
Jordan Jackson,jordanjackson@hotmail.com,+441914960421,75,69,False,Low attendance
Katie Jennings,katiejennings@hotmail.com,(0808) 157 0233,68,66,False,Low attendance
Stacey Richards,staceyrichards@gmail.com,(0117)4960566,74,73,True,
Lauren Dawson,laurendawson@yahoo.com,01414960123,99,74,True,
Richard Stone,richardstone@yahoo.com,(0115) 4960809,71,92,True,
Judith Edwards,judithedwards@gmail.com,(0113) 4960530,65,72,True,
Jean Savage,jeansavage@yahoo.com,02074960630,60,67,False,Low attendance
Joshua Norris,joshuanorris@yahoo.com,+44114 4960969,78,99,True,
Kenneth Hutchinson,kennethhutchinson@hotmail.com,020 7946 0544,75,84,True,
Alex Wallace,alexwallace@yahoo.com,(0115) 496 0731,78,97,True,
Ryan Hughes,ryanhughes@hotmail.com,+44(0)121 496 0372,63,75,True,
Amelia Bradley,ameliabradley@hotmail.com,(0121) 496 0172,75,79,True,
Leonard Williamson,leonardwilliamson@hotmail.com,+44(0)117 4960608,74,74,True,
Jill Parsons,jillparsons@yahoo.com,0151 496 0045,53,88,False,Low score
Jordan Mann,jordanmann@gmail.com,+441314960376,65,92,True,
Joel Page,joelpage@hotmail.com,+44151 496 0031,61,74,True,
Justin Henderson,justinhenderson@yahoo.com,(0117) 496 0859,69,96,True,
Mohammed Spencer,mohammedspencer@gmail.com,+44(0)8081570637,56,88,False,Low score
Damien Taylor,damientaylor@hotmail.com,+44141 496 0148,65,87,True,
Callum Davies,callumdavies@yahoo.com,+441632 960062,58,82,False,Low score
Sean Andrews,seanandrews@gmail.com,(0161)4960453,58,99,False,Low score
Cameron Townsend,camerontownsend@hotmail.com,01632 960795,87,68,False,Low attendance
Marian Connolly,marianconnolly@yahoo.com,+44(0)28 9018417,97,81,True,
Amelia Schofield,ameliaschofield@gmail.com,(0306)9990224,82,80,True,
June Brown,junebrown@yahoo.com,+44(0)29 2018 0829,81,68,False,Low attendance
Amanda Simpson,amandasimpson@hotmail.com,0114 4960637,100,93,True,
Sylvia Atkinson,sylviaatkinson@yahoo.com,(0909) 879 0538,56,95,False,Low score
Geraldine Porter,geraldineporter@hotmail.com,(0131) 4960696,80,78,True,
Lauren Bentley,laurenbentley@hotmail.com,+44(0)20 74960836,92,78,True,
Paula Davies,pauladavies@yahoo.com,+441514960549,97,71,True,
Claire Hale,clairehale@yahoo.com,(029)2018415,84,65,False,Low attendance
Mark Jones,markjones@yahoo.com,+44117 4960815,55,77,False,Low score
Malcolm Henry,malcolmhenry@hotmail.com,01214960258,67,86,True,
Angela Mann,angelamann@gmail.com,01134960991,81,71,True,
James Kent,jameskent@hotmail.com,+4428 9018241,83,92,True,
Abigail Dixon,abigaildixon@hotmail.com,+44(0)28 9018 0617,98,80,True,
Phillip Johnson,phillipjohnson@hotmail.com,0151 496 0893,54,71,False,Low score
Patricia Evans,patriciaevans@gmail.com,(0151)4960834,95,71,True,
Ellie Burgess,ellieburgess@gmail.com,03069990614,81,96,True,
Judith White,judithwhite@gmail.com,(0117) 496 0281,62,74,True,
Ann Smith,annsmith@hotmail.com,+44(0)1632 960356,77,65,False,Low attendance
Oliver Smith,oliversmith@yahoo.com,+44117 496 0153,60,97,True,
Lynn Mason,lynnmason@yahoo.com,0292018705,100,100,True,
Yvonne Nash,yvonnenash@gmail.com,+4420 7496 0441,63,70,True,
Katherine Evans,katherineevans@gmail.com,+44(0)909 879 0408,91,65,False,Low attendance
Albert Gibson,albertgibson@gmail.com,+44116 496 0708,66,93,True,
Maurice Sheppard,mauricesheppard@gmail.com,(0306)9990499,95,79,True,
Hazel Bell,hazelbell@yahoo.com,+44(0)20 7496 0933,85,84,True,
Jamie Morris,jamiemorris@gmail.com,+44(0)1214960315,91,67,False,Low attendance
