name,email,phone,score,attendance,passed,dropped_reason
Gerald Hunt,geraldhunt@gmail.com,01914960825,65,83,True,
Joel Leonard,joelleonard@hotmail.com,028 9018 0352,76,95,True,
John Williams,johnwilliams@yahoo.com,01632960581,50,92,False,Low score
Kerry Smith,kerrysmith@yahoo.com,+44(0)117 496 0557,87,67,False,Low attendance
Kathryn Smith,kathrynsmith@yahoo.com,(0114) 4960915,74,87,True,
Rosemary Hudson,rosemaryhudson@yahoo.com,01632 960523,78,88,True,
Rachel Martin,rachelmartin@yahoo.com,+44(0)3069990473,50,81,False,Low score
Alex Wood,alexwood@hotmail.com,0131 4960170,76,86,True,
Stephanie Pritchard,stephaniepritchard@gmail.com,01614960418,54,100,False,Low score
Marc Walton,marcwalton@gmail.com,+4420 74960113,51,68,False,Low score and Low attendance
Cheryl Jones,cheryljones@gmail.com,0116 496 0179,67,100,True,
Christian Adams,christianadams@hotmail.com,020 7946 0283,76,82,True,
Jean King,jeanking@hotmail.com,+44(0)292018801,63,68,False,Low attendance
Alexander Robinson,alexanderrobinson@gmail.com,(020) 74960356,61,68,False,Low attendance
Danielle Winter,daniellewinter@hotmail.com,+44(0)306 999 0756,83,78,True,
Amy Evans,amyevans@hotmail.com,0909 879 0890,66,90,True,
Kelly Robertson,kellyrobertson@yahoo.com,+449098790409,80,91,True,
Eleanor Bennett,eleanorbennett@yahoo.com,+449098790621,69,97,True,
Tracy Jackson,tracyjackson@gmail.com,+44(0)161 4960079,54,74,False,Low score
Brett Warren,brettwarren@yahoo.com,(0114)4960099,75,96,True,
Grace Parker,graceparker@hotmail.com,(0306) 9990895,100,75,True,
Kate Cox,katecox@hotmail.com,(0131) 496 0445,77,100,True,
Sam Humphreys,samhumphreys@yahoo.com,+44(0)9098790879,80,89,True,
Wayne Knight,wayneknight@hotmail.com,+44(0)161 496 0238,55,79,False,Low score
Louise Carter,louisecarter@yahoo.com,01214960826,95,82,True,
Gail Matthews,gailmatthewsK@gmail.com,0131 4960988,69,85,True,
Natalie Ellis,natalieellis@yahoo.com,+44(0)1134960614,55,90,False,Low score
Roger Reid,rogerreid@hotmail.com,(0114)4960502,79,87,True,
Cameron Parker,cameronparker@gmail.com,(020) 7496 0625,83,96,True,
Elaine Wilson,elainewilson@yahoo.com,+44118 4960315,60,82,True,
Mitchell Wells,mitchellwells@gmail.com,+44(0)131 4960298,52,75,False,Low score
Wayne Grant,waynegrant@hotmail.com,+44292018507,60,85,True,
Harriet Clark,harrietclark@gmail.com,+441632 960131,93,68,False,Low attendance
Conor Miles,conormiles@hotmail.com,(0141) 4960373,95,86,True,
Gary Moss,garymoss@gmail.com,+4429 2018781,81,95,True,
Hilary Reeves,hilaryreeves@gmail.com,+44(0)3069990292,53,100,False,Low score
Ross Wade,rosswade@yahoo.com,+44289018892,70,69,False,Low attendance
Scott Freeman,scottfreeman@gmail.com,+44808 157 0901,58,100,False,Low score
Elliott Whittaker,elliottwhittaker@yahoo.com,028 9018 0353,67,88,True,
Pauline McDonald,paulinemcdonald@gmail.com,(0121)4960498,71,72,True,
Louise Doherty,louisedoherty@hotmail.com,(028) 9018705,64,79,True,
Lawrence Houghton,lawrencehoughton@hotmail.com,08081570434,61,79,True,
Bryan Stephens,bryanstephens@yahoo.com,(0118) 4960103,75,81,True,
Harry Wallis,harrywallis@yahoo.com,01184960268,63,88,True,
Tony Watson,tonywatson@gmail.com,(01632) 960 911,61,72,True,
Kyle Singh,kylesingh@yahoo.com,(0121)4960981,95,93,True,
Gareth Martin,garethmartin@hotmail.com,(0116) 496 0148,75,88,True,
Garry Harris,garryharris@hotmail.com,(028)9018022,94,81,True,
Megan Berry,meganberry@yahoo.com,(0116) 4960519,50,92,False,Low score
Deborah Jones,deborahjones@hotmail.com,(0909) 8790899,99,86,True,
Edward Blake,edwardblake@yahoo.com,(0161) 496 0648,60,90,True,
Conor Williamson,conorwilliamson@hotmail.com,(0306) 9990831,56,90,False,Low score
Matthew Hooper,matthewhooper@gmail.com,(0115)4960288,65,71,True,
Jill Thomas,jillthomas@gmail.com,(0808) 1570486,51,71,False,Low score
Debra Higgins,debrahiggins@gmail.com,+44808 157 0243,93,75,True,
Stanley O'Neill,stanleyo'neill@gmail.com,+44(0)289018609,94,83,True,
Tracy Shah,tracyshah@hotmail.com,0121 496 0072,73,69,False,Low attendance
Trevor Walker,trevorwalker@hotmail.com,0116 496 0217,88,96,True,
Lisa Vaughan,lisavaughan@yahoo.com,(0117)4960010,82,73,True,
Anna Randall,annarandall@hotmail.com,028 9018 0112,72,66,False,Low attendance
Matthew Alexander,matthewalexander@hotmail.com,(0306) 9990816,77,97,True,
Anne Owen,anneowen@yahoo.com,0131 496 0380,67,69,False,Low attendance
Kimberley Fleming,kimberleyfleming@hotmail.com,0141 4960948,59,85,False,Low score
Anthony Wilson,anthonywilson@yahoo.com,(028) 9018561,58,92,False,Low score
Lindsey Williams,lindseywilliams@hotmail.com,(0191)4960261,91,79,True,
Denise Simmons,denisesimmons@hotmail.com,+44(0)118 4960852,98,95,True,
Glenn Wood,glennwood@yahoo.com,(01632) 960 618,64,98,True,
Albert Saunders,albertsaunders@yahoo.com,+442074960123,79,78,True,
Tony Barlow,tonybarlow@gmail.com,+44(0)20 74960055,80,75,True,
Thomas Morgan,thomasmorgan@yahoo.com,01632 960 345,95,99,True,
Charles James,charlesjames@gmail.com,+44(0)1144960333,58,71,False,Low score
Eric Morris,ericmorris@yahoo.com,+44113 4960415,81,83,True,
Jeremy Howell,jeremyhowell@hotmail.com,0113 496 0097,92,90,True,
Harriet Smart,harrietsmart@gmail.com,(0117) 496 0537,50,81,False,Low score
Tracy Baldwin,tracybaldwin@gmail.com,(0115) 4960572,74,94,True,
Rhys Phillips,rhysphillips@yahoo.com,+44(0)9098790971,77,70,True,
Jade Thornton,jadethornton@gmail.com,01632 960829,55,77,False,Low score
Terence Black,terenceblack@yahoo.com,+4429 2018 0025,56,73,False,Low score
Leon Miles,leonmiles@yahoo.com,(0116)4960800,76,88,True,
Joel Clements,joelclements@gmail.com,0161 4960292,68,91,True,
Duncan Freeman,duncanfreeman@yahoo.com,(0306) 9990911,73,89,True,
Jade Shaw,jadeshaw@hotmail.com,(0808)1570368,61,70,True,
Rhys Russell,rhysrussell@yahoo.com,(0131) 4960624,60,88,True,
Owen Farmer,owenfarmer@hotmail.com,(0117)4960842,81,100,True,
Yvonne Jennings,yvonnejennings@gmail.com,+441174960998,89,80,True,
Georgia Hughes,georgiahughes@gmail.com,+44191 496 0718,63,79,True,
Damien Briggs,damienbriggs@hotmail.com,+44(0)9098790570,78,80,True,
Denise Khan,denisekhan@hotmail.com,0113 496 0415,97,77,True,
Nicola Pearson,nicolapearson@gmail.com,(0118)4960929,75,75,True,
Irene Wilson,irenewilson@hotmail.com,0116 4960781,91,98,True,
Adrian Walters,adrianwalters@hotmail.com,0161 496 0705,87,83,True,
Tony Palmer,tonypalmer@gmail.com,+441614960654,57,82,False,Low score
Jessica Thompson,jessicathompson@yahoo.com,0909 879 0472,95,76,True,
Damien Jones,damienjones@yahoo.com,+44(0)289018303,91,76,True,
Barry James,barryjames@gmail.com,0306 9990049,68,90,True,
Pauline Roberts,paulineroberts@gmail.com,020 7946 0534,98,68,False,Low attendance
Jay Clarke,jayclarke@gmail.com,(0141)4960371,85,82,True,
Louis Mitchell,louismitchell@yahoo.com,(0141) 4960251,75,87,True,
Jordan Fowler,jordanfowler@hotmail.com,(0116)4960828,87,84,True,
Claire Taylor,clairetaylor@gmail.com,+44141 4960969,80,80,True,
Frances Webster,franceswebster@hotmail.com,01154960026,64,76,True,
Jodie Thompson,jodiethompson@yahoo.com,+44113 496 0746,52,100,False,Low score
Shaun Williams,shaunwilliams@hotmail.com,+44808 1570417,91,97,True,
Charles Williams,charleswilliams@yahoo.com,+441514960755,100,66,False,Low attendance
Luke Clark,lukeclarks@yahoo.com,+44(0)114 496 0062,51,66,False,Low score and Low attendance
Francis Griffin,francisgriffin@hotmail.com,+449098790511,60,90,True,
Alice Poole,alicepoole@yahoo.com,0161 496 0929,77,67,False,Low attendance
Carl Martin,carlmartin@hotmail.com,0289018780,97,77,True,
Jessica Lewis,jessicalewis@gmail.com,0141 4960398,80,81,True,
Yvonne Sutton,yvonnesutton@yahoo.com,+44(0)117 496 0899,62,90,True,
Oliver Hunt,oliverhunt@yahoo.com,0117 496 0993,100,92,True,
Jessica Norton,jessicanorton@yahoo.com,+44(0)1632 960580,98,93,True,
Anthony Sharp,anthonysharp@yahoo.com,(0117) 496 0515,61,89,True,
Marie Berry,marieberry@yahoo.com,(0116) 496 0607,56,79,False,Low score
Wendy Simmons,wendysimmons@gmail.com,0306 999 0539,71,96,True,
Marion Freeman,marionfreeman@hotmail.com,+44(0)9098790409,86,97,True,
Allan Russell,allanrussell@yahoo.com,(0141)4960251,74,91,True,
Jodie Graham,jodiegraham@hotmail.com,+4429 2018528,67,92,True,
Kelly Peters,kellypeters@yahoo.com,+44(0)3069990818,77,97,True,
Ben Murphy,benmurphy@hotmail.com,0161 496 0369,85,89,True,
Shirley Marsh,shirleymarsh@hotmail.com,029 2018443,77,69,False,Low attendance
Sara Powell,sarapowell@gmail.com,(0131) 496 0635,83,70,True,
Helen Gray,helengray@gmail.com,01214960731,65,96,True,
Denise Carter,denisecarter@hotmail.com,+44(0)118 496 0671,60,97,True,
Christopher Yates,christopheryates@gmail.com,+44(0)28 9018674,52,88,False,Low score
Emily Cooke,emilycooke@gmail.com,+44808 1570095,92,88,True,
Dominic Parkes,dominicparkes@hotmail.com,+4428 9018 0347,81,72,True,
Gemma Kelly,gemmakelly@yahoo.com,+44(0)306 999 0433,68,89,True,
Susan Jones,susanjones@gmail.com,(0808)1570613,50,70,False,Low score
Josephine Webb,josephinewebb@yahoo.com,+44(0)2074960798,97,97,True,
Mitchell Campbell,mitchellcampbellx@yahoo.com,(0114) 496 0523,60,66,False,Low attendance
Kenneth Poole,kennethpoole@gmail.com,+44(0)1184960809,62,77,True,
Nigel Knight,nigelknight@hotmail.com,+44(0)161 4960124,65,86,True,
Carly Evans,carlyevans@yahoo.com,+441414960669,78,86,True,
Bruce Williams,brucewilliams@hotmail.com,+44(0)1914960198,66,89,True,
Colin Lawrence,colinlawrence@yahoo.com,01632 960 836,61,72,True,
Danny Clarke,dannyclarke@hotmail.com,+44(0)20 7496 0803,98,66,False,Low attendance
Kieran Hobbs,kieranhobbs@yahoo.com,01414960810,80,94,True,
Harry Singh,harrysingh@yahoo.com,02074960739,61,94,True,
Gavin Smith,gavinsmith@hotmail.com,0191 4960134,54,97,False,Low score
Carole Allen,caroleallen@gmail.com,+441174960301,60,68,False,Low attendance
Sophie Wood,sophiewood@yahoo.com,+44(0)1314960552,69,100,True,
Jason Blackburn,jasonblackburn@gmail.com,(020)74960507,89,86,True,
Maureen Leach,maureenleach@gmail.com,+44(0)28 9018 0282,68,98,True,
Gillian Rose,gillianrose@gmail.com,+44(0)191 496 0798,94,97,True,
Teresa Duffy,teresaduffy@yahoo.com,+44113 496 0150,74,86,True,
Stacey Howe,staceyhowe@gmail.com,(0113)4960136,85,78,True,
June Moore,junemoore@hotmail.com,+441314960304,51,74,False,Low score
Jacob Jackson,jacobjackson@yahoo.com,+44115 496 0937,92,75,True,
Yvonne Nicholson,yvonnenicholson@hotmail.com,+44(0)1214960958,79,79,True,
Justin O'Brien,justino'brien@gmail.com,(028)9018892,55,74,False,Low score
Angela Turnbull,angelaturnbull@yahoo.com,020 74960846,76,85,True,
Elliot Wright,elliotwright@hotmail.com,01914960177,73,66,False,Low attendance
Beverley Parry,beverleyparry@yahoo.com,(0909)8790581,95,69,False,Low attendance
Bethany Lawrence,bethanylawrence@hotmail.com,+44(0)1632 960553,93,85,True,
Jacqueline Lewis,jacquelinelewis@yahoo.com,0141 4960968,91,79,True,
Mohammad Williams,mohammadwilliams@gmail.com,+44(0)115 496 0553,68,66,False,Low attendance
James Smith,jamessmith@gmail.com,(0113)4960617,53,78,False,Low score
Beverley Adams,beverleyadams@yahoo.com,+448081570016,90,84,True,
Amy Law,amylaw@yahoo.com,0121 4960761,76,89,True,
Donald Singh,donaldsingh@gmail.com,+44118 4960106,59,97,False,Low score
Jay Dennis,jaydennis@hotmail.com,(0141)4960419,98,99,True,
Joe Chapman,joechapman@yahoo.com,(0131)4960189,85,88,True,
Aaron Carpenter,aaroncarpenter@gmail.com,+44121 496 0175,78,80,True,
Jacqueline Rogers,jacquelinerogers@gmail.com,+44(0)118 496 0795,59,94,False,Low score
Gregory Davis,gregorydavis@gmail.com,+44(0)161 4960616,67,72,True,
Stuart Knight,stuartknight@hotmail.com,+4429 2018262,88,92,True,
Debra Bailey,debrabailey@hotmail.com,(0909) 8790172,54,87,False,Low score
Charlotte Coates,charlottecoates@hotmail.com,+44118 4960466,85,81,True,
Holly Willis,hollywillis@yahoo.com,+44(0)306 999 0548,54,68,False,Low score and Low attendance
Sylvia Henderson,sylviahenderson@hotmail.com,+44191 4960518,80,76,True,
Samantha Smith,samanthasmith@hotmail.com,(0116) 4960876,68,70,True,
Alexander Bradley,alexanderbradley@hotmail.com,+44(0)1632 960 800,67,74,True,
Trevor Taylor,trevortaylor@gmail.com,+443069990702,86,87,True,
Georgina Roberts,georginaroberts@hotmail.com,+44113 4960833,56,65,False,Low score and Low attendance
Laura Cooke,lauracooke@hotmail.com,(029)2018082,95,90,True,
Hugh Jackson,hughjackson@yahoo.com,0141 4960471,79,93,True,
Louis Adams,louisadams@hotmail.com,(0115) 496 0887,71,95,True,
Megan Long,meganlong@gmail.com,01614960390,80,96,True,
Barbara Armstrong,barbaraarmstrong@yahoo.com,+441632 960421,68,93,True,
Connor Daniels,connordaniels@hotmail.com,+44191 4960302,65,75,True,
Grace Conway,graceconway@yahoo.com,(0117) 4960891,61,95,True,
Dorothy Barton,dorothybarton@yahoo.com,(0808)1570232,92,95,True,
Danielle Smith,daniellesmith@hotmail.com,+44(0)306 9990414,77,99,True,
Arthur Mason,arthurmason@gmail.com,+44292018791,80,85,True,
Georgina Jones,georginajonesS@gmail.com,(028) 9018886,54,79,False,Low score
Ben Jones,benjones@gmail.com,+44116 496 0265,97,88,True,
Naomi Roberts,naomiroberts@gmail.com,+44(0)117 4960515,72,66,False,Low attendance
Debra Reynolds,debrareynolds@gmail.com,+44(0)1164960489,78,66,False,Low attendance
Kate Davey,katedavey@hotmail.com,+44(0)2074960323,88,85,True,
Elaine King,elaineking@yahoo.com,+44(0)306 999 0365,77,93,True,
Leon Taylor,leontaylor@gmail.com,0191 4960544,86,66,False,Low attendance
Thomas Mason,thomasmason@hotmail.com,0115 4960967,52,83,False,Low score
Danny Cole,dannycole@gmail.com,+44(0)191 4960730,83,76,True,
Patrick Bartlett,patrickbartlett@gmail.com,(0808) 1570013,58,99,False,Low score
Ben Mills,benmills@yahoo.com,+44(0)1314960674,75,84,True,
Abigail Marshall,abigailmarshall@gmail.com,+441414960983,90,84,True,
Sarah Leonard,sarahleonard@yahoo.com,+44151 496 0992,96,87,True,
Naomi Hunter,naomihunter@gmail.com,+44(0)29 2018254,54,92,False,Low score
Tony Gibson,tonygibson@yahoo.com,+44118 496 0207,69,78,True,
Steven Green,stevengreen@gmail.com,+4420 74960407,59,88,False,Low score
Samantha Harper,samanthaharper@hotmail.com,(0808) 1570507,71,68,False,Low attendance
Nathan Davies,nathandavies@gmail.com,0117 4960707,64,94,True,
Kirsty Miller,kirstymiller@hotmail.com,+44114 4960267,73,99,True,
Albert Day,albertday@hotmail.com,(0115)4960127,88,67,False,Low attendance
Anne Jones,annejones@gmail.com,+44(0)909 879 0365,74,71,True,
Leon Barton,leonbarton@gmail.com,+44(0)29 2018075,91,78,True,
Emily Miles,emilymiles@yahoo.com,+441314960449,59,85,False,Low score
Kirsty Arnold,kirstyarnold@hotmail.com,+441514960142,56,95,False,Low score
David Spencer,davidspencer@hotmail.com,029 2018 0649,62,68,False,Low attendance
Joanne Walters,joannewalters@gmail.com,+44121 496 0215,63,70,True,
Frederick George,frederickgeorge@gmail.com,0117 4960516,76,72,True,
Declan Thomas,declanthomas@yahoo.com,0118 4960232,68,89,True,
Carolyn Davey,carolyndavey@hotmail.com,+44(0)117 4960614,54,70,False,Low score
Rebecca Wilkinson,rebeccawilkinson@hotmail.com,01314960702,62,83,True,
Elizabeth Fitzgerald,elizabethfitzgerald@yahoo.com,+44117 496 0687,75,89,True,
Brenda Pollard,brendapollard@gmail.com,+44(0)909 879 0176,51,74,False,Low score
Julie Hyde,juliehyde@gmail.com,(0121) 496 0870,82,96,True,
Patrick Clarke,patrickclarke@gmail.com,+441514960123,63,89,True,
Sally Turner,sallyturnerQ@gmail.com,(0909)8790946,89,93,True,
Natalie Gibson,nataliegibson@hotmail.com,029 2018046,64,100,True,
Rachael Gibbs,rachaelgibbs@yahoo.com,0151 4960420,95,87,True,
Geraldine Holden,geraldineholden@gmail.com,+44(0)909 879 0114,80,82,True,
Jenna Freeman,jennafreeman@yahoo.com,(0808) 1570001,95,78,True,
Jack Matthews,jackmatthews@yahoo.com,01614960724,91,83,True,
Graeme Stone,graemestone@yahoo.com,+449098790349,60,69,False,Low attendance
Donald Russell,donaldrussell@gmail.com,+441144960351,80,72,True,
Albert Murray,albertmurray@yahoo.com,(0116) 496 0773,74,65,False,Low attendance
Roger Harvey,rogerharvey@hotmail.com,0131 4960583,95,69,False,Low attendance
Denis Bishop,denisbishop@yahoo.com,(0114) 496 0782,76,84,True,
Anna Woodward,annawoodward@gmail.com,+44141 496 0213,100,100,True,
Clifford Hawkins,cliffordhawkins@hotmail.com,01144960142,92,87,True,
Abigail Walters,abigailwalters@yahoo.com,+44(0)114 496 0378,97,67,False,Low attendance
Gareth Ward,garethward@hotmail.com,(0115) 496 0868,73,68,False,Low attendance
Stephen Singh,stephensingh@yahoo.com,+44(0)306 9990092,72,84,True,
Diana Robertson,dianarobertson@hotmail.com,+44909 8790543,56,79,False,Low score
Gavin Parsons,gavinparsons@gmail.com,+441632 960134,62,93,True,
Leon Atkinson,leonatkinson@gmail.com,+44808 1570461,74,80,True,
Nigel Davies,nigeldavies@yahoo.com,(0117) 4960700,84,88,True,
Amber Skinner,amberskinner@hotmail.com,+44117 496 0873,72,94,True,
Grace Jarvis,gracejarvis@gmail.com,+44114 496 0585,73,87,True,
Geraldine Thorpe,geraldinethorpe@gmail.com,+44121 4960066,93,90,True,
Maurice Hall,mauricehall@hotmail.com,+44117 4960055,92,100,True,
Charles Kelly,charleskelly@hotmail.com,(0117)4960111,76,99,True,
Jonathan Douglas,jonathandouglas@hotmail.com,+44(0)131 4960118,64,70,True,
Kyle Bevan,kylebevan@hotmail.com,+44(0)191 496 0788,96,88,True,
Brandon Butler,brandonbutler@yahoo.com,0191 4960110,55,80,False,Low score
Victor Singh,victorsingh@hotmail.com,+44116 496 0800,99,97,True,
Mitchell Campbell,mitchellcampbell@yahoo.com,(029)2018431,74,85,True,
Holly Sinclair,hollysinclair@gmail.com,+44(0)191 496 0847,51,69,False,Low score and Low attendance
Lee King,leeking@hotmail.com,(0118) 496 0045,84,90,True,
Charlene Cox,charlenecox@hotmail.com,+44114 496 0472,69,98,True,
Jemma Harrison,jemmaharrison@gmail.com,(0909) 879 0219,86,86,True,
Antony Daniels,antonydaniels@hotmail.com,01314960841,52,78,False,Low score
Michael Wilson,michaelwilsong@gmail.com,+44118 496 0784,59,91,False,Low score
Terry Jones,terryjones@gmail.com,(020)74960849,99,66,False,Low attendance
Jeffrey Owens,jeffreyowens@yahoo.com,+44(0)151 496 0844,60,80,True,
Katy Thompson,katythompson@hotmail.com,(0161) 496 0414,80,91,True,
Molly Elliott,mollyelliott@hotmail.com,+4420 7496 0703,86,91,True,
Charles Allen,charlesallen@yahoo.com,(0117) 4960595,57,86,False,Low score
Sharon Smith,sharonsmith@hotmail.com,+44(0)29 2018 0087,69,72,True,
Emily Morris,emilymorris@hotmail.com,+441144960114,67,67,False,Low attendance
Kayleigh Hardy,kayleighhardy@gmail.com,+44(0)306 999 0043,50,91,False,Low score
Sylvia Smith,sylviasmith@yahoo.com,+44141 496 0415,58,95,False,Low score
Lynn Davies,lynndavies@yahoo.com,0161 4960392,54,95,False,Low score
Vanessa Barton,vanessabarton@yahoo.com,+44113 496 0524,67,68,False,Low attendance
Cheryl Lawson,cheryllawson@gmail.com,(0808) 157 0768,54,71,False,Low score
Hazel Hunter,hazelhunter@hotmail.com,0141 496 0579,90,85,True,
Nigel Roberts,nigelroberts@yahoo.com,+441144960975,62,97,True,
Kirsty Howe,kirstyhowe@hotmail.com,(0113) 4960466,81,93,True,
Justin Hammond,justinhammond@gmail.com,+44(0)9098790790,90,77,True,
Caroline Tucker,carolinetucker@gmail.com,+44117 4960054,83,81,True,
Nicola Brown,nicolabrown@gmail.com,+44(0)161 4960727,74,82,True,
Gail Shepherd,gailshepherd@yahoo.com,+44306 9990479,57,78,False,Low score
Olivia Goddard,oliviagoddard@yahoo.com,028 9018 0529,57,71,False,Low score
Victor Joyce,victorjoyce@gmail.com,+44116 4960455,60,67,False,Low attendance
Gareth Powell,garethpowell@hotmail.com,+44(0)121 496 0560,52,88,False,Low score
Lorraine Greenwood,lorrainegreenwood@yahoo.com,(01632) 960518,80,73,True,
Joseph Hicks,josephhicks@gmail.com,01174960200,63,97,True,
Thomas Cunningham,thomascunningham@hotmail.com,+44(0)28 9018 0659,92,95,True,
Edward Black,edwardblack@yahoo.com,+44114 4960005,51,84,False,Low score
Emma Taylor,emmataylor@gmail.com,+44(0)113 496 0814,99,90,True,
Grace Cross,gracecross@hotmail.com,+44(0)909 879 0838,90,95,True,
Dennis Wallace,denniswallace@gmail.com,0151 4960618,65,77,True,
Shaun Williams,shaunwilliams@yahoo.com,(0131) 4960666,77,98,True,
Joshua Ball,joshuaball@hotmail.com,(0131)4960566,61,98,True,
Ann Rogers,annrogers@hotmail.com,+44(0)1632960073,77,65,False,Low attendance
Keith James,keithjames@hotmail.com,+44141 4960083,92,70,True,
Suzanne Quinn,suzannequinn@yahoo.com,+44141 496 0304,64,97,True,
Chelsea Morrison,chelseamorrison@gmail.com,(0116) 4960003,65,71,True,
Jennifer Watson,jenniferwatson@gmail.com,(0116) 496 0751,84,97,True,
Alexandra Chapman,alexandrachapman@yahoo.com,(0116) 4960281,83,67,False,Low attendance
Billy Brooks,billybrooks@hotmail.com,+44(0)808 1570095,61,98,True,
Shannon Coates,shannoncoates@yahoo.com,(0191)4960190,62,96,True,
Jamie Joyce,jamiejoyce@yahoo.com,0121 496 0703,87,88,True,
Heather Wilkinson,heatherwilkinson@gmail.com,+44(0)1414960449,57,89,False,Low score
Joanne Briggs,joannebriggs@yahoo.com,(0808) 1570251,76,92,True,
Ellie Russell,ellierussell@yahoo.com,+441614960485,83,82,True,
Fiona Rogers,fionarogers@gmail.com,+441632960926,90,77,True,
Helen Morley,helenmorley@hotmail.com,(01632) 960113,67,84,True,
Francis Miller,francismiller@gmail.com,+44(0)113 4960980,99,82,True,
Marie Harding,marieharding@hotmail.com,+44161 496 0168,69,71,True,
Jonathan Farmer,jonathanfarmer@gmail.com,0118 4960921,94,73,True,
Stuart Harrison,stuartharrison@gmail.com,+4429 2018 0293,73,77,True,
Leon Miller,leonmiller@yahoo.com,+44131 4960923,73,87,True,
Hugh Lawrence,hughlawrence@hotmail.com,+44117 4960753,87,84,True,
Jodie Walker,jodiewalker@gmail.com,0141 496 0482,66,91,True,
Jack Bailey,jackbailey@hotmail.com,+441134960552,56,91,False,Low score
Mohammed Price,mohammedprice@yahoo.com,+44(0)161 496 0411,81,70,True,
Cheryl Smith,cherylsmith@yahoo.com,+441164960799,61,97,True,
Albert Pritchard,albertpritchard@gmail.com,+44113 496 0989,77,92,True,
Victoria Robson,victoriarobson@hotmail.com,0118 4960457,76,78,True,
Charlie Bull,charliebull@gmail.com,01914960958,84,66,False,Low attendance
Anthony Page,anthonypage@hotmail.com,+448081570138,99,69,False,Low attendance
Louise Smith,louisesmith@hotmail.com,(0909) 879 0913,86,76,True,
William Berry,williamberry@yahoo.com,+44(0)20 74960282,77,65,False,Low attendance
Tracy Greenwood,tracygreenwood@yahoo.com,0292018438,97,95,True,
Brenda Cooper,brendacooper@yahoo.com,(0118)4960759,61,74,True,
Julie Thomas,juliethomas@gmail.com,+44(0)1214960880,77,98,True,
Wendy Richards,wendyrichards@yahoo.com,+44(0)1164960988,90,82,True,
Sarah Payne,sarahpayne@hotmail.com,(0117) 496 0703,61,99,True,
Clive Bevan,clivebevan@gmail.com,(029) 2018107,71,100,True,
Tom Thompson,tomthompson@yahoo.com,+44(0)306 9990902,69,81,True,
Rachel Taylor,racheltaylor@yahoo.com,+44(0)909 879 0588,95,77,True,
Edward Turner,edwardturner@yahoo.com,0141 496 0785,80,99,True,
Paige Davies,paigedaviesE@gmail.com,0116 4960386,83,96,True,
Jade Barker,jadebarker@hotmail.com,+44161 496 0849,78,72,True,
Fiona Barnes,fionabarnes@hotmail.com,029 2018 0353,77,95,True,
Julia Clark,juliaclark@yahoo.com,(0115) 4960605,83,92,True,
Howard Clark,howardclark@gmail.com,+44141 496 0533,53,74,False,Low score
Maria Riley,mariariley@gmail.com,0118 496 0827,95,86,True,
Clare Reynolds,clarereynolds@hotmail.com,(0909) 8790420,52,84,False,Low score
Victoria Hobbs,victoriahobbs@gmail.com,+44113 4960290,98,73,True,
Stephanie Byrne,stephaniebyrne@yahoo.com,0114 4960346,89,73,True,
Nigel Young,nigelyoung@yahoo.com,(028)9018740,88,65,False,Low attendance
Benjamin Coles,benjamincoles@hotmail.com,+443069990662,61,72,True,
Natasha Ryan,natasharyan@hotmail.com,+44(0)28 9018941,61,85,True,
Francis Oliver,francisoliver@yahoo.com,+44(0)117 4960392,66,96,True,
Louise Brooks,louisebrooks@gmail.com,+441184960924,61,87,True,
Elliott Walker,elliottwalker@yahoo.com,0191 498 0975,76,91,True,
Trevor Hunt,trevorhunt@yahoo.com,+44(0)121 496 0383,62,98,True,
Megan Connor,meganconnor@yahoo.com,+441144960094,50,91,False,Low score
Sylvia Sykes,sylviasykes@hotmail.com,+441632960789,65,68,False,Low attendance
Peter Roberts,peterroberts@gmail.com,01614960635,83,68,False,Low attendance
Christine Andrews,christineandrews@hotmail.com,(0161) 496 0880,88,80,True,
Owen Campbell,owencampbell@hotmail.com,+44289018607,69,89,True,
Derek Murray,derekmurray@gmail.com,01514960464,84,66,False,Low attendance
Abigail Smith,abigailsmith@gmail.com,(0121)4960529,58,73,False,Low score
Katherine Bolton,katherinebolton@yahoo.com,+44(0)1514960269,55,88,False,Low score
Julia Bird,juliabird@yahoo.com,+44(0)1164960019,91,78,True,
Janice Mitchell,janicemitchell@yahoo.com,+441174960486,60,73,True,
Norman Craig,normancraig@gmail.com,+44(0)1134960235,64,96,True,
Steven Hilton,stevenhilton@hotmail.com,+441614960786,52,71,False,Low score
Jacqueline Daniels,jacquelinedaniels@yahoo.com,+44(0)161 496 0746,66,82,True,
Louise Anderson,louiseanderson@yahoo.com,(0808) 157 0821,94,84,True,
Toby Kemp,tobykemp@hotmail.com,01144960304,76,99,True,
Abbie Gough,abbiegough@hotmail.com,(0306) 999 0753,90,81,True,
Richard Allan,richardallan@gmail.com,+441614960724,86,67,False,Low attendance
Liam Newton,liamnewton@gmail.com,+44(0)1174960013,56,99,False,Low score
Irene Willis,irenewillis@gmail.com,01632 960682,96,71,True,
Heather Potter,heatherpotter@hotmail.com,+44116 496 0530,79,97,True,
Laura Manning,lauramanning@hotmail.com,0114 4960892,59,73,False,Low score
Joan Oliver,joanoliver@gmail.com,+44(0)1614960962,57,80,False,Low score
Sian Mitchell,sianmitchell@gmail.com,(0141) 4960136,71,97,True,
Marie Simmons,mariesimmons@gmail.com,0191 498 0565,72,65,False,Low attendance
Terence Bailey,terencebailey@hotmail.com,(028)9018845,66,89,True,
Sharon Marsh,sharonmarsh4@hotmail.com,0131 496 0062,77,83,True,
Steven Rees,stevenrees@yahoo.com,(029) 2018 0510,87,83,True,
Victor Mason,victormason@gmail.com,+44(0)113 4960013,93,76,True,
Molly Davis,mollydavis@hotmail.com,(029) 2018503,54,82,False,Low score
Ross Price,rossprice@gmail.com,(0306) 999 0782,53,71,False,Low score
Gary Patterson,garypatterson@gmail.com,(0191)4960194,61,91,True,
Megan Harris,meganharris@yahoo.com,+44(0)3069990587,57,74,False,Low score
Angela Vincent,angelavincent@hotmail.com,+443069990383,72,89,True,
Heather Lamb,heatherlamb@gmail.com,0118 496 0728,52,65,False,Low score and Low attendance
Zoe Booth,zoebooth@hotmail.com,+448081570478,62,71,True,
Paula Edwards,paulaedwards@hotmail.com,(0131) 4960278,92,88,True,
Samuel Graham,samuelgraham@hotmail.com,+44131 4960594,80,73,True,
Brian Roberts,brianroberts@gmail.com,0141 4960533,71,97,True,
Clifford Hyde,cliffordhyde@hotmail.com,0116 496 0387,67,65,False,Low attendance
Pauline Reid,paulinereid@gmail.com,09098790288,50,85,False,Low score
Sian Butler,sianbutler@gmail.com,(0118) 4960646,82,86,True,
Stewart Lynch,stewartlynch@gmail.com,0121 496 0888,89,98,True,
Garry Lewis,garrylewisn@gmail.com,+44(0)306 9990570,82,89,True,
Dale Gallagher,dalegallagher@yahoo.com,(01632) 960636,88,67,False,Low attendance
Nathan Powell,nathanpowell@hotmail.com,+44161 496 0548,55,72,False,Low score
Beth Parker,bethparker@hotmail.com,+441144960168,100,92,True,
Annette Davies,annettedavies@yahoo.com,(0909)8790354,68,83,True,
Megan Brown,meganbrown@yahoo.com,(0161) 4960888,97,74,True,
Lee Young,leeyoung@hotmail.com,(029) 2018 0953,74,99,True,
Gordon Rhodes,gordonrhodes@yahoo.com,+44(0)9098790434,73,68,False,Low attendance
Naomi Wilson,naomiwilson@hotmail.com,029 2018858,90,87,True,
Shannon Wilson,shannonwilson@hotmail.com,028 9018 0107,87,88,True,
Joyce Scott,joycescott@hotmail.com,0808 1570040,55,91,False,Low score
Owen Brown,owenbrown@yahoo.com,(0116) 4960939,90,84,True,
Kirsty Bell,kirstybell@gmail.com,0161 496 0529,60,75,True,
Linda Marshall,lindamarshall@gmail.com,+44(0)1144960561,68,86,True,
Wendy Dale,wendydale@yahoo.com,(0131) 496 0193,54,93,False,Low score
Wayne Lawrence,waynelawrence@hotmail.com,09098790802,63,66,False,Low attendance
Jane Doyle,janedoyle@hotmail.com,+44909 879 0181,75,98,True,
