name,email,phone
Conor Goddard,conorgoddard@gmail.com,0151 496 0067
Joan Jenkins,joanjenkins@yahoo.com,0115 496 0699
Tracy Young,tracyyoung@hotmail.com,(0121)4960644
Dominic Ali,dominicali@yahoo.com,(0909) 879 0555
Clifford Webb,cliffordwebb@hotmail.com,0909 8790740
Iain Johnson,iainjohnson@yahoo.com,020 74960243
Emma Carter,emmacarter@yahoo.com,+44(0)1614960061
Glenn Hyde,glennhyde@hotmail.com,+44(0)151 496 0026
Charlotte Osborne,charlotteosborne@yahoo.com,+4429 2018431
Natalie Moore,nataliemoore@gmail.com,+442074960539
Alison Clarke,alisonclarke@hotmail.com,+44(0)20 7496 0278
Gerard Ward,gerardward@yahoo.com,+44141 4960627
Eleanor Morley,eleanormorley@hotmail.com,(020) 7496 0887
Emma Yates,emmayates@hotmail.com,+44113 496 0098
Leon Barker,leonbarker@hotmail.com,(0141) 4960227
Bernard Thomson,bernardthomson@hotmail.com,(0306)9990603
Zoe Stephenson,zoestephenson@hotmail.com,+44(0)1632 960 189
Rebecca Wood,rebeccawood@gmail.com,0808 1570985
Sara Williams,sarawilliams@yahoo.com,028 9018 0090
Hollie Fisher,holliefisher@gmail.com,+44(0)151 4960849
Samantha Wood,samanthawood@yahoo.com,0115 4960465
Maureen Davies,maureendavies@yahoo.com,0116 496 0976
Glen Watts,glenwatts@yahoo.com,+44116 496 0695
Maria Williamson,mariawilliamson@yahoo.com,(0121) 4960323
Nicole Jones,nicolejones@gmail.com,0131 4960571
Vincent Kay,vincentkay@hotmail.com,+44(0)115 4960109
Shannon Williams,shannonwilliams@gmail.com,0116 4960432
Hilary Stevens,hilarystevens@yahoo.com,+44(0)141 496 0887
Glenn Begum,glennbegum@yahoo.com,+44289018499
Allan Hart,allanhart@hotmail.com,+44(0)191 4960849
Paul Kirk,paulkirk@yahoo.com,(0117) 4960888
Lisa Rice,lisarice@gmail.com,028 9018 0317
Alison Thompson,alisonthompson@yahoo.com,(0117) 4960693
Tina Allen,tinaallen@hotmail.com,(029) 2018 0208
Margaret Hewitt,margarethewitt@yahoo.com,+441134960990
Rosemary Rose,rosemaryrose@hotmail.com,0151 4960242
Hugh Stephenson,hughstephenson@hotmail.com,+44(0)191 4960670
Steven Parker,stevenparker@yahoo.com,+44117 496 0334
Callum Davidson,callumdavidson@yahoo.com,+44115 496 0551
Bradley Mills,bradleymills@gmail.com,+44(0)20 7496 0538
Rachael Skinner,rachaelskinner@hotmail.com,0909 8790921
Leon Walters,leonwalters@hotmail.com,(0191) 496 0981
Josh Poole,joshpoole@hotmail.com,+4420 74960121
Gary Jones,garyjones@yahoo.com,+44(0)114 496 0281
Sam Booth,sambooth@yahoo.com,0191 4960151
Jasmine Stewart,jasminestewart@gmail.com,+44(0)1174960211
Eric Chambers,ericchambers@gmail.com,0131 4960723
Jenna Hicks,jennahicks@hotmail.com,0121 496 0871
Ricky Hall,rickyhall@gmail.com,(028) 9018 0208
Patrick Parker,patrickparker@hotmail.com,+44151 4960500
Richard Ryan,richardryan@hotmail.com,(0114) 496 0033
Ricky Fleming,rickyfleming@hotmail.com,+44115 4960841
Brandon Watson,brandonwatson@hotmail.com,(0116)4960225
Lawrence Cox,lawrencecox@gmail.com,+44(0)1514960136
Amanda Singh,amandasingh@yahoo.com,+44117 496 0935
Elliot Evans,elliotevans@yahoo.com,(0113) 496 0925
Josephine Collier,josephinecollier@hotmail.com,028 9018 0204
Karen Curtis,karencurtis@hotmail.com,+44(0)191 4960823
Luke Walker,lukewalker@hotmail.com,(0141)4960883
Barbara Jones,barbarajones@hotmail.com,0113 4960566
Jonathan Gibson,jonathangibson@gmail.com,+44151 4960754
Rhys Evans,rhysevans@gmail.com,+4428 9018410
Lauren Thompson,laurenthompson@gmail.com,(0161)4960978
Lisa Wilkinson,lisawilkinson@yahoo.com,+442074960931
Angela Moore,angelamoore@gmail.com,+44(0)1154960323
Lawrence Shepherd,lawrenceshepherd@gmail.com,(0151)4960079
Kim Williams,kimwilliams@hotmail.com,+44117 496 0641
Sian Ellis,sianellis@hotmail.com,020 7946 0258
Heather Bartlett,heatherbartlett@hotmail.com,01914960651
Tina Donnelly,tinadonnelly@hotmail.com,(0113) 496 0743
Sean Collins,seancollins@yahoo.com,0121 4960342
Dylan Townsend,dylantownsend@gmail.com,+44(0)909 879 0623
Declan Perkins,declanperkins@yahoo.com,(0909) 879 0312
Kenneth Evans,kennethevans@gmail.com,0191 4960260
Cameron Wilson,cameronwilson@yahoo.com,+44191 4960326
Lawrence Jones,lawrencejones@hotmail.com,+44(0)151 4960772
John Blake,johnblake@hotmail.com,01144960112
Lynda Gibson,lyndagibson@gmail.com,0141 4960112
Roy Jones,royjones@hotmail.com,+441144960617
Josh Rowe,joshrowe@yahoo.com,+44161 4960032
Victoria Williams,victoriawilliams@hotmail.com,+44306 9990224
Annette Bennett,annettebennett@yahoo.com,+441134960450
Melanie Lewis,melanielewis@gmail.com,+44(0)909 879 0070
Philip Kaur,philipkaur@yahoo.com,(0306) 9990052
Jeremy Long,jeremylong@yahoo.com,+44(0)116 496 0495
Georgia Edwards,georgiaedwards@gmail.com,+44(0)1314960172
Mark Welch,markwelch@yahoo.com,+44113 4960330
Jacqueline Connor,jacquelineconnor@yahoo.com,028 9018 0700
Gareth Davis,garethdavis@hotmail.com,(0115) 496 0372
Bruce Owen,bruceowen@gmail.com,(0115)4960698
Mark King,markking@gmail.com,+44306 9990885
Rhys Sharp,rhyssharp@yahoo.com,+44114 496 0443
Louise Harris,louiseharris@gmail.com,0161 496 0394
Kieran Knight,kieranknight@hotmail.com,+44292018474
Sophie Grant,sophiegrant@yahoo.com,+44(0)28 9018655
Paul Weston,paulweston@yahoo.com,(028)9018931
Paula Holmes,paulaholmes@yahoo.com,+44(0)20 74960317
Vanessa Cooper,vanessacooper@yahoo.com,(0909) 879 0180
Kathleen Hancock,kathleenhancock@hotmail.com,(0115) 496 0668
Frank Williamson,frankwilliamson@gmail.com,+44191 4960102
Natalie Kirk,nataliekirk@gmail.com,+44121 496 0733
Gordon Francis,gordonfrancis@hotmail.com,+44(0)141 496 0915
Terry Joyce,terryjoyce@gmail.com,+44(0)808 1570827
Pamela Wilson,pamelawilson@yahoo.com,+44(0)1914960763
Clare Hunt,clarehunt@yahoo.com,0191 498 0206
Josh Thornton,joshthornton@gmail.com,(020) 74960632
Sophie Wallace,sophiewallace@gmail.com,(028)9018193
Paige Read,paigeread@hotmail.com,+44(0)1134960837
Caroline Stevens,carolinestevens@hotmail.com,+44(0)115 496 0850
Mathew Lynch,mathewlynch@gmail.com,(0808) 157 0053
Alison Taylor,alisontaylor@yahoo.com,0116 4960557
Francis McKenzie,francismckenzie@yahoo.com,(0306) 9990479
Mohammad Scott,mohammadscott@hotmail.com,(0141)4960000
Mandy Ingram,mandyingram@hotmail.com,02074960329
Andrea Butcher,andreabutcher@gmail.com,(0306)9990658
Eric Lees,ericlees@hotmail.com,+44(0)115 496 0679
Harry Thompson,harrythompson@gmail.com,+44(0)118 496 0244
Kim Harper,kimharper@gmail.com,(0131) 496 0675
Iain White,iainwhite@yahoo.com,+44(0)1164960634
Vincent Brown,vincentbrown@yahoo.com,+44306 9990141
Sophie Dennis,sophiedennis@hotmail.com,0141 496 0916
Janice Short,janiceshort@yahoo.com,+44(0)808 1570333
Frederick Lees,fredericklees@gmail.com,(0131) 496 0175
Samantha Mills,samanthamills@hotmail.com,(0131) 4960137
Jessica Taylor,jessicataylor@yahoo.com,+44(0)306 999 0583
Anna Jones,annajones@gmail.com,0151 496 0644
Michael Ford,michaelford@hotmail.com,+44(0)1134960833
Brenda Peters,brendapeters@gmail.com,+44(0)28 9018286
Emily Burns,emilyburns@gmail.com,+441164960642
Maureen Curtis,maureencurtis@yahoo.com,+441154960447
Maurice Hewitt,mauricehewitt@hotmail.com,+44151 4960122
Lawrence Richards,lawrencerichards@gmail.com,+44(0)1632 960 845
Ruth Clark,ruthclark@yahoo.com,+44116 4960422
Amelia Smith,ameliasmith@hotmail.com,01632 960355
Shirley Williams,shirleywilliams@hotmail.com,0141 496 0744
Anne Townsend,annetownsend@gmail.com,+44(0)113 496 0805
Alan Bolton,alanbolton@hotmail.com,0808 1570676
Martin Howell,martinhowell@hotmail.com,+441632 960 279
Emily Harris,emilyharris@gmail.com,+44121 496 0979
Howard Hurst,howardhurst@gmail.com,+44(0)8081570532
Claire Burns,claireburns@yahoo.com,028 9018 0016
Angela Anderson,angelaanderson@yahoo.com,0115 4960148
Damian Mason,damianmason@gmail.com,+441414960691
Oliver Savage,oliversavage@gmail.com,0306 9990040
Cameron Lloyd,cameronlloyd@gmail.com,(0117)4960490
Nicholas Harvey,nicholasharvey@gmail.com,+4429 2018 0921
Leslie Holland,leslieholland@gmail.com,(0121)4960202
Jill Hargreaves,jillhargreaves@yahoo.com,0306 9990884
Joyce Davidson,joycedavidson@gmail.com,(0116) 4960023
Melissa Taylor,melissataylor@hotmail.com,+44141 4960397
Jason Watson,jasonwatson@gmail.com,+44(0)1214960297
Michelle Johnson,michellejohnson@hotmail.com,+44(0)1614960140
Ben Kemp,benkemp@yahoo.com,01154960109
Rita Brown,ritabrown@gmail.com,(0118)4960128
Richard Walton,richardwalton@hotmail.com,(0909) 879 0531
Gemma Roberts,gemmaroberts@hotmail.com,0121 4960229
June Begum,junebegum@hotmail.com,+44(0)1614960790
Katy Watson,katywatson@gmail.com,+44(0)141 4960777
Toby Smith,tobysmith@gmail.com,+44118 496 0174
Holly Jackson,hollyjackson@yahoo.com,(0808) 157 0652
Shirley Thomas,shirleythomas@hotmail.com,(0191) 4960129
Tracey Begum,traceybegum@gmail.com,+44141 496 0480
Steven Smith,stevensmith@hotmail.com,+44(0)1614960023
Leanne Fox,leannefox@gmail.com,0117 496 0784
Marcus Robinson,marcusrobinson@hotmail.com,0118 4960978
Emily Gray,emilygray@yahoo.com,029 2018371
Eric Doherty,ericdoherty@hotmail.com,01632960549
Christopher Short,christophershort@hotmail.com,+44306 999 0117
Iain Harrison,iainharrison@yahoo.com,028 9018 0434
John Bond,johnbond@yahoo.com,(0191) 4960797
Sara Francis,sarafrancis@hotmail.com,+44(0)909 879 0059
Leslie Byrne,lesliebyrne@yahoo.com,+44(0)28 9018 0419
Paige Saunders,paigesaunders@yahoo.com,(0113) 4960604
Janice Crawford,janicecrawford@yahoo.com,+44131 496 0052
Joyce Martin,joycemartin@hotmail.com,+44(0)909 879 0241
Wendy Grant,wendygrant@gmail.com,(0161) 496 0639
Tina Edwards,tinaedwards@yahoo.com,08081570872
Kerry Bennett,kerrybennett@gmail.com,+44(0)115 496 0462
Christian Swift,christianswift@hotmail.com,+44909 8790162
Janice Walker,janicewalker@hotmail.com,(0808)1570129
Jamie Newton,jamienewton@gmail.com,+44118 496 0231
Mohammed Page,mohammedpage@hotmail.com,+44292018676
Leon Griffin,leongriffin@hotmail.com,+44(0)1174960884
Hollie Rogers,hollierogers@yahoo.com,(0121)4960096
Clare Hammond,clarehammond@yahoo.com,(0115) 496 0612
Debra Bennett,debrabennett@hotmail.com,(0116) 496 0374
Irene Robertson,irenerobertson@yahoo.com,01514960656
Bryan Davies,bryandavies@yahoo.com,+44131 4960206
Lynne Wheeler,lynnewheeler@gmail.com,0117 496 0509
Bradley Begum,bradleybegum@yahoo.com,+44(0)121 4960684
Joyce Jones,joycejones@gmail.com,(0115) 496 0547
Naomi Whitehead,naomiwhitehead@yahoo.com,0306 999 0273
Emma Reed,emmareed@yahoo.com,0121 496 0106
Conor Duffy,conorduffy@gmail.com,0306 9990159
Paul Oliver,pauloliver@yahoo.com,0117 4960453
Russell Long,russelllong@hotmail.com,(028)9018365
Leah Douglas,leahdouglas@yahoo.com,+44(0)1632 960 205
Clive Bond,clivebond@yahoo.com,01144960132
Trevor Hutchinson,trevorhutchinson@gmail.com,01174960839
Kieran Baker,kieranbaker@gmail.com,028 9018 0029
Kieran Mistry,kieranmistry@yahoo.com,02074960798
Beverley Wheeler,beverleywheeler@gmail.com,+44(0)191 496 0327
Carly Wall,carlywall@gmail.com,+448081570210
Wayne Ali,wayneali@yahoo.com,01314960890
Sylvia White,sylviawhite@gmail.com,+44131 496 0333
Callum Richardson,callumrichardson@gmail.com,+44(0)9098790031
Barry Ward,barryward@yahoo.com,(0116) 496 0243
Zoe Holloway,zoeholloway@gmail.com,+4420 74960785
Christine Pearson,christinepearson@hotmail.com,(0116)4960324
Ruth Hunter,ruthhunter@hotmail.com,029 2018712
Lydia Woodward,lydiawoodward@gmail.com,+441214960050
Leslie Forster,leslieforster@hotmail.com,+44117 4960650
Ian Jones,ianjones@hotmail.com,+44121 4960420
Linda Bradley,lindabradley@yahoo.com,01514960413
Linda Marshall,lindamarshall@hotmail.com,+441414960164
Natalie Wright,nataliewright@yahoo.com,+44(0)1134960399
Keith Edwards,keithedwards@yahoo.com,0191 498 0864
Patrick Hunter,patrickhunter@yahoo.com,+441174960216
Trevor Shaw,trevorshaw@gmail.com,0114 496 0703
Leonard Marsh,leonardmarsh@gmail.com,+4428 9018 0516
Diane Wood,dianewood@yahoo.com,+44191 4960192
Emily Adams,emilyadams@gmail.com,+44(0)191 496 0819
Sheila White,sheilawhite@yahoo.com,+441174960448
Josh Lloyd,joshlloyd@yahoo.com,+44(0)1214960795
Bernard Williams,bernardwilliams@yahoo.com,(0115)4960196
Oliver Jones,oliverjones@yahoo.com,0289018456
Lucy Russell,lucyrussell@gmail.com,+448081570154
Nigel Morley,nigelmorley@yahoo.com,(0151) 4960096
Judith Thomas,judiththomas@yahoo.com,+44151 496 0044
Lydia Walker,lydiawalker@yahoo.com,0114 496 0026
Josephine Brown,josephinebrown@gmail.com,0121 4960863
Bryan Taylor,bryantaylor@yahoo.com,+44(0)114 496 0963
Tracey Davies,traceydavies@hotmail.com,0909 8790796
Amelia Harvey,ameliaharvey@yahoo.com,(0909)8790526
Jasmine Stevens,jasminestevens@yahoo.com,+44(0)1632960566
Alice Alexander,alicealexander@hotmail.com,(0115) 4960307
Glenn Martin,glennmartin@yahoo.com,+441914960129
Charles Woods,charleswoods@hotmail.com,0121 496 0580
Leanne Khan,leannekhan@gmail.com,0909 879 0936
Sandra Chapman,sandrachapman@yahoo.com,+441174960201
Brett Taylor,bretttaylor@yahoo.com,+448081570775
Alexandra Young,alexandrayoung@yahoo.com,+44(0)2074960455
Lynne Dunn,lynnedunn@yahoo.com,+44289018042
Abdul Power,abdulpower@gmail.com,+44(0)114 496 0652
Fiona Stevenson,fionastevenson@yahoo.com,+44(0)141 496 0187
Darren Armstrong,darrenarmstrong@hotmail.com,+44(0)909 8790313
Sharon Marsh,sharonmarsh@gmail.com,(0118) 4960880
Anne Daly,annedaly@gmail.com,+44(0)1632 960032
Frank Brown,frankbrown@hotmail.com,(0909)8790493
Max Sullivan,maxsullivan@hotmail.com,+44(0)131 496 0806
Joseph Henry,josephhenry@yahoo.com,(0909)8790936
Terry Hughes,terryhughes@gmail.com,+44306 999 0434
Georgia Gray,georgiagray@gmail.com,01314960709
Martin Harper,martinharper@hotmail.com,+44(0)131 496 0581
Paula Mellor,paulamellor@gmail.com,(020) 7496 0145
Lydia Simpson,lydiasimpson@yahoo.com,0121 4960625
Richard Griffin,richardgriffin@gmail.com,+44116 496 0992
Marie Robinson,marierobinson@hotmail.com,0289018809
Kenneth Newman,kennethnewman@hotmail.com,0114 496 0430
Francesca Patterson,francescapatterson@yahoo.com,+44(0)161 496 0908
Jamie Hawkins,jamiehawkins@hotmail.com,01174960610
Julie White,juliewhite@hotmail.com,0909 8790845
Angela Robinson,angelarobinson@gmail.com,+441414960591
Emma Knowles,emmaknowles@yahoo.com,+44(0)8081570147
Robin Spencer,robinspencer@yahoo.com,(0117)4960728
Emma Barnes,emmabarnes@yahoo.com,+441214960524
Amy Carroll,amycarroll@gmail.com,(029)2018731
Stephen Hill,stephenhill@gmail.com,(0161) 4960221
Brandon Carter,brandoncarter@yahoo.com,+441174960007
Andrew Burton,andrewburton@yahoo.com,+44141 496 0136
Norman Green,normangreen@gmail.com,01632960276
Amy Evans,amyevans@gmail.com,(0121) 496 0065
Paul White,paulwhite@yahoo.com,+441174960407
Lee Mahmood,leemahmood@gmail.com,+4420 7496 0101
Craig Curtis,craigcurtis@yahoo.com,(0131) 4960685
Gemma Perry,gemmaperry@gmail.com,+44(0)808 1570773
Wayne Thomas,waynethomas@hotmail.com,+44(0)3069990551
Louise Cook,louisecook@gmail.com,(0808)1570030
Mitchell May,mitchellmay@gmail.com,+443069990221
Glen Clarke,glenclarke@yahoo.com,(01632) 960 524
Jonathan Brown,jonathanbrown@hotmail.com,0131 496 0331
Margaret Stanley,margaretstanley@hotmail.com,0909 879 0873
Rachael Howe,rachaelhowe@hotmail.com,+441154960218
Stuart Richardson,stuartrichardson@hotmail.com,+441314960319
Laura Watts,laurawatts@hotmail.com,01214960532
Aimee Bartlett,aimeebartlett@gmail.com,(0118) 4960968
Sian Davies,siandavies@yahoo.com,020 74960476
Jodie Ball,jodieball@yahoo.com,+44118 496 0340
Anne Palmer,annepalmer@yahoo.com,+44114 496 0681
Nicholas Phillips,nicholasphillips@yahoo.com,0116 496 0992
Charles Hunt,charleshunt@gmail.com,+4420 74960531
Gillian Brookes,gillianbrookes@yahoo.com,+44(0)1184960114
Gary Johnson,garyjohnson@yahoo.com,+441632 960974
Nicholas Kelly,nicholaskelly@hotmail.com,+44289018367
Wendy Griffiths,wendygriffiths@hotmail.com,+44(0)114 4960534
Georgia Willis,georgiawillis@gmail.com,+44(0)306 9990830
Roger Kaur,rogerkaur@yahoo.com,0909 879 0074
Sharon Dawson,sharondawson@gmail.com,0292018582
Nicholas Baker,nicholasbaker@yahoo.com,(0161) 496 0938
Damian Thornton,damianthornton@gmail.com,+44(0)306 9990199
Pamela Nixon,pamelanixon@yahoo.com,+4428 9018 0712
Patrick Jennings,patrickjennings@yahoo.com,+44191 496 0700
Patrick Hamilton,patrickhamilton@yahoo.com,(0909)8790735
Adrian Baker,adrianbaker@yahoo.com,+44131 496 0944
Gareth Roberts,garethroberts@yahoo.com,+44114 496 0830
Elliot Forster,elliotforster@hotmail.com,+44(0)292018562
Mary Lee,marylee@gmail.com,0114 4960197
Elliot Harrison,elliotharrison@hotmail.com,+44(0)1214960454
Lindsey Ahmed,lindseyahmed@gmail.com,01632960439
Ruth Tucker,ruthtucker@gmail.com,+44131 496 0227
Hayley Young,hayleyyoung@gmail.com,+44(0)117 4960789
Julian Houghton,julianhoughton@hotmail.com,(0118) 496 0626
Wayne King,wayneking@gmail.com,01184960572
Jill Martin,jillmartin@hotmail.com,+44(0)28 9018 0335
Arthur Turner,arthurturner@yahoo.com,+44(0)114 4960123
Hayley Wheeler,hayleywheeler@gmail.com,+441214960836
Jeremy Thomas,jeremythomas@hotmail.com,+44(0)20 7496 0335
Alison Giles,alisongiles@gmail.com,0141 496 0512
Stuart Kaur,stuartkaur@yahoo.com,+44(0)8081570459
Daniel Harper,danielharper@hotmail.com,+448081570220
Julia Dean,juliadean@gmail.com,+44(0)117 496 0337
Albert Gray,albertgray@hotmail.com,01632 960 526
Brenda Yates,brendayates@yahoo.com,+44131 4960669
Andrew Lane,andrewlane@gmail.com,01632 960 618
Abigail Dale,abigaildale@gmail.com,(020)74960841
Russell Akhtar,russellakhtar@yahoo.com,+44117 4960056
Mohamed Powell,mohamedpowell@hotmail.com,(0306)9990521
Hilary Osborne,hilaryosborne@yahoo.com,+44(0)3069990237
Scott McCarthy,scottmccarthy@gmail.com,(0113) 496 0314
Brenda Taylor,brendataylor@hotmail.com,+44161 4960313
Danny Henderson,dannyhenderson@yahoo.com,(0131)4960602
Dawn Bull,dawnbull@gmail.com,+44113 4960372
Jeremy Shaw,jeremyshaw@yahoo.com,(029) 2018072
Judith Humphreys,judithhumphreys@gmail.com,+44(0)116 4960689
Harry Townsend,harrytownsend@hotmail.com,+44(0)1314960079
Judith Turnbull,judithturnbull@yahoo.com,(01632) 960975
Clare Fletcher,clarefletcher@hotmail.com,+448081570184
Laura Long,lauralong@gmail.com,0306 9990843
Alan Dodd,alandodd@yahoo.com,+441314960633
Julian Hall,julianhall@hotmail.com,0115 4960970
Amanda Mitchell,amandamitchell@yahoo.com,(0306) 999 0617
Glen Brown,glenbrown@hotmail.com,+44(0)191 4960970
Martin Stevens,martinstevens@yahoo.com,+44(0)1632 960 925
Sheila Knowles,sheilaknowles@hotmail.com,01214960691
Mohamed Hayward,mohamedhayward@yahoo.com,01514960215
Albert Tucker,alberttucker@hotmail.com,(029) 2018488
Louise Clarke,louiseclarke@hotmail.com,+44(0)131 496 0945
Ann West,annwest@hotmail.com,0115 4960881
Rachael Brown,rachaelbrown@yahoo.com,+441914960876
Angela Powell,angelapowell@hotmail.com,0116 496 0182
Lynda Murphy,lyndamurphy@gmail.com,(0306) 9990857
Bethan Hayes,bethanhayes@hotmail.com,(0121)4960676
Neil Hale,neilhale@yahoo.com,+44117 4960727
Christopher Barber,christopherbarber@yahoo.com,+441614960391
Brandon Clark,brandonclark@yahoo.com,(0191) 496 0535
Conor Dawson,conordawson@yahoo.com,+44(0)161 496 0313
Gordon Green,gordongreen@hotmail.com,(0141)4960504
Rosie Riley,rosieriley@hotmail.com,+44151 496 0790
Alison Harding,alisonharding@hotmail.com,(0118) 4960564
Ellie Khan,elliekhan@yahoo.com,01514960847
Sara Barry,sarabarry@gmail.com,(0117) 4960225
Carole Douglas,caroledouglas@gmail.com,028 9018 0069
Stephen Duffy,stephenduffy@gmail.com,01144960909
Helen Brookes,helenbrookes@yahoo.com,+44(0)191 496 0523
Joyce Webster,joycewebster@hotmail.com,0131 4960647
Denise Marsh,denisemarsh@yahoo.com,+44141 496 0052
Stuart Mason,stuartmason@hotmail.com,+44161 496 0369
Alison Gray,alisongray@hotmail.com,+44(0)29 2018629
Jeffrey Chapman,jeffreychapman@gmail.com,+4428 9018 0747
Andrew Ward,andrewward@gmail.com,+441174960583
Damien Murphy,damienmurphy@gmail.com,0114 4960569
Roger Elliott,rogerelliott@yahoo.com,(0141) 4960154
Trevor Pope,trevorpope@yahoo.com,+44(0)191 496 0966
Derek McKenzie,derekmckenzie@gmail.com,+44(0)29 2018082
Dylan Barlow,dylanbarlow@gmail.com,0161 4960417
Kimberley Patel,kimberleypatel@hotmail.com,+44114 4960891
Daniel Bradley,danielbradley@gmail.com,+4420 74960657
Stephen Simpson,stephensimpson@hotmail.com,+44(0)141 496 0016
Victoria Ward,victoriaward@hotmail.com,01174960004
Andrea Kirby,andreakirby@gmail.com,+44(0)115 496 0532
Sandra Davies,sandradavies@gmail.com,+44151 496 0952
Sandra Craig,sandracraig@gmail.com,+44(0)121 4960061
Mathew Nolan,mathewnolan@hotmail.com,(0116)4960440
Denise Jones,denisejones@yahoo.com,+44115 496 0123
Eric Atkins,ericatkins@hotmail.com,+44(0)28 9018 0989
Hilary Taylor,hilarytaylor@hotmail.com,+44(0)29 2018159
Stuart Smith,stuartsmith@yahoo.com,(0191)4960048
Joanna Hamilton,joannahamilton@yahoo.com,+4428 9018190
Molly Powell,mollypowell@gmail.com,+44(0)114 4960370
Joanne Sharp,joannesharp@hotmail.com,+44(0)114 496 0913
Ruth Turner,ruthturner@gmail.com,(0191) 496 0076
Scott Todd,scotttodd@gmail.com,0121 4960436
Raymond Sharpe,raymondsharpe@yahoo.com,(020) 7496 0746
Hayley Pearson,hayleypearson@hotmail.com,(0191) 496 0751
Christine Turner,christineturner@yahoo.com,020 7946 0722
Nicole Brown,nicolebrown@hotmail.com,+44(0)306 9990975
Lorraine O'Connor,lorraineo'connor@hotmail.com,+44131 4960600
Frederick Hobbs,frederickhobbs@hotmail.com,+44909 879 0484
Amy Wells,amywells@hotmail.com,+44(0)1184960339
Tom Davies,tomdavies@gmail.com,(0141) 496 0698
