name,email,phone
Marcus Bryan,marcusbryan@yahoo.com,(0117)4960897
Teresa Thornton,teresathornton@gmail.com,+44(0)292018721
Clare Green,claregreen@hotmail.com,(0191)4960578
Peter Hartley,peterhartley@yahoo.com,028 9018917
Brett Griffiths,brettgriffithsl@gmail.com,+44(0)1164960463
Jake Smith,jakesmith@yahoo.com,0113 496 0637
Vincent Yates,vincentyates@yahoo.com,+442074960759
Kerry Williams,kerrywilliams@gmail.com,0306 999 0322
Sally Anderson,sallyanderson@gmail.com,+44118 496 0058
Frances Knight,francesknight@yahoo.com,(0131) 4960375
Charlotte Porter,charlotteporter@yahoo.com,+441174960847
Owen Kennedy,owenkennedy@yahoo.com,(0117)4960957
Elizabeth Thornton,elizabeththornton@yahoo.com,(0116) 496 0629
Leanne Coleman,leannecoleman@gmail.com,0161 4960659
Cheryl Wilson,cherylwilson@yahoo.com,(0113) 496 0284
Bethan Wallace,bethanwallace@hotmail.com,+44(0)1174960076
Kathryn Lowe,kathrynlowe@yahoo.com,+44141 4960946
Jay Green,jaygreen@hotmail.com,+44(0)114 496 0280
Damien Reed,damienreed@yahoo.com,+44(0)117 4960461
Colin Stewart,colinstewart@yahoo.com,+44808 157 0738
Joyce Harrison,joyceharrison@gmail.com,+44(0)20 74960738
Lorraine Jones,lorrainejones@yahoo.com,(0151)4960296
Bethany Dunn,bethanydunn@hotmail.com,+44(0)3069990149
Carol Green,carolgreen@gmail.com,0151 496 0512
Francesca Gray,francescagray@yahoo.com,+443069990654
Jane Khan,janekhan@gmail.com,0121 496 0581
Sylvia Faulkner,sylviafaulkner@yahoo.com,08081570414
Bethan Butcher,bethanbutcher@gmail.com,+44(0)191 496 0388
Trevor Williams,trevorwilliams@yahoo.com,(0808) 1570881
Steven Phillips,stevenphillips@yahoo.com,(0116) 496 0285
Wendy Dickinson,wendydickinson@hotmail.com,+44(0)1214960092
Jeffrey Ahmed,jeffreyahmed@gmail.com,(028) 9018418
Graham Parker,grahamparker@yahoo.com,+44808 1570642
Alison Scott,alisonscott@hotmail.com,+44(0)1214960754
Paula Smith,paulasmith@hotmail.com,+44(0)161 496 0939
Amy Walker,amywalker@gmail.com,+44(0)116 4960976
Margaret French,margaretfrench@hotmail.com,(029)2018473
Holly White,hollywhite@hotmail.com,+44(0)1632960702
Rita Herbert,ritaherbert@hotmail.com,(0151)4960736
Janet Murray,janetmurray@gmail.com,+44(0)191 4960604
Gerald Dawson,geralddawson@gmail.com,+441154960418
Jean Foster,jeanfoster@yahoo.com,0115 4960646
Rachel Jones,racheljones@hotmail.com,0121 4960492
Michelle Davies,michelledavies@hotmail.com,+44(0)118 4960688
Tracey Cooper,traceycooper@yahoo.com,+441632 960 992
Norman Ashton,normanashton@yahoo.com,+44(0)1164960770
Shannon Newton,shannonnewton@hotmail.com,+44(0)1144960437
Alex Adams,alexadams@yahoo.com,+44306 999 0734
Daniel Brown,danielbrown@hotmail.com,(0151) 496 0985
Jasmine Chapman,jasminechapman@yahoo.com,+4429 2018 0339
Irene Baker,irenebaker@yahoo.com,+44114 496 0358
Pamela Walker,pamelawalker@yahoo.com,+441632 960 303
Lorraine Thomas,lorrainethomas@yahoo.com,01414960457
Louise Walsh,louisewalsh@gmail.com,+44(0)191 4960990
Gavin Jackson,gavinjackson@gmail.com,(0115) 496 0832
Kelly Burns,kellyburns@hotmail.com,(0151)4960986
Declan Jackson,declanjackson@hotmail.com,+44(0)141 4960066
Francesca Bennett,francescabennettu@yahoo.com,+44(0)1614960354
Elizabeth Cooper,elizabethcooper@hotmail.com,(01632) 960509
Mathew Robinson,mathewrobinson@yahoo.com,+44118 4960629
Jacqueline Richards,jacquelinerichards@yahoo.com,(0909) 879 0064
Kathryn Gardiner,kathryngardiner@gmail.com,+44(0)9098790035
Pamela Johnson,pamelajohnson@gmail.com,+4428 9018 0810
Darren Parkin,darrenparkin@yahoo.com,+44808 157 0561
John Hill,johnhill@hotmail.com,0121 4960554
Amy Walker,amywalker@yahoo.com,+44(0)306 999 0797
Sheila Singh,sheilasingh@gmail.com,+441632 960 761
Annette Turner,annetteturner@yahoo.com,0141 496 0894
Leonard Naylor,leonardnaylor@hotmail.com,+44(0)1174960600
Dominic Bailey,dominicbailey@hotmail.com,+44(0)1174960476
Harriet Robertson,harrietrobertson@yahoo.com,+44117 4960568
Debra Howell,debrahowell@yahoo.com,0117 496 0153
Joe Bell,joebell@hotmail.com,+44(0)29 2018514
Jessica Smith,jessicasmith@hotmail.com,+44(0)808 1570642
Julia Hopkins,juliahopkins@yahoo.com,(029)2018310
Michael White,michaelwhite@hotmail.com,(0151)4960174
Adrian Foster,adrianfoster@hotmail.com,0121 496 0410
Natasha Goddard,natashagoddard@yahoo.com,+44(0)141 4960698
Joshua Jones,joshuajonesR@gmail.com,(0118) 4960357
Nicole Daly,nicoledaly@hotmail.com,(0121) 496 0888
Stephanie Davis,stephaniedavis@hotmail.com,0131 496 0758
Lynda Johnson,lyndajohnson@hotmail.com,+44116 4960221
Anthony Barnes,anthonybarnes@gmail.com,(0131) 4960917
Melanie Gardner,melaniegardner@yahoo.com,+44(0)151 496 0059
Victoria Barton,victoriabarton@gmail.com,+44(0)28 9018587
Kathryn Jones,kathrynjones@hotmail.com,+44131 496 0414
Graham Oliver,grahamoliver@gmail.com,+4429 2018180
Sam Williams,samwilliams@yahoo.com,+44(0)116 496 0641
Patricia Begum,patriciabegum@hotmail.com,(0131) 4960852
Gregory Turner,gregoryturner@gmail.com,(028) 9018 0778
Christian Jones,christianjones@gmail.com,+44(0)29 2018 0856
Rosemary Wilson,rosemarywilson@gmail.com,+44(0)3069990709
Oliver Smith,oliversmith@gmail.com,(020) 7496 0067
Gerard Jones,gerardjones@yahoo.com,(01632) 960516
Rebecca Harper,rebeccaharper@gmail.com,(0118) 4960815
Julian Schofield,julianschofield@yahoo.com,+441614960702
Kate Phillips,katephillips@yahoo.com,+441614960753
Jean Hardy,jeanhardy@yahoo.com,01144960902
Vincent Armstrong,vincentarmstrong@gmail.com,(0114)4960610
Jessica Walker,jessicawalker@yahoo.com,0131 4960761
Leah Hall,leahhall@gmail.com,+44306 999 0920
Matthew Shepherd,matthewshepherd@gmail.com,+441632960232
Rebecca Davies,rebeccadavies@hotmail.com,(0141)4960593
Joshua Armstrong,joshuaarmstrong@yahoo.com,0909 8790563
Ellie Moore,elliemoore@yahoo.com,(0114) 496 0758
Gerald Green,geraldgreen@yahoo.com,(029) 2018747
Raymond Webb,raymondwebb@gmail.com,01184960594
Anne Hunt,annehunt@gmail.com,028 9018 0794
Eleanor Bennett,eleanorbennettp@yahoo.com,+4428 9018 0239
Iain Fowler,iainfowler@yahoo.com,(0131)4960614
Ross French,rossfrench@gmail.com,0909 8790279
Jean Donnelly,jeandonnelly@hotmail.com,01514960231
Kieran Young,kieranyoung@hotmail.com,+44(0)1632 960660
Simon Atkinson,simonatkinson@hotmail.com,+44(0)909 8790969
Tracey Holt,traceyholt@yahoo.com,(0113) 496 0390
Stacey Hall,staceyhall@yahoo.com,+4429 2018485
Janet Foster,janetfoster@gmail.com,+44(0)28 9018019
Judith Dale,judithdale@gmail.com,01632960235
Frances Green,francesgreen@hotmail.com,0115 496 0566
Marion Hill,marionhill@yahoo.com,+441164960309
Chloe Thompson,chloethompson@yahoo.com,+441514960312
Elliot Scott,elliotscott@yahoo.com,01414960332
Charles Archer,charlesarcher@gmail.com,0909 8790533
Deborah Hall,deborahhall@hotmail.com,+44(0)121 4960995
Philip Carpenter,philipcarpenter@yahoo.com,01164960279
Lynda Smith,lyndasmithk@hotmail.com,+4429 2018 0807
Barry Turnbull,barryturnbull@gmail.com,(0115)4960946
Lynda Douglas,lyndadouglas@gmail.com,01214960145
Carol Morrison,carolmorrison@gmail.com,0121 496 0941
Samantha Davis,samanthadavis@yahoo.com,+441914960762
Colin Parker,colinparker@gmail.com,+441154960214
Gareth Gibson,garethgibson@gmail.com,+441632 960 960
Ashleigh Garner,ashleighgarner@hotmail.com,(0131) 496 0713
Jayne Dodd,jaynedodd@gmail.com,+44(0)1632 960147
Kayleigh Williams,kayleighwilliams@yahoo.com,01314960746
Rachel Craig,rachelcraig@gmail.com,+44909 8790197
Jasmine Newman,jasminenewman@gmail.com,+44(0)1174960131
Garry Ali,garryali@gmail.com,+44151 496 0263
Mandy Edwards,mandyedwards@yahoo.com,(0306) 999 0544
Russell Stewart,russellstewart@yahoo.com,0114 496 0745
Gary Walton,garywalton@gmail.com,+44(0)1214960632
Mary Price,maryprice@gmail.com,(0141)4960871
Charlene Dixon,charlenedixon@yahoo.com,(028) 9018356
Ruth Thomas,ruththomas@hotmail.com,+441414960480
Vanessa Ball,vanessaball@yahoo.com,+44(0)191 4960618
Ben Taylor,bentaylor@yahoo.com,0117 496 0356
Rhys Turner,rhysturner@yahoo.com,+44808 157 0985
Michael Murphy,michaelmurphy@gmail.com,(0191)4960292
Georgina Vincent,georginavincent@yahoo.com,+44(0)1174960293
Maureen Martin,maureenmartin@hotmail.com,+44115 496 0562
Rhys Green,rhysgreen@hotmail.com,0116 4960499
Alexandra Ford,alexandraford@hotmail.com,(028)9018405
Timothy Wells,timothywells@yahoo.com,+441154960861
Holly Alexander,hollyalexander@gmail.com,0306 9990227
Hugh French,hughfrench@yahoo.com,+441414960141
Kenneth Simpson,kennethsimpson@hotmail.com,+44(0)1154960309
Nicola James,nicolajames@hotmail.com,0116 496 0644
Lewis Arnold,lewisarnold@hotmail.com,0141 4960490
Wendy Rowe,wendyrowe@hotmail.com,(0113) 4960924
Tom Holmes,tomholmes@gmail.com,(0131) 496 0147
Julian Singh,juliansingh@hotmail.com,0113 496 0028
Heather Ball,heatherball@gmail.com,+44(0)117 496 0968
Suzanne Hopkins,suzannehopkins@yahoo.com,+44(0)113 4960359
Gareth Herbert,garethherbert@gmail.com,01174960710
Stewart Cross,stewartcross@hotmail.com,0289018824
Janice Allan,janiceallan@hotmail.com,0117 4960463
Sheila Watson,sheilawatson@hotmail.com,(0131) 496 0284
Louise Tyler,louisetyler@hotmail.com,(0808) 157 0052
Hazel Jackson,hazeljackson@gmail.com,+441414960119
Bernard Harris,bernardharris@hotmail.com,01184960192
Connor Barnes,connorbarnes@hotmail.com,+44(0)1214960243
Amanda Shepherd,amandashepherd@yahoo.com,01632960335
Martyn Smith,martynsmith@gmail.com,+44(0)151 496 0930
Marion Marsh,marionmarsh@gmail.com,(0121)4960499
Joseph Payne,josephpayne@yahoo.com,+44161 4960505
Tom Whitehead,tomwhitehead@gmail.com,+44(0)808 1570892
Elliot Fuller,elliotfuller@hotmail.com,+441614960748
Beverley Hughes,beverleyhughes@hotmail.com,(01632) 960920
Gail Shaw,gailshaw@hotmail.com,01914960194
Elizabeth Mills,elizabethmills@yahoo.com,+44(0)306 9990911
Bernard Jones,bernardjones@hotmail.com,0306 9990408
Ryan Shaw,ryanshaw@hotmail.com,+44(0)113 496 0936
Judith Davison,judithdavison@yahoo.com,+44116 4960376
Anna Dawson,annadawson@yahoo.com,+44(0)1144960243
Ann Pollard,annpollard@hotmail.com,+44(0)161 4960805
Dale Robinson,dalerobinson@hotmail.com,020 7946 0998
Billy Pearson,billypearson@yahoo.com,0909 8790277
William Haynes,williamhaynes@gmail.com,01184960126
Jordan Kelly,jordankelly@hotmail.com,0115 496 0755
Craig Thompson,craigthompson@hotmail.com,+44808 1570191
Hilary Holmes,hilaryholmes@yahoo.com,020 7946 0936
Francesca Griffiths,francescagriffiths@hotmail.com,+44141 496 0600
Michelle Hall,michellehall@yahoo.com,+44(0)808 1570987
Rosie Barnes,rosiebarnes@hotmail.com,(0909)8790568
Heather Stokes,heatherstokes@gmail.com,0191 4960236
Samuel Morgan,samuelmorgan@hotmail.com,+441514960027
Adrian Dale,adriandale@hotmail.com,(0141) 496 0747
Catherine Bell,catherinebell@hotmail.com,(0141) 4960264
Ryan Roberts,ryanroberts@hotmail.com,+44(0)808 157 0261
Nicholas Wood,nicholaswood@yahoo.com,(0118) 496 0563
Jacqueline Bull,jacquelinebull@hotmail.com,01214960049
Declan Bowen,declanbowen@yahoo.com,+44(0)131 4960292
Debra Cole,debracole@gmail.com,(0121) 496 0135
Sylvia Cox,sylviacox@yahoo.com,+44909 879 0863
Jane Kelly,janekelly@gmail.com,0161 4960596
Sylvia Morris,sylviamorris@gmail.com,+44(0)161 496 0415
Emma Davis,emmadavis@gmail.com,01134960363
Lewis Perkins,lewisperkins@hotmail.com,+44(0)1414960567
Anna Middleton,annamiddleton@yahoo.com,(028) 9018 0671
Bethan Stephens,bethanstephens@yahoo.com,(0141) 496 0896
Christopher Townsend,christophertownsend@gmail.com,+44(0)29 2018195
Victor Kirk,victorkirk@yahoo.com,0114 4960391
Hilary Mason,hilarymason@hotmail.com,0306 999 0770
Nicholas Mills,nicholasmills@gmail.com,+44(0)28 9018998
Maria Nolan,marianolan@hotmail.com,(01632)960300
Judith Clayton,judithclayton@gmail.com,+441632960603
Tina Moore,tinamoore@hotmail.com,(0151) 496 0033
Dean Wade,deanwade@yahoo.com,(0131)4960522
Oliver Clarke,oliverclarke@hotmail.com,+449098790270
Alexander Joyce,alexanderjoyce@yahoo.com,01184960109
Lee Carter,leecarter@hotmail.com,0118 4960467
Owen Lloyd,owenlloyd@hotmail.com,+448081570412
Patrick Wilson,patrickwilson@yahoo.com,+44131 496 0640
Stephanie Roberts,stephanieroberts@yahoo.com,+44151 496 0045
Josh Thomas,joshthomas@yahoo.com,+441164960917
Kathleen Richards,kathleenrichards@gmail.com,+44(0)117 4960028
Jenna Martin,jennamartin@gmail.com,+441184960175
Ashleigh Kelly,ashleighkelly@gmail.com,(0131)4960745
Terence Moore,terencemoore@yahoo.com,(0121) 4960131
Max Jones,maxjones@yahoo.com,0114 496 0073
Grace Akhtar,graceakhtar@hotmail.com,0117 4960047
Leslie Page,lesliepage@yahoo.com,0161 4960198
Michelle Reynolds,michellereynolds@hotmail.com,(0909)8790111
Dawn Brooks,dawnbrooks@yahoo.com,(0909) 879 0254
Abigail Watts,abigailwatts@hotmail.com,0114 4960109
Derek West,derekwest@gmail.com,+44(0)20 7496 0582
Damien Butcher,damienbutcher@hotmail.com,+44(0)1914960505
Brian Hamilton,brianhamilton@gmail.com,(0114) 4960732
Jodie Woods,jodiewoods@yahoo.com,+4428 9018364
Patricia Evans,patriciaevans@hotmail.com,+44(0)1514960192
Aimee Miller,aimeemiller@yahoo.com,(0116)4960007
Gerald Chapman,geraldchapman@yahoo.com,020 7946 0914
Joanna Powell,joannapowell@hotmail.com,+44(0)116 496 0870
Stanley Dixon,stanleydixon@gmail.com,+44141 496 0205
Rosemary Clarke,rosemaryclarke@yahoo.com,+44(0)8081570834
Ross Davis,rossdavis@yahoo.com,+44(0)28 9018 0885
Graham Barker,grahambarker@gmail.com,+44115 496 0505
Raymond Tucker,raymondtucker@hotmail.com,09098790787
Albert Newton,albertnewton@yahoo.com,+441314960884
Ruth Cook,ruthcook@hotmail.com,0191 4960203
Denis Freeman,denisfreeman@yahoo.com,(0808)1570760
David Woodward,davidwoodward@gmail.com,+44(0)28 9018972
Kayleigh Hughes,kayleighhughes@yahoo.com,+443069990618
Graham Wall,grahamwall@yahoo.com,(029) 2018 0079
Eileen Stewart,eileenstewart@gmail.com,(0121) 496 0157
Kelly Hudson,kellyhudson@hotmail.com,(0118)4960696
Sophie Hayes,sophiehayes@hotmail.com,(0306) 9990082
Elliott Simpson,elliottsimpson@hotmail.com,+44(0)113 4960480
Terence Davis,terencedavis@yahoo.com,+44(0)1414960515
Nicola Lee,nicolalee@gmail.com,01414960004
Eileen Harris,eileenharris@hotmail.com,0131 4960414
Jayne Lord,jaynelord@gmail.com,020 74960295
Francis Wood,franciswood@gmail.com,+44118 496 0783
Charles Evans,charlesevans@gmail.com,+44(0)28 9018028
Harry Stewart,harrystewart@yahoo.com,(0141) 4960943
Carole Winter,carolewinter@hotmail.com,+44(0)28 9018 0146
Kenneth Taylor,kennethtaylor@yahoo.com,01214960886
Andrea Elliott,andreaelliott@yahoo.com,(0115) 496 0632
Sylvia Brown,sylviabrown@gmail.com,+44(0)118 496 0288
Terence Faulkner,terencefaulkner@yahoo.com,+44(0)191 496 0435
Ashleigh Ford,ashleighford@hotmail.com,+44306 9990073
Dorothy Kennedy,dorothykennedy@hotmail.com,+44(0)1614960437
Lindsey Cooper,lindseycooper@gmail.com,09098790257
Lynn Sanders,lynnsanders@gmail.com,029 2018 0098
Douglas Graham,douglasgraham@hotmail.com,0121 496 0608
Trevor Brown,trevorbrown@gmail.com,(0115)4960476
Cheryl Edwards,cheryledwards@yahoo.com,(0118)4960548
Anna Davis,annadavis@yahoo.com,(028) 9018378
Abdul Morris,abdulmorris@yahoo.com,+441632 960489
Barbara Griffiths,barbaragriffiths@hotmail.com,+44(0)909 879 0525
Reece Murray,reecemurray@hotmail.com,028 9018 0535
Nicola Browne,nicolabrowne@gmail.com,(0191) 496 0350
Katie Wheeler,katiewheeler@yahoo.com,020 74960419
Laura Marshall,lauramarshall@yahoo.com,0114 4960996
Hazel Stone,hazelstone@gmail.com,+441174960625
Lawrence Mason,lawrencemason@hotmail.com,+44161 496 0008
Dylan Stokes,dylanstokes@hotmail.com,01134960064
Yvonne Marshall,yvonnemarshall@yahoo.com,+441164960153
Hazel Lloyd,hazellloyd@yahoo.com,(01632)960615
Bradley Brady,bradleybrady@yahoo.com,+44(0)115 4960809
Natalie Day,natalieday@gmail.com,+44113 496 0918
Ruth Ward,ruthward@hotmail.com,+44(0)1184960194
Edward Marshall,edwardmarshall@gmail.com,+44(0)1214960616
Martyn Hill,martynhill@hotmail.com,(0151)4960788
Angela Baker,angelabaker@hotmail.com,(028) 9018499
Geoffrey Morris,geoffreymorris@gmail.com,+44(0)116 496 0940
Alison Smith,alisonsmith@yahoo.com,0909 8790256
Clifford Porter,cliffordporter@gmail.com,0114 4960077
Bethan Harrison,bethanharrison@gmail.com,+44115 4960273
Charles Herbert,charlesherbert@hotmail.com,(0114) 496 0936
Diana Jones,dianajones@yahoo.com,+44131 496 0736
Nicola Charlton,nicolacharlton@hotmail.com,+44161 4960421
Douglas Brown,douglasbrown@gmail.com,+44131 496 0972
Helen Kaur,helenkaur@gmail.com,01914960750
Jacqueline Butcher,jacquelinebutcher@hotmail.com,+441214960731
Eric Roberts,ericroberts@gmail.com,0117 496 0135
Aimee Clarke,aimeeclarke@gmail.com,01144960104
Jacqueline Hall,jacquelinehall@gmail.com,+44(0)116 4960314
Frank Thompson,frankthompson@hotmail.com,+44808 157 0749
Marc Evans,marcevans@yahoo.com,+4429 2018 0270
Harry Jones,harryjones@gmail.com,01632960242
Ashley Phillips,ashleyphillips@yahoo.com,+44(0)808 157 0053
Gerard Barnes,gerardbarnes@gmail.com,+44(0)118 496 0574
Mohammed Hudson,mohammedhudson@yahoo.com,+44113 4960688
Kate Porter,kateporter@hotmail.com,01614960645
Phillip Lees,philliplees@yahoo.com,(0118) 4960415
Declan Watts,declanwatts@gmail.com,(029) 2018 0522
Louis Sullivan,louissullivan@gmail.com,+4429 2018 0854
Craig Fletcher,craigfletcher@hotmail.com,(0909) 879 0437
Abigail Sutton,abigailsutton@hotmail.com,0161 4960697
Kim Hughes,kimhughes@gmail.com,01914960497
Keith French,keithfrench@gmail.com,0191 498 0553
Shannon Evans,shannonevans@yahoo.com,+44(0)306 999 0598
Mary Jones,maryjones@hotmail.com,+44114 496 0407
Leigh Franklin,leighfranklin@gmail.com,0161 4960674
Leigh Stanley,leighstanley@yahoo.com,(0131) 496 0584
Vincent Charlton,vincentcharlton@yahoo.com,+449098790687
Daniel Taylor,danieltaylor@yahoo.com,+44909 879 0760
Louise Fletcher,louisefletcher@yahoo.com,+44(0)114 496 0083
Kate Middleton,katemiddleton@hotmail.com,(0118) 496 0765
Antony Young,antonyyoung@yahoo.com,028 9018343
Alison Knight,alisonknight@yahoo.com,+44(0)1314960013
Maureen Jackson,maureenjackson@gmail.com,+44(0)116 4960543
Andrew Short,andrewshort@yahoo.com,+44(0)191 496 0168
Russell Robinson,russellrobinson@gmail.com,(01632) 960 592
Kerry Wilson,kerrywilson@yahoo.com,0808 157 0041
Samuel Kemp,samuelkemp@gmail.com,+44(0)306 9990142
Nathan Hunt,nathanhunt@hotmail.com,01174960002
Amanda Jackson,amandajackson@gmail.com,(028) 9018 0266
Brian Parkinson,brianparkinson@yahoo.com,(020)74960126
Jay Davies,jaydavies@gmail.com,0909 8790808
Frances Andrews,francesandrews@gmail.com,(0117)4960065
Rebecca Reed,rebeccareed@yahoo.com,+441184960801
Marc Thompson,marcthompson@gmail.com,+44808 1570622
Elaine Wood,elainewood@gmail.com,08081570849
Francesca Metcalfe,francescametcalfe@yahoo.com,01174960564
Laura Evans,lauraevans@hotmail.com,0115 496 0459
Paul Sheppard,paulsheppard@hotmail.com,0191 498 0751
Victor Clarke,victorclarke@yahoo.com,+44191 4960069
Lydia Dunn,lydiadunn@yahoo.com,+44(0)28 9018509
Tom Ali,tomali@gmail.com,(0121) 4960971
Elliott Bull,elliottbull@gmail.com,0115 496 0526
Dennis Jackson,dennisjackson@hotmail.com,0113 4960406
Geraldine Hill,geraldinehill@hotmail.com,+44(0)1314960756
Jeffrey Mistry,jeffreymistry@gmail.com,+44(0)1414960029
Melissa Stephenson,melissastephenson@yahoo.com,+44292018865
Paula Rowe,paularowe@gmail.com,+4420 74960769
Ann Taylor,anntaylor@yahoo.com,+441632 960930
Graeme Williams,graemewilliams@yahoo.com,08081570795
Natalie Matthews,nataliematthews@hotmail.com,+44(0)191 496 0724
Harry Stewart,harrystewart@hotmail.com,0113 496 0905
Alan Bradley,alanbradley@hotmail.com,(0116) 496 0158
Eric Williams,ericwilliams@yahoo.com,+4429 2018 0010
Leslie Roberts,leslieroberts@hotmail.com,+44(0)29 2018 0954
Bethany Parkes,bethanyparkes@gmail.com,+44(0)116 4960564
Frances Allen,francesallen@gmail.com,0118 496 0493
Lucy Morris,lucymorris@hotmail.com,+44(0)808 157 0106
Lewis Khan,lewiskhan@gmail.com,(0114)4960712
Oliver Bailey,oliverbailey@yahoo.com,0909 879 0941
Hollie Clark,hollieclark@gmail.com,+441414960231
Derek Phillips,derekphillips@hotmail.com,+441174960658
Shannon Franklin,shannonfranklin@hotmail.com,+4428 9018193
Maureen Edwards,maureenedwards@gmail.com,(0306) 999 0931
John Saunders,johnsaunders@yahoo.com,+44(0)1614960195
Scott Gray,scottgray@hotmail.com,+44(0)20 7496 0110
Julian Taylor,juliantaylor@hotmail.com,(0116) 4960952
Marie Bennett,mariebennett@hotmail.com,(0909) 879 0883
Alice Walker,alicewalker@hotmail.com,(0161) 4960800
Eleanor Davison,eleanordavison@yahoo.com,0151 496 0639
Danielle Norman,daniellenorman@hotmail.com,020 74960760
Sarah Mistry,sarahmistry@yahoo.com,+44(0)909 8790286
Sara Gordon,saragordon@yahoo.com,(0116)4960546
Kieran Gardner,kierangardner@yahoo.com,(0121) 496 0180
Nicola Smith,nicolasmith@yahoo.com,(0114) 496 0325
Brett Whitehouse,brettwhitehouse@hotmail.com,(0115) 496 0507
Damian Holmes,damianholmes@yahoo.com,(0306) 9990686
Yvonne Anderson,yvonneanderson@hotmail.com,02074960995
Elliot Wright,elliotwright@yahoo.com,+44(0)115 4960778
Rita Buckley,ritabuckley@gmail.com,+44(0)131 4960780
Yvonne Fisher,yvonnefisher@hotmail.com,+44116 4960396
Matthew Johnson,matthewjohnson@hotmail.com,+441632 960952
Tina Vaughan,tinavaughan@yahoo.com,+44909 879 0203
Trevor Burrows,trevorburrows@hotmail.com,+44(0)28 9018733
Abigail Young,abigailyoung@yahoo.com,(0808) 1570922
Lindsey Peacock,lindseypeacock@gmail.com,(0114) 4960693
Natalie Pollard,nataliepollard@hotmail.com,+442074960316
Liam Allen,liamallen@gmail.com,01914960711
Katherine Campbell,katherinecampbell@yahoo.com,0114 4960234
James Harding,jamesharding@hotmail.com,(0141)4960456
Marion Williams,marionwilliams@gmail.com,0141 4960336
