name,email,phone
Colin Smith,colinsmith@yahoo.com,+44118 4960837
Francesca Walsh,francescawalsh@yahoo.com,+44(0)1214960929
Rhys Thomas,rhysthomas@gmail.com,0118 4960338
Marilyn Stanley,marilynstanley@yahoo.com,(0118) 4960414
Clare West,clarewest@hotmail.com,(0116)4960131
Alexander Campbell,alexandercampbell@hotmail.com,+44151 4960630
William Khan,williamkhan@hotmail.com,0131 4960155
Janet Harris,janetharris@yahoo.com,+44113 4960775
Harry Mason,harrymason@yahoo.com,+448081570097
Kirsty Allen,kirstyallen@hotmail.com,0909 879 0415
Elliott Murphy,elliottmurphy@gmail.com,(0118) 4960606
Megan Doyle,megandoyle@hotmail.com,0116 496 0790
Derek Bowen,derekbowen@gmail.com,01314960888
Gordon Wright,gordonwright@yahoo.com,0118 496 0251
Francesca Farmer,francescafarmer@hotmail.com,+44(0)1632960004
Dale Goodwin,dalegoodwin@yahoo.com,+441632 960860
Marian Smith,mariansmith@yahoo.com,+44(0)1214960647
Nathan Smith,nathansmith@yahoo.com,(0113) 4960175
Russell Harvey,russellharvey@hotmail.com,(020)74960545
John Mitchell,johnmitchell@hotmail.com,0131 4960114
Natalie Hammond,nataliehammond@yahoo.com,01614960590
Laura Smith,laurasmith@hotmail.com,+44(0)1914960470
Ricky Holland,rickyholland@gmail.com,+44141 496 0872
Mark Clark,markclark@hotmail.com,+44(0)1614960679
Natalie Elliott,natalieelliott@hotmail.com,+44(0)1174960492
Pauline Brown,paulinebrown@yahoo.com,+44(0)1174960555
Kate Morgan,katemorgan@yahoo.com,0116 496 0958
Adrian Kelly,adriankelly@gmail.com,+44131 4960297
Donna Bradley,donnabradley@gmail.com,+44(0)141 4960183
Christian Walker,christianwalkerO@gmail.com,020 74960989
Ross Ward,rossward@yahoo.com,+44(0)1134960410
Sophie Simpson,sophiesimpson@hotmail.com,+441632 960042
Mitchell Dale,mitchelldale@hotmail.com,+4429 2018 0999
Barbara Hall,barbarahall@hotmail.com,+44117 4960109
Wendy Hughes,wendyhughes@gmail.com,0909 8790307
Guy Doyle,guydoyle@gmail.com,02074960724
Ruth Murphy,ruthmurphy@yahoo.com,+441632 960 567
Derek Holloway,derekholloway@gmail.com,+441214960200
Heather Knight,heatherknight@hotmail.com,(029)2018251
Patrick Brown,patrickbrown@gmail.com,(0161) 496 0680
Leigh Patel,leighpatel@yahoo.com,+44141 496 0683
Annette Davidson,annettedavidson@yahoo.com,+44(0)1414960291
Mathew Sullivan,mathewsullivan@gmail.com,+44191 4960445
Heather Baker,heatherbaker@gmail.com,+44131 496 0265
Lynne Bishop,lynnebishop@gmail.com,+44808 1570793
Amy Byrne,amybyrne@gmail.com,(0151)4960406
Margaret Bailey,margaretbailey@gmail.com,01214960447
Gerald Blackburn,geraldblackburn@gmail.com,0909 8790557
Harry Williams,harrywilliams@yahoo.com,0131 496 0823
Reece Kay,reecekay@gmail.com,(0909) 879 0912
Carl Singh,carlsingh@hotmail.com,0121 496 0369
Sian Kirby,siankirby@yahoo.com,0113 4960099
Gemma Hamilton,gemmahamilton@hotmail.com,+44(0)29 2018 0367
Guy Jones,guyjones@gmail.com,+441184960008
Lynne Smith,lynnesmith@gmail.com,+44(0)3069990962
Jennifer Greenwood,jennifergreenwood@yahoo.com,+44(0)1914960526
Bradley Edwards,bradleyedwards@gmail.com,+44113 496 0282
Carole Abbott,caroleabbott@hotmail.com,+44116 4960986
Matthew Miller,matthewmiller@yahoo.com,+44118 496 0880
Tracey Clark,traceyclark@gmail.com,(0909)8790428
Clifford Coleman,cliffordcoleman@hotmail.com,(0161) 496 0547
Sally Buckley,sallybuckley6@yahoo.com,01632 960054
Andrew Holmes,andrewholmes@yahoo.com,+44(0)151 496 0702
Kerry Rogers,kerryrogers@gmail.com,+44(0)808 157 0385
Benjamin Saunders,benjaminsaunders@yahoo.com,+441144960036
Naomi Davies,naomidavies@gmail.com,(0141) 4960473
Glen Joyce,glenjoyce@yahoo.com,+44(0)909 8790691
Fiona Cunningham,fionacunningham@hotmail.com,+441164960259
Leigh Phillips,leighphillips@hotmail.com,+44151 4960501
Andrew Blake,andrewblake@hotmail.com,+441632960861
Francesca Warner,francescawarner@hotmail.com,0117 496 0316
Michelle Armstrong,michellearmstrong@hotmail.com,+44114 4960649
Leah Williamson,leahwilliamson@yahoo.com,+44(0)29 2018 0671
Emily Myers,emilymyers@gmail.com,0808 157 0508
Vincent Slater,vincentslater@yahoo.com,+44115 496 0607
Adrian Miles,adrianmiles@gmail.com,+44(0)1632 960 325
Thomas Lawson,thomaslawson@gmail.com,+44808 1570842
Ian Stephens,ianstephens@hotmail.com,(0114)4960059
Sheila Cooper,sheilacooper@hotmail.com,+44(0)191 496 0733
George Andrews,georgeandrews@gmail.com,+44(0)116 496 0428
Alison Reeves,alisonreeves@gmail.com,+44(0)1632960197
Robin Rees,robinrees@yahoo.com,(0116)4960927
Sian Gardner,siangardner@yahoo.com,+441134960725
Hilary Evans,hilaryevans@gmail.com,(01632) 960 209
Adrian Moore,adrianmoore@yahoo.com,0306 9990975
Benjamin James,benjaminjames@yahoo.com,+44118 496 0049
Gerard Ryan,gerardryan@gmail.com,+44(0)808 1570456
Emily Potter,emilypotter@gmail.com,+44141 496 0244
Jack Smith,jacksmith@hotmail.com,+44(0)289018983
Hannah Wilson,hannahwilson@gmail.com,+44121 4960694
Shirley Smith,shirleysmith@gmail.com,01632 960 331
Julia Dunn,juliadunn@yahoo.com,01632960865
Antony Smith,antonysmith@hotmail.com,+44(0)1144960957
Russell Chapman,russellchapman@yahoo.com,(020) 74960730
Rachel Gray,rachelgray@yahoo.com,0131 4960465
Charlene Manning,charlenemanning@gmail.com,(0115) 4960569
Shaun Patel,shaunpatel@hotmail.com,(0113)4960946
Jayne Reeves,jaynereeves@yahoo.com,(029) 2018721
Christian Clark,christianclark@yahoo.com,(028) 9018 0735
Clifford Williamson,cliffordwilliamson@hotmail.com,0116 4960087
Jean Brown,jeanbrown@gmail.com,01134960301
Jessica Barrett,jessicabarrett@hotmail.com,+44(0)116 496 0504
William Wilson,williamwilson@hotmail.com,+44121 496 0623
Angela King,angelaking@gmail.com,(028)9018048
Lee Moss,leemoss@yahoo.com,+44(0)1164960772
Paige Forster,paigeforster@hotmail.com,01154960680
Debra Jones,debrajones@yahoo.com,+44(0)115 496 0737
Daniel McDonald,danielmcdonald@gmail.com,+44808 157 0871
Natasha Rogers,natasharogers@gmail.com,(01632) 960 661
Diana Jones,dianajones@gmail.com,01314960433
Christopher O'Brien,christophero'brien@yahoo.com,(020)74960339
Toby Giles,tobygiles@gmail.com,0191 498 0047
Sarah Howard,sarahhoward@gmail.com,0161 4960137
Peter Rogers,peterrogers@gmail.com,(0151) 4960218
Craig Fitzgerald,craigfitzgerald@yahoo.com,0161 4960879
Pamela Thomas,pamelathomas@hotmail.com,(0808) 1570473
Eric White,ericwhite@gmail.com,0909 8790686
Brandon Fraser,brandonfraser@hotmail.com,+44116 496 0533
Arthur Nash,arthurnash@gmail.com,+441164960786
Hazel Ali,hazelali@gmail.com,09098790285
Eileen Smith,eileensmith@hotmail.com,+44(0)191 4960568
Joanna Bray,joannabray@yahoo.com,+449098790099
Bethan Ellis,bethanellis@hotmail.com,+442074960214
Angela Gallagher,angelagallagher@gmail.com,+449098790884
Damien Edwards,damienedwards@gmail.com,+44117 496 0719
Peter Holden,peterholden@yahoo.com,(0116) 4960546
Stacey Thompson,staceythompson@gmail.com,+4429 2018 0818
Jade Johnson,jadejohnson@hotmail.com,020 7946 0488
Suzanne Evans,suzanneevans@yahoo.com,+44115 496 0711
Leonard Begum,leonardbegum@hotmail.com,0808 157 0641
Cameron Holmes,cameronholmes@yahoo.com,(028)9018753
Lucy Collins,lucycollins@gmail.com,+44191 4960856
Gareth Stewart,garethstewart@hotmail.com,(0116) 496 0636
Dale Hill,dalehill@gmail.com,01174960196
Laura Roberts,lauraroberts@yahoo.com,+44116 496 0718
Shane White,shanewhite@gmail.com,(0306) 9990333
Clive Hunt,clivehunt@gmail.com,0118 4960835
Ryan Young,ryanyoung@yahoo.com,+44(0)9098790180
William Davies,williamdavies3@gmail.com,+443069990613
Denis Bartlett,denisbartlett@gmail.com,(0151) 496 0050
Diana Cooper,dianacooper@gmail.com,0808 157 0933
Wayne Day,wayneday@gmail.com,+44(0)115 4960979
Joshua Lee,joshualee@hotmail.com,(01632)960423
Kathryn Owen,kathrynowen@hotmail.com,0306 9990124
Debra James,debrajames@hotmail.com,(01632) 960 157
Guy West,guywest@gmail.com,029 2018 0760
Julie Phillips,juliephillips@hotmail.com,+441214960449
Craig Thomson,craigthomson@gmail.com,01414960467
Julia Slater,juliaslater@gmail.com,+44(0)1174960566
Sara Butler,sarabutler@yahoo.com,+441414960264
Anthony Jones,anthonyjones@yahoo.com,+44(0)115 4960301
Kelly Evans,kellyevans@hotmail.com,+44(0)1214960163
Karl Baker,karlbaker@hotmail.com,+44808 1570571
Barry Bowen,barrybowen@gmail.com,+44(0)29 2018 0339
Carole Phillips,carolephillips@yahoo.com,(0151) 496 0527
Jenna Alexander,jennaalexander@yahoo.com,+44808 157 0731
Cheryl Townsend,cheryltownsend@gmail.com,(0161) 496 0999
Linda Freeman,lindafreeman@yahoo.com,(0161) 4960115
Holly Hutchinson,hollyhutchinson@gmail.com,+44(0)1144960828
Carl Wilson,carlwilson@hotmail.com,+44(0)9098790829
Sian Bennett,sianbennett@hotmail.com,+441134960458
Kenneth Richardson,kennethrichardson@hotmail.com,+44306 9990586
Yvonne Barber,yvonnebarber@gmail.com,01214960388
Shannon Walker,shannonwalker@yahoo.com,(0115)4960307
Lydia Rogers,lydiarogers@gmail.com,+44289018047
Kayleigh Williams,kayleighwilliams@gmail.com,(020)74960532
Ellie Bryan,elliebryan@yahoo.com,+44(0)306 999 0367
Paul Rowe,paulrowe@hotmail.com,(0118) 496 0617
Mohammed Hunt,mohammedhunt@gmail.com,(0909)8790800
Vincent Brown,vincentbrown@hotmail.com,+4428 9018310
Carol Stevens,carolstevens@yahoo.com,(0113)4960875
Emily Porter,emilyporter@gmail.com,+44(0)909 8790725
Jasmine Roberts,jasmineroberts@yahoo.com,+44(0)1214960246
Amber Stone,amberstone@hotmail.com,+44141 496 0404
Gregory Smith,gregorysmith@hotmail.com,028 9018230
Benjamin Robson,benjaminrobson@yahoo.com,0114 4960059
Gillian White,gillianwhite@yahoo.com,(0191)4960333
Simon Jenkins,simonjenkins@gmail.com,+44(0)289018650
Leslie Simmons,lesliesimmons@gmail.com,+44116 496 0196
Grace Chamberlain,gracechamberlain@yahoo.com,+44118 4960038
Joan Foster,joanfoster@hotmail.com,+44(0)306 9990162
Janice Griffiths,janicegriffiths@gmail.com,+44131 496 0674
Rosemary Howe,rosemaryhowe@yahoo.com,+441174960979
Katie Farmer,katiefarmer@yahoo.com,+44116 4960325
Anne Rogers,annerogers@gmail.com,0131 4960229
Jordan Daniels,jordandaniels@gmail.com,08081570877
Simon Rogers,simonrogers@hotmail.com,0117 496 0294
Ashleigh Bennett,ashleighbennett@hotmail.com,(0808) 1570551
Scott Taylor,scotttaylor@gmail.com,(0306)9990616
John Jones,johnjones@yahoo.com,01414960627
Josephine Humphries,josephinehumphries@yahoo.com,+4420 74960172
Phillip Bray,phillipbray@hotmail.com,+441184960144
Teresa Jones,teresajones@gmail.com,(0141)4960032
Diane Ward,dianeward@gmail.com,02074960590
Garry Thomas,garrythomas@gmail.com,+4420 74960464
Oliver Murray,olivermurray@gmail.com,(0808)1570245
Jayne Jones,jaynejones@gmail.com,+44115 4960372
Georgia Iqbal,georgiaiqbal@hotmail.com,+44(0)151 4960680
Clive Ali,cliveali@hotmail.com,(0306)9990958
Lawrence Lamb,lawrencelamb@yahoo.com,+44(0)306 9990106
Nathan Clarke,nathanclarke@hotmail.com,+44(0)161 496 0711
Carly Turner,carlyturner@yahoo.com,+44(0)121 496 0494
Joanna Wood,joannawood@gmail.com,(020) 74960251
Jason Butler,jasonbutler@yahoo.com,0141 4960674
Nicholas Foster,nicholasfoster@yahoo.com,+441314960739
Natalie Pearce,nataliepearce@hotmail.com,+44113 4960108
Sophie Mills,sophiemills@gmail.com,(0121) 4960539
Victoria Stephens,victoriastephens@yahoo.com,+44141 4960726
Gareth Powell,garethpowellh@gmail.com,+44(0)118 496 0201
George Warren,georgewarren@hotmail.com,+441632 960213
Howard Taylor,howardtaylor@hotmail.com,(0131) 4960069
David Chan,davidchan@gmail.com,+44(0)115 4960103
Suzanne Wood,suzannewood@hotmail.com,0113 496 0331
Connor McDonald,connormcdonald@hotmail.com,+441164960053
Joshua Young,joshuayoung@gmail.com,029 2018701
Amelia Green,ameliagreen@yahoo.com,+44(0)2074960067
Duncan May,duncanmay@hotmail.com,+4420 74960247
Gerald Norris,geraldnorris@hotmail.com,(029) 2018943
Leigh Willis,leighwillis@hotmail.com,+4429 2018 0047
Charlie Davison,charliedavison@gmail.com,01214960546
Tracy Barnett,tracybarnett@hotmail.com,(0808) 1570743
Lisa Ahmed,lisaahmed@gmail.com,01632960805
Robin Hancock,robinhancock@gmail.com,(0113) 4960539
Alexander Richardson,alexanderrichardson@hotmail.com,01184960716
Sally Johnston,sallyjohnston@hotmail.com,+44191 496 0873
Joanne West,joannewest@gmail.com,+4428 9018022
Stephanie Andrews,stephanieandrews@hotmail.com,01514960684
Rosie Whitehead,rosiewhitehead@hotmail.com,(0808)1570022
Andrea Mason,andreamason@gmail.com,+44(0)1514960663
Wayne Owen,wayneowen@yahoo.com,+44(0)121 496 0366
Sally Buckley,sallybuckley@hotmail.com,+44(0)191 4960243
Abbie Wright,abbiewright@gmail.com,0131 496 0265
Amy Watkins,amywatkins@yahoo.com,+44289018411
Zoe Dixon,zoedixon@hotmail.com,(0141)4960745
Ian Cunningham,iancunningham@yahoo.com,(0114) 496 0742
Albert Jarvis,albertjarvis@hotmail.com,01632960824
Rita Hall,ritahall@gmail.com,+44(0)1184960430
Lesley Crawford,lesleycrawford@gmail.com,+441614960965
Joe Green,joegreen@yahoo.com,+44118 496 0905
Margaret Brown,margaretbrown@hotmail.com,+441214960060
Linda Brown,lindabrown@hotmail.com,(0117) 496 0288
Mandy Evans,mandyevans@gmail.com,+448081570559
Ryan Byrne,ryanbyrne@yahoo.com,0306 999 0153
Ian Bishop,ianbishop@yahoo.com,+44118 4960840
Philip Rose,philiprose@hotmail.com,0116 496 0065
Thomas Morgan,thomasmorganH@yahoo.com,+44131 4960237
Alison Patel,alisonpatel@gmail.com,+4428 9018 0652
Craig Humphreys,craighumphreys@gmail.com,+44(0)1134960200
Marc Dickinson,marcdickinson@hotmail.com,+449098790715
Megan Hawkins,meganhawkins@hotmail.com,029 2018 0208
Dean Clarke,deanclarke@hotmail.com,+44(0)1134960209
Ryan Patel,ryanpatel@gmail.com,+44(0)114 496 0968
Thomas Hill,thomashill@yahoo.com,+44(0)1632 960 049
Patricia Hanson,patriciahanson@yahoo.com,0121 496 0908
Melissa Smith,melissasmith@hotmail.com,03069990676
Frederick Bevan,frederickbevan@gmail.com,(0115)4960979
Geoffrey Jackson,geoffreyjackson@gmail.com,(0909)8790692
Rhys Rowley,rhysrowley@gmail.com,+441184960742
Mathew Harris,mathewharris@yahoo.com,(0306) 999 0905
Craig Humphries,craighumphries@gmail.com,+44114 4960923
Gerald Long,geraldlong@hotmail.com,(0113)4960355
Geoffrey Hodgson,geoffreyhodgson@hotmail.com,(0909) 8790184
Toby Evans,tobyevans@hotmail.com,01914960982
Rebecca Wright,rebeccawright@gmail.com,(029)2018182
Scott Morgan,scottmorgan@hotmail.com,0306 999 0328
Beth Rowe,bethrowe@gmail.com,(028) 9018 0454
Diane Vaughan,dianevaughan@hotmail.com,(0114)4960887
Stewart Clarke,stewartclarke@hotmail.com,(020) 74960391
Frank Carpenter,frankcarpenter@hotmail.com,+441514960322
Gerard Shaw,gerardshaw@yahoo.com,0115 4960579
Clive Moore,clivemoore@gmail.com,01314960123
Graham Sheppard,grahamsheppard@gmail.com,+449098790206
Chloe Clark,chloeclark@yahoo.com,+443069990426
David Hodgson,davidhodgson@yahoo.com,0909 8790976
Debra Fry,debrafry@gmail.com,+44(0)121 496 0324
Brenda Graham,brendagraham@hotmail.com,+441632960768
Wendy Miles,wendymiles@hotmail.com,(0141) 4960003
Daniel Smith,danielsmith@hotmail.com,+44(0)113 496 0720
Thomas Humphreys,thomashumphreys@gmail.com,+441214960942
Georgina Lamb,georginalamb@hotmail.com,(0306) 999 0799
Ashley Berry,ashleyberry@gmail.com,+44(0)116 496 0613
Emma Hamilton,emmahamilton@hotmail.com,0909 879 0359
Sandra Bell,sandrabell@gmail.com,+44(0)114 4960290
Jeremy Cole,jeremycole@yahoo.com,+443069990696
Joan Robinson,joanrobinson@gmail.com,0117 4960852
Ruth Williams,ruthwilliams@hotmail.com,+441164960775
Ashleigh Davidson,ashleighdavidson@gmail.com,(0116) 496 0742
Adam Williams,adamwilliams@gmail.com,+44(0)141 4960965
Molly Riley,mollyriley@hotmail.com,(0131) 4960601
Adrian Jones,adrianjones1@yahoo.com,(0113) 496 0398
Alex King,alexking@hotmail.com,0141 496 0456
Caroline Edwards,carolineedwards@hotmail.com,+44(0)121 4960216
Kenneth Field,kennethfield@gmail.com,(0114) 496 0768
Holly Grant,hollygrant@gmail.com,0113 496 0126
Elliot Clarke,elliotclarke@yahoo.com,+44(0)114 496 0749
Adrian Davis,adriandavis@gmail.com,0191 4960214
Teresa Lowe,teresalowe@yahoo.com,(0117)4960020
Margaret Lee,margaretlee@yahoo.com,(020) 74960243
Amelia Ellis,ameliaellis@gmail.com,+44(0)29 2018 0090
Wayne Bruce,waynebruce@hotmail.com,(0114) 4960206
Marian Perry,marianperry@hotmail.com,(0131) 4960393
Iain Butcher,iainbutcher@gmail.com,0115 4960284
Rebecca Smith,rebeccasmith@hotmail.com,+44(0)1154960685
Melissa Barnes,melissabarnes@yahoo.com,(0115) 4960847
Hazel Bartlett,hazelbartlett@hotmail.com,(0131)4960090
Dean Kelly,deankelly@hotmail.com,+441632 960 762
Suzanne Johnson,suzannejohnson@yahoo.com,(028) 9018 0001
Hugh Hanson,hughhanson@yahoo.com,(0115) 4960655
Nicole Little,nicolelittle@hotmail.com,+44(0)292018698
Clifford Sims,cliffordsims@yahoo.com,+44131 4960477
Adrian Jones,adrianjonesV@hotmail.com,01514960003
Hugh Lewis,hughlewis@gmail.com,+44(0)114 4960985
Jill Edwards,jilledwards@yahoo.com,+44(0)1514960262
Anthony Wilkinson,anthonywilkinson@gmail.com,0161 496 0546
Duncan Peacock,duncanpeacock@hotmail.com,0116 496 0514
Gordon Morrison,gordonmorrisona@hotmail.com,(0117) 4960533
Frances Price,francesprice@gmail.com,+44808 1570974
Allan Murphy,allanmurphy@hotmail.com,+44118 496 0453
Lorraine Williams,lorrainewilliams@gmail.com,029 2018 0725
Sam Bentley,sambentley@yahoo.com,+44(0)114 496 0733
Darren Davies,darrendavies@yahoo.com,(0191) 496 0063
Georgina Bruce,georginabruce@hotmail.com,(020) 7496 0385
Amanda Taylor,amandataylor@gmail.com,+44131 4960718
Trevor Begum,trevorbegum@hotmail.com,01184960722
Kerry Wilson,kerrywilson@gmail.com,+44(0)1632960855
Shannon Smith,shannonsmith@yahoo.com,0113 4960543
Deborah Clark,deborahclark@hotmail.com,(0115) 496 0727
Louise George,louisegeorge@hotmail.com,+44(0)29 2018 0106
Diane Wallace,dianewallace@yahoo.com,01174960054
Terry Foster,terryfoster@yahoo.com,+44(0)116 496 0241
Sean Taylor,seantaylor@yahoo.com,+44(0)121 4960413
Emma Stone,emmastone@yahoo.com,+44117 496 0307
Cameron Dean,camerondean@yahoo.com,+44121 4960998
Dale Parker,daleparker@hotmail.com,+44(0)191 496 0667
Allan Curtis,allancurtis@gmail.com,+441314960296
Bernard Kennedy,bernardkennedy@hotmail.com,0116 496 0445
Steven Roberts,stevenroberts@hotmail.com,+44(0)191 4960256
Jade Wilkinson,jadewilkinson@hotmail.com,+4428 9018 0198
Alexander O'Donnell,alexandero'donnell@hotmail.com,(020)74960690
Naomi Moore,naomimoore@gmail.com,+4429 2018463
Sarah Ellis,sarahellis@hotmail.com,+44(0)28 9018 0860
Marc Scott,marcscott@hotmail.com,(0191) 4960978
Lindsey Griffiths,lindseygriffiths@yahoo.com,0191 498 0788
Allan Glover,allanglover@yahoo.com,0116 496 0397
Katy Hawkins,katyhawkins@hotmail.com,0292018948
Claire Lowe,clairelowe@hotmail.com,+44(0)141 496 0099
Dorothy Thomas,dorothythomas@yahoo.com,(0117)4960814
Stephen Pearson,stephenpearson@yahoo.com,0131 4960325
Arthur Brooks,arthurbrooks@gmail.com,01184960084
Rosie Reeves,rosiereeves@yahoo.com,+4429 2018882
Daniel Fowler,danielfowler@yahoo.com,01214960766
Amy Bull,amybull@hotmail.com,(0151) 496 0314
Chloe Phillips,chloephillips@gmail.com,(0114) 496 0630
Glen Allen,glenallen@hotmail.com,+44909 8790569
Mohammad Welch,mohammadwelch@hotmail.com,(0306) 9990847
Lynda Campbell,lyndacampbell@yahoo.com,+44118 496 0471
Maria Parsons,mariaparsons@gmail.com,+44(0)306 999 0509
Michelle Allen,michelleallen@yahoo.com,(029)2018290
Carol Connolly,carolconnolly@yahoo.com,+44(0)9098790002
Leah Woods,leahwoods@hotmail.com,(0114) 496 0472
Leigh Smith,leighsmith@yahoo.com,+44(0)1184960603
Toby Parkinson,tobyparkinson@hotmail.com,(0118)4960690
Carol Hill,carolhill@gmail.com,(0141) 4960778
William Moss,williammoss@yahoo.com,(0116) 4960857
Ross Barnes,rossbarnes@yahoo.com,+44(0)117 4960625
Elaine Hudson,elainehudson@yahoo.com,+441632 960 269
Kate Gray,kategray@gmail.com,(028)9018155
Richard Graham,richardgraham@hotmail.com,+441632960199
Callum Cooper,callumcooper@gmail.com,(0116) 4960367
Joshua Hall,joshuahall@gmail.com,(0191) 4960916
Dominic Patel,dominicpatel@gmail.com,0131 496 0732
Louis Kelly,louiskelly@yahoo.com,+44(0)8081570483
Louise Morgan,louisemorgan@yahoo.com,+44(0)1164960066
Beverley Smith,beverleysmith@yahoo.com,(0114) 4960354
Anne O'Donnell,anneo'donnell@yahoo.com,(028) 9018328
Paige Jones,paigejones@gmail.com,01632 960 807
Guy Turnbull,guyturnbull@gmail.com,+44(0)115 4960631
Simon Charlton,simoncharlton@yahoo.com,+441154960903
Julie Ahmed,julieahmed@yahoo.com,+449098790076
Samantha Powell,samanthapowell@gmail.com,+441134960649
Nathan Lloyd,nathanlloyd@yahoo.com,01164960219
Wendy Bird,wendybird@gmail.com,+44191 4960236
Derek Rahman,derekrahman@yahoo.com,+44(0)1154960557
Samuel Tucker,samueltucker@gmail.com,(0114) 496 0570
Bethany Gill,bethanygill@hotmail.com,01314960473
Annette Green,annettegreen@gmail.com,0161 496 0932
Wendy Knight,wendyknight@yahoo.com,0113 496 0909
Ann Preston,annpreston@hotmail.com,+44(0)306 9990002
Kathryn Whitehead,kathrynwhitehead@hotmail.com,+44131 496 0114
Sian Reeves,sianreeves@gmail.com,+44(0)28 9018787
Fiona Patel,fionapatel@hotmail.com,028 9018 0759
Pamela Hunt,pamelahunt@yahoo.com,01174960885
Janice Lewis,janicelewis@yahoo.com,+44151 4960655
Roger Collier,rogercollier@yahoo.com,+441164960266
Abbie Barber,abbiebarber@yahoo.com,(0306) 9990112
Tony Thompson,tonythompson@hotmail.com,+44(0)20 7496 0758
Maureen Walker,maureenwalker@hotmail.com,+44909 879 0140
Anne Roberts,anneroberts@hotmail.com,0151 496 0751
Barry Goodwin,barrygoodwin@yahoo.com,(0191) 496 0345
Bradley Begum,bradleybegum@hotmail.com,+44306 9990233
