name,email,phone
Barry Norman,barrynorman@hotmail.com,(0306) 999 0206
Leigh Roberts,leighroberts@gmail.com,0131 496 0198
Tom Burke,tomburke@hotmail.com,(0116) 496 0715
Marilyn Finch,marilynfinch@gmail.com,+44(0)1154960859
Jill Price,jillprice@hotmail.com,0115 4960372
Trevor Price,trevorprice@gmail.com,(01632) 960 527
Charles Chapman,charleschapman@yahoo.com,+44121 4960797
Ronald Campbell,ronaldcampbell@yahoo.com,(0131)4960698
Elaine Phillips,elainephillips@yahoo.com,(0191) 496 0522
Denis Hall,denishall@yahoo.com,+44(0)1414960198
Clare Bryant,clarebryant@yahoo.com,+44(0)8081570071
Carole Ashton,caroleashton@hotmail.com,(020)74960718
Frederick Davies,frederickdavies@gmail.com,01164960240
Dominic Morris,dominicmorris@gmail.com,+4420 7496 0216
Ross Brown,rossbrown@yahoo.com,0808 157 0890
Joe Wall,joewall@hotmail.com,+441632 960214
Denis Moore,denismoore@gmail.com,+44(0)1174960843
Frank Mitchell,frankmitchell@yahoo.com,028 9018498
Mitchell Ahmed,mitchellahmed@yahoo.com,020 74960494
Christine Taylor,christinetaylor@hotmail.com,0151 496 0896
Christian Wood,christianwood@yahoo.com,(0161)4960467
Andrew Barlow,andrewbarlow@hotmail.com,+441914960756
Sophie Fry,sophiefry@hotmail.com,+44306 999 0152
Colin Mason,colinmason@yahoo.com,+44(0)1632960249
Judith Daly,judithdaly@yahoo.com,+441514960921
Jeffrey Bell,jeffreybell@hotmail.com,0151 4960013
Hugh Bennett,hughbennett@hotmail.com,0121 4960682
Oliver Hill,oliverhill@gmail.com,+44(0)161 4960695
Barry Curtis,barrycurtis@gmail.com,020 74960780
Stephanie Patterson,stephaniepatterson@hotmail.com,+44(0)1134960624
Heather Shaw,heathershaw@yahoo.com,+443069990497
Paula Adams,paulaadams@hotmail.com,+44(0)121 4960478
Jill Higgins,jillhiggins@gmail.com,+44808 1570037
Pamela Wilson,pamelawilsonw@gmail.com,(0141) 496 0160
Clifford Jones,cliffordjones@gmail.com,+44(0)1632 960 142
Steven Day,stevenday@hotmail.com,+44(0)289018506
Kathryn Wright,kathrynwright@hotmail.com,+44(0)808 157 0008
June Williams,junewilliams@gmail.com,(0113) 496 0902
Hilary Baker,hilarybaker@gmail.com,+44(0)20 74960905
Leanne Brown,leannebrown@hotmail.com,+44(0)1154960460
Melanie Evans,melanieevans@yahoo.com,+441914960320
Guy Morgan,guymorgan@hotmail.com,(0306) 999 0284
Tom Ahmed,tomahmed@hotmail.com,0116 496 0918
Bethany Evans,bethanyevans@gmail.com,(0141)4960852
Lawrence Atkinson,lawrenceatkinson@yahoo.com,+44113 4960073
Nicole Byrne,nicolebyrne@gmail.com,+44(0)808 1570806
Martin James,martinjames@gmail.com,01914960218
Colin Hughes,colinhughes@gmail.com,+44(0)141 4960623
Philip Wood,philipwood@yahoo.com,+441174960616
Allan Rose,allanrose@gmail.com,+44(0)292018054
Michael Smith,michaelsmith@hotmail.com,(0131) 4960760
Norman Thompson,normanthompson@hotmail.com,(0113)4960798
Samantha Price,samanthaprice@yahoo.com,+44289018202
Debra Powell,debrapowell@gmail.com,+44(0)29 2018000
Gemma Clark,gemmaclark@gmail.com,0151 4960877
Sylvia Parker,sylviaparker@yahoo.com,+44(0)118 496 0743
Rachel Parker,rachelparker@gmail.com,+44(0)1914960332
Amy Price,amyprice@hotmail.com,(0131) 496 0195
Christine Hall,christinehall@gmail.com,(0115) 4960433
Jeremy Chan,jeremychan@hotmail.com,0113 4960607
Harry Lynch,harrylynch@hotmail.com,0306 999 0830
Zoe Cross,zoecross@hotmail.com,(0808) 1570573
Ashleigh Gallagher,ashleighgallagher@yahoo.com,+44(0)1632 960818
Daniel Rowley,danielrowley@gmail.com,+44(0)3069990714
Donald Reid,donaldreid@yahoo.com,+44909 8790346
Connor Taylor,connortaylor@hotmail.com,(0115)4960762
Billy Hunt,billyhunt@gmail.com,028 9018329
Charles Barlow,charlesbarlow@yahoo.com,0113 496 0421
Gemma Barker,gemmabarker@hotmail.com,(029)2018868
Tracey Richardson,traceyrichardson@hotmail.com,0808 1570574
Geoffrey Cooper,geoffreycooper@gmail.com,+44(0)8081570440
Tracey Tucker,traceytucker@yahoo.com,(0113)4960793
Danielle Hanson,daniellehanson@yahoo.com,028 9018 0046
Joanne Johnson,joannejohnson@gmail.com,+44161 496 0068
Harry Bowen,harrybowen@gmail.com,+44(0)292018815
Kayleigh Gibson,kayleighgibson@hotmail.com,+44116 4960384
Marcus Davison,marcusdavison@hotmail.com,(0117) 496 0925
Carl Kennedy,carlkennedy@hotmail.com,+44(0)116 496 0434
Brett Hawkins,bretthawkins@hotmail.com,0191 498 0907
Geraldine Anderson,geraldineanderson@hotmail.com,(0115) 4960322
Liam Spencer,liamspencer@gmail.com,0115 4960394
Jack Davies,jackdavies@yahoo.com,01184960912
Rachael Farmer,rachaelfarmer@hotmail.com,+44306 9990943
Zoe Baldwin,zoebaldwin@yahoo.com,+44(0)289018318
Gavin Russell,gavinrussell@yahoo.com,(01632) 960840
Jessica Thompson,jessicathompsonF@gmail.com,(0117) 4960559
Lynn Lewis,lynnlewis@gmail.com,+44(0)116 4960341
Terence Lawrence,terencelawrence@yahoo.com,(0306) 999 0039
Leanne Baxter,leannebaxter@hotmail.com,+44141 496 0555
Maria Peacock,mariapeacock@yahoo.com,+442074960052
Anthony Davies,anthonydavies@yahoo.com,+44(0)161 496 0960
Garry Collins,garrycollins@yahoo.com,(020) 74960426
Benjamin Barker,benjaminbarker@yahoo.com,01164960487
Rhys Moran,rhysmoran@hotmail.com,0115 496 0449
Kerry Walters,kerrywalters@hotmail.com,+44(0)113 496 0734
Janice Cunningham,janicecunningham@hotmail.com,0151 4960461
Dorothy Dunn,dorothydunn@gmail.com,0121 496 0112
Patrick Hudson,patrickhudson@yahoo.com,+44121 4960084
Billy Freeman,billyfreeman@hotmail.com,+44(0)117 4960755
Clifford Gibbs,cliffordgibbs@gmail.com,+44121 496 0061
Brenda Hardy,brendahardy@gmail.com,(0909)8790166
Teresa Webster,teresawebster@hotmail.com,0121 4960921
Rebecca Blake,rebeccablake@yahoo.com,(0117) 4960091
Nicholas Swift,nicholasswift@hotmail.com,+441314960396
Deborah Williams,deborahwilliams@gmail.com,0115 496 0619
Mathew Webb,mathewwebb@gmail.com,+44808 1570318
Donna Jackson,donnajackson@yahoo.com,+44131 496 0041
Elliott Campbell,elliottcampbell@yahoo.com,0115 496 0811
Carole Wilson,carolewilson@gmail.com,+44(0)114 4960245
Kate Khan,katekhan@yahoo.com,0117 4960355
Jean Allen,jeanallen@hotmail.com,+442074960386
Tom Gray,tomgray@gmail.com,0117 496 0276
Marc Richardson,marcrichardson@yahoo.com,+44(0)306 999 0889
Dorothy Matthews,dorothymatthews@yahoo.com,+44(0)1174960810
Charles Davies,charlesdavies@hotmail.com,(0113)4960478
Jayne Thornton,jaynethornton@gmail.com,+44141 496 0003
Adrian Reynolds,adrianreynolds@yahoo.com,+443069990703
Valerie Webb,valeriewebb@yahoo.com,+44(0)1184960296
Joe Stewart,joestewart@gmail.com,0131 4960851
Nigel Leach,nigelleach@gmail.com,+441632 960 066
Shaun Hussain,shaunhussain@yahoo.com,+44(0)9098790167
Patrick Lee,patricklee@yahoo.com,+44(0)117 4960923
Gerald Collins,geraldcollins@gmail.com,(0114)4960310
Sean Coleman,seancolemanM@gmail.com,01174960293
Zoe Douglas,zoedouglas@gmail.com,+443069990995
Pamela Brown,pamelabrown@yahoo.com,020 7946 0092
Susan Perkins,susanperkins@gmail.com,+441144960436
Gerald Edwards,geraldedwards@yahoo.com,+44(0)191 4960956
Andrew Payne,andrewpayne@gmail.com,+441914960870
Leonard Murphy,leonardmurphy@yahoo.com,(0121) 4960975
Leon Wood,leonwood@yahoo.com,+44(0)191 4960977
Beth Taylor,bethtaylor@gmail.com,+44(0)141 4960089
Anthony Roberts,anthonyroberts@hotmail.com,+44114 496 0323
Dorothy Macdonald,dorothymacdonald@hotmail.com,0289018425
Lynn Day,lynnday@yahoo.com,+44(0)909 879 0610
Glenn Walton,glennwalton@gmail.com,028 9018 0372
Carly Higgins,carlyhiggins@gmail.com,+44191 4960198
Dorothy Dean,dorothydean@gmail.com,+4428 9018538
Phillip Smith,phillipsmith@hotmail.com,0306 999 0276
Emily Wilson,emilywilson@hotmail.com,028 9018317
Maureen White,maureenwhite@yahoo.com,01514960331
Carly Patel,carlypatel@hotmail.com,+44(0)2074960022
Sheila Lane,sheilalane@hotmail.com,+44151 4960628
Gerald Turnbull,geraldturnbull@hotmail.com,+44(0)3069990411
Alexandra Griffiths,alexandragriffiths@yahoo.com,(0141)4960063
Sean Smith,seansmith@yahoo.com,+44(0)1632 960 780
Deborah Smith,deborahsmith@yahoo.com,+44(0)909 8790647
Cameron Clarke,cameronclarke@hotmail.com,+441164960906
Bryan Foster,bryanfoster@yahoo.com,+44(0)1164960975
Katherine Stevens,katherinestevens@yahoo.com,(0808) 157 0105
Ann Taylor,anntaylor@gmail.com,01184960507
Roy Gibson,roygibson@gmail.com,+44(0)306 9990671
Deborah Wilson,deborahwilson@gmail.com,+44116 4960754
Kathleen Bibi,kathleenbibi@yahoo.com,(0306) 999 0578
Mark Day,markday@gmail.com,+44(0)117 4960158
Damian McCarthy,damianmccarthy@gmail.com,(0131)4960361
Sam Thomas,samthomas@gmail.com,(0141) 4960245
Terence Scott,terencescott7@yahoo.com,+44306 999 0185
Callum Palmer,callumpalmer@yahoo.com,+44115 496 0053
Lucy Martin,lucymartin@hotmail.com,(0151)4960431
Sarah West,sarahwest@gmail.com,+44114 4960810
Thomas Walker,thomaswalker@hotmail.com,+441632 960528
Anne Hughes,annehughes@yahoo.com,+44118 4960499
Cheryl Davis,cheryldavis@hotmail.com,0289018415
Ronald Morgan,ronaldmorgan@hotmail.com,01134960315
Kelly McKenzie,kellymckenzie@yahoo.com,+44306 9990678
Kathleen White,kathleenwhite@hotmail.com,+44808 1570575
Leonard Powell,leonardpowell@gmail.com,+44(0)118 496 0111
Max Duncan,maxduncan@gmail.com,+441914960813
Mitchell Williams,mitchellwilliams@yahoo.com,(0115) 496 0650
Alan Sharpe,alansharpe@gmail.com,+44(0)1144960407
Liam Morgan,liammorgan@yahoo.com,(0151)4960453
Janet Morrison,janetmorrison@hotmail.com,(0117) 4960919
Howard Clayton,howardclayton@gmail.com,(020) 74960988
Samantha Smith,samanthasmith@yahoo.com,0141 496 0362
Teresa Tucker,teresatucker@hotmail.com,+44(0)909 879 0893
Raymond Whitehouse,raymondwhitehouse@hotmail.com,(0116) 4960784
Jodie Connor,jodieconnor@yahoo.com,+44(0)29 2018925
Deborah Ward,deborahward@hotmail.com,(0191) 496 0130
Tracy Holt,tracyholt@gmail.com,(0141) 4960637
Scott Davey,scottdavey@hotmail.com,(0191) 4960387
Francis Marshall,francismarshall@hotmail.com,(0114) 4960806
Laura Dyer,lauradyer@yahoo.com,(020) 7496 0735
Jessica Scott,jessicascott@hotmail.com,029 2018460
Victoria Hurst,victoriahurst@gmail.com,+44151 4960817
Scott White,scottwhite@yahoo.com,0909 879 0851
Martin Lewis,martinlewis@gmail.com,(0151) 496 0031
Diane Howe,dianehowe@hotmail.com,(0117)4960738
Simon Welch,simonwelch@gmail.com,028 9018 0969
Nicholas Jones,nicholasjones@gmail.com,+44(0)151 496 0254
Timothy Wood,timothywood@gmail.com,029 2018218
Christopher Lowe,christopherlowe@yahoo.com,(0909) 879 0141
Timothy Lambert,timothylambert@gmail.com,+44(0)191 496 0454
Keith Brown,keithbrown@gmail.com,+44(0)191 496 0919
Hilary Brown,hilarybrown@hotmail.com,(0113) 496 0140
Gerald Kent,geraldkent@hotmail.com,+44(0)161 4960833
Megan Dickinson,megandickinson@yahoo.com,+441614960765
Anne Hunt,annehunt@hotmail.com,020 74960350
Albert Bennett,albertbennett@hotmail.com,0114 496 0725
Nicola Metcalfe,nicolametcalfe@gmail.com,029 2018888
Douglas Harrison,douglasharrison@hotmail.com,+44306 999 0615
Jane Smith,janesmith@gmail.com,0909 879 0576
Bernard Smith,bernardsmith@yahoo.com,+44151 4960701
Diane Stephens,dianestephens@hotmail.com,(0909)8790977
Katie Ryan,katieryan@hotmail.com,+44141 4960289
Mathew Davies,mathewdavies@gmail.com,0118 4960430
Albert Owen,albertowen@gmail.com,(028)9018204
Janice White,janicewhite@yahoo.com,(01632) 960566
Diana Cox,dianacox@hotmail.com,+44(0)131 496 0594
Suzanne Harding,suzanneharding@hotmail.com,+44(0)116 4960542
Nigel Cooper,nigelcooper@gmail.com,(01632) 960632
Abigail Spencer,abigailspencer@hotmail.com,+44(0)292018195
Aimee Bird,aimeebird@hotmail.com,(0191)4960128
Wendy Morton,wendymorton@hotmail.com,+441314960463
Mathew Green,mathewgreen@yahoo.com,+44(0)1164960214
Rita Barber,ritabarber@yahoo.com,+441214960094
Pauline Parkinson,paulineparkinson@hotmail.com,+44(0)1614960257
Mohammad Davies,mohammaddavies@hotmail.com,(0121) 4960059
Patrick Jones,patrickjones@gmail.com,+44289018500
Hilary Hussain,hilaryhussain@hotmail.com,(0117) 4960401
Barry Taylor,barrytaylor@yahoo.com,0151 4960021
Colin Hughes,colinhughesh@hotmail.com,+44(0)131 4960761
Josephine Smith,josephinesmith@yahoo.com,+441184960006
Reece Smith,reecesmith@gmail.com,+44113 4960011
Adrian Smith,adriansmith@gmail.com,+4429 2018784
Alison Walters,alisonwalters@yahoo.com,(020) 74960128
Brett Mitchell,brettmitchell@yahoo.com,(0141)4960760
Donald Hill,donaldhill@hotmail.com,(0121)4960738
Kerry Hewitt,kerryhewitt@hotmail.com,+44(0)191 4960672
Charles Khan,charleskhan@hotmail.com,(0306) 9990122
Georgia Parker,georgiaparkerR@yahoo.com,+44(0)909 879 0527
Simon Gill,simongill@gmail.com,(0131) 496 0732
Tom Davies,tomdavies1@hotmail.com,0306 999 0240
Adam Norris,adamnorris@hotmail.com,(0151) 496 0336
Guy Howells,guyhowells@yahoo.com,+44(0)161 496 0799
Stacey Harrison,staceyharrison@gmail.com,+44(0)113 4960452
Christine Heath,christineheath@hotmail.com,(0113) 496 0060
Julian Kerr,juliankerr@gmail.com,0306 999 0876
Reece Robson,reecerobson@yahoo.com,+44(0)1154960692
Ryan Green,ryangreen@yahoo.com,+44(0)141 496 0945
Roger Rees,rogerrees@yahoo.com,+44117 496 0073
Jamie Davison,jamiedavison@gmail.com,+44(0)115 4960269
Toby Jones,tobyjones@yahoo.com,+443069990610
Shane Ryan,shaneryan@hotmail.com,+44(0)1134960142
Stacey Watson,staceywatson@hotmail.com,+44(0)909 8790251
Derek Williams,derekwilliams@hotmail.com,(0909) 8790490
Derek Crawford,derekcrawford@yahoo.com,+442074960795
Teresa Gibbs,teresagibbs@hotmail.com,+44(0)191 496 0117
Jemma Chan,jemmachan@gmail.com,+44(0)909 8790382
Edward Butler,edwardbutler@gmail.com,+4429 2018 0122
Elliot Wright,elliotwright@gmail.com,+441184960011
Hannah Burton,hannahburton@gmail.com,029 2018841
Nathan Murphy,nathanmurphy@yahoo.com,(01632)960177
Phillip Mellor,phillipmellor@hotmail.com,0909 8790790
Laura Stevens,laurastevens@yahoo.com,+44118 4960187
Katy Whitehead,katywhitehead@gmail.com,+44(0)289018161
Shannon Roberts,shannonroberts@hotmail.com,+44113 4960299
Lucy Turner,lucyturner@gmail.com,+441154960569
Paula Lee,paulalee@hotmail.com,0306 999 0501
Julia Bell,juliabell@hotmail.com,+44141 4960625
Helen Jackson,helenjackson@hotmail.com,0306 9990572
Rachel Johnston,racheljohnston@hotmail.com,+443069990004
Callum Jones,callumjonesK@hotmail.com,(028)9018115
Barry Smith,barrysmith@hotmail.com,(0161)4960985
Alexander Mann,alexandermann@yahoo.com,+441184960358
Barry Fleming,barryfleming@hotmail.com,(0808) 157 0224
Charlene Evans,charleneevans@yahoo.com,+44(0)116 4960884
Carly Murphy,carlymurphy@hotmail.com,0909 879 0554
Peter Sutton,petersutton@gmail.com,+44117 4960795
Callum Reid,callumreid@yahoo.com,(0115)4960795
Joanna Roberts,joannaroberts@gmail.com,+44(0)191 4960336
Terry Barnett,terrybarnett@hotmail.com,(0115) 4960253
Pauline Farmer,paulinefarmer@gmail.com,(0808) 1570736
Stacey Atkins,staceyatkins@gmail.com,(0131) 496 0618
Kim Barnes,kimbarnes@yahoo.com,+441154960646
Chelsea Boyle,chelseaboyle@yahoo.com,020 74960098
Katie Clarke,katieclarke@hotmail.com,08081570586
Donna King,donnaking@gmail.com,08081570044
Josh Evans,joshevans@yahoo.com,+44(0)151 4960952
Reece Shaw,reeceshaw@hotmail.com,(029) 2018 0011
Irene Lewis,irenelewis@yahoo.com,(029) 2018026
Marian Fox,marianfox@hotmail.com,+44(0)115 4960636
Andrea Perry,andreaperry@hotmail.com,(0118) 496 0372
Harry Bird,harrybird@gmail.com,0116 496 0492
Abbie Miller,abbiemiller@yahoo.com,+4420 7496 0308
Rachael Coleman,rachaelcoleman@gmail.com,+44117 4960635
Colin O'Neill,colino'neill@gmail.com,+44191 496 0913
Jordan Clarke,jordanclarke@hotmail.com,01414960803
Sheila Vincent,sheilavincent@yahoo.com,(0121) 496 0810
Dale Knowles,daleknowles@yahoo.com,(0161) 4960257
Iain Holmes,iainholmes@hotmail.com,+44191 4960058
Marie Thompson,mariethompson@gmail.com,01514960812
Tom Bell,tombell@hotmail.com,+44(0)3069990840
Frederick Burrows,frederickburrows@gmail.com,(0113) 496 0210
Aimee Ashton,aimeeashton@hotmail.com,+44(0)118 4960923
Phillip Richards,philliprichards@hotmail.com,+44(0)191 4960563
Nicholas Smith,nicholassmith@yahoo.com,(0117)4960844
Timothy Williamson,timothywilliamson@gmail.com,+44(0)116 496 0823
Leah Moss,leahmoss@yahoo.com,0113 4960080
Gail Lewis,gaillewis@yahoo.com,03069990423
Suzanne Smith,suzannesmith@yahoo.com,(0141) 4960574
Geoffrey Clarke,geoffreyclarkev@yahoo.com,02074960593
Nicole Holt,nicoleholt@hotmail.com,(0121)4960120
Raymond Price,raymondprice@hotmail.com,(0117)4960808
Liam Chambers,liamchambers@gmail.com,+44131 4960435
Timothy Phillips,timothyphillips@yahoo.com,02074960781
Jeremy Ellis,jeremyellis@yahoo.com,0115 4960455
George Robinson,georgerobinson@hotmail.com,+44131 496 0919
Jasmine Armstrong,jasminearmstrong@hotmail.com,+44(0)1632 960 707
Katy Williams,katywilliams@hotmail.com,+441214960635
Charlene Herbert,charleneherbert@hotmail.com,(0161) 4960575
Patrick Randall,patrickrandall@yahoo.com,+441184960375
Sandra Walker,sandrawalker@gmail.com,(0118) 4960754
Lisa Day,lisaday@gmail.com,028 9018648
Sarah Birch,sarahbirch@hotmail.com,(0115) 496 0994
Dorothy Charlton,dorothycharlton@gmail.com,0289018079
Katy Walker,katywalker@yahoo.com,(0191) 496 0775
Louise Jones,louisejones@yahoo.com,+44(0)3069990608
Sheila Tyler,sheilatyler@yahoo.com,(0115) 4960465
Ross Cooper,rosscooper@hotmail.com,+44(0)151 496 0255
Beth Douglas,bethdouglas@hotmail.com,0306 9990162
Alice Hughes,alicehughes@gmail.com,0151 4960233
Jennifer Turner,jenniferturner@gmail.com,+44191 4960071
Pamela Stevens,pamelastevens@yahoo.com,+44(0)8081570916
Paul Hill,paulhill@yahoo.com,(0131) 496 0308
Mohammed Roberts,mohammedroberts@gmail.com,01632960054
Jeffrey Harris,jeffreyharris@hotmail.com,0117 496 0647
Helen Morgan,helenmorgan@yahoo.com,+44(0)1632 960 170
Grace McDonald,gracemcdonald@yahoo.com,+44(0)1174960614
Marie Davey,mariedavey@hotmail.com,+44118 4960447
Annette Williams,annettewilliams@hotmail.com,+44141 4960524
Lesley Warner,lesleywarner@yahoo.com,0808 1570218
Leon Morgan,leonmorgan@gmail.com,(0191)4960415
Joanne Dobson,joannedobson@yahoo.com,0115 496 0016
Diane Reynolds,dianereynolds@yahoo.com,+44(0)151 4960063
Charles Sutton,charlessutton@yahoo.com,+44(0)28 9018 0344
Colin Armstrong,colinarmstrong@yahoo.com,+44(0)289018015
Christian Dixon,christiandixon@yahoo.com,+44(0)1632960727
Joyce Mills,joycemills@yahoo.com,+44(0)191 4960387
Laura Rose,laurarose@yahoo.com,(0113) 496 0978
Christopher Kelly,christopherkelly@gmail.com,+44(0)909 8790604
Danielle Cross,daniellecross@gmail.com,02074960043
Josh Hunt,joshhunt@hotmail.com,+44(0)1514960431
Stuart Walters,stuartwalters@yahoo.com,01614960658
Stephen Curtis,stephencurtis@gmail.com,(0151)4960985
Eileen Jackson,eileenjackson@hotmail.com,+4429 2018 0847
Adrian Hammond,adrianhammond@yahoo.com,+44141 4960717
Geoffrey Preston,geoffreypreston@yahoo.com,020 74960805
Gareth Webb,garethwebb@gmail.com,+44(0)2074960594
Gerard Roberts,gerardroberts@gmail.com,(0113)4960299
Josh Jackson,joshjackson@hotmail.com,+449098790814
Jane Phillips,janephillips@hotmail.com,+441314960986
Diana Johnson,dianajohnson@hotmail.com,+44191 4960804
Jacqueline Hall,jacquelinehall@yahoo.com,+44(0)131 496 0761
Sophie Godfrey,sophiegodfrey@hotmail.com,+44(0)141 4960593
Oliver Hill,oliverhillh@gmail.com,+44151 496 0500
Marian Holmes,marianholmes@hotmail.com,0113 4960892
Tina Williams,tinawilliams@gmail.com,0115 496 0488
Rhys Robinson,rhysrobinson@gmail.com,0121 496 0303
Dale Owens,daleowens@gmail.com,(0118) 496 0547
Declan Rogers,declanrogers@gmail.com,(0115)4960357
Tony Smith,tonysmith@hotmail.com,01134960671
Heather Kelly,heatherkelly@yahoo.com,0113 496 0817
Billy Morgan,billymorgan@hotmail.com,(0161) 496 0867
Barry Burton,barryburton@yahoo.com,01514960083
Jamie Shaw,jamieshaw@gmail.com,(0115)4960460
Helen Turner,helenturner@gmail.com,(0306)9990775
Eric Collier,ericcollier@yahoo.com,(0114)4960821
Jack Poole,jackpoole@yahoo.com,+44292018089
Patrick Hardy,patrickhardy@yahoo.com,+44289018316
Dennis Atkinson,dennisatkinson@gmail.com,+44141 496 0900
Alice Rice,alicericex@gmail.com,(0118)4960742
Geraldine Morris,geraldinemorris@hotmail.com,(0909)8790143
Tony Evans,tonyevans@gmail.com,(0117) 4960504
Bradley Woods,bradleywoods@gmail.com,+441614960111
Jemma Murphy,jemmamurphy@gmail.com,+44(0)1632 960901
Lynne Thorpe,lynnethorpe@hotmail.com,+44(0)1164960337
Kimberley Price,kimberleyprice@gmail.com,(0121)4960012
Ann Bennett,annbennett@hotmail.com,0121 4960170
Russell Smart,russellsmart@gmail.com,(0306)9990710
Richard Adams,richardadams@gmail.com,+44117 496 0298
Lesley Bishop,lesleybishop@gmail.com,(0113) 4960756
Melissa Martin,melissamartin@gmail.com,+44118 4960792
Sheila Akhtar,sheilaakhtar@yahoo.com,+44909 8790969
Abbie Thomas,abbiethomas@gmail.com,+44(0)161 496 0719
Ben Dawson,bendawson@gmail.com,+44(0)115 496 0713
Jack Lawrence,jacklawrence@yahoo.com,+44(0)131 4960498
Shaun Hughes,shaunhughes@yahoo.com,0117 4960608
Alexandra Wong,alexandrawong@yahoo.com,(0306)9990115
Wayne Riley,wayneriley@yahoo.com,+441134960036
Heather Mills,heathermills@hotmail.com,01174960175
Sylvia Taylor,sylviataylor@yahoo.com,+44114 496 0384
Thomas Williams,thomaswilliams@hotmail.com,01914960984
Karl White,karlwhite@gmail.com,01134960979
Lauren Williams,laurenwilliams@gmail.com,+44114 496 0739
Timothy Wood,timothywoodz@gmail.com,01632 960 614
Melissa Parker,melissaparker@yahoo.com,01164960175
Gary Reynolds,garyreynolds@yahoo.com,(0191) 4960291
Heather Taylor,heathertaylor@hotmail.com,+44(0)20 7496 0992
Peter Nash,peternash@gmail.com,+4428 9018525
