name,email,phone
Jayne Brown,jaynebrown@gmail.com,(0114) 4960032
Tracey Abbott,traceyabbott@gmail.com,(0191) 496 0629
Kevin Pugh,kevinpugh@yahoo.com,+44(0)117 4960495
Aimee Scott,aimeescott@yahoo.com,0306 999 0388
Shirley Owens,shirleyowens@gmail.com,(0117)4960772
Sara Byrne,sarabyrne@gmail.com,+44(0)115 496 0310
Dean Warren,deanwarren@gmail.com,(0115) 4960179
Jacob Rhodes,jacobrhodes@yahoo.com,0117 4960716
Gordon Scott,gordonscott@hotmail.com,+441144960799
Donald Smith,donaldsmith@gmail.com,+441214960180
Jade Patel,jadepatel@hotmail.com,(01632) 960 805
Rita Carter,ritacarter@yahoo.com,+44(0)117 496 0054
Abbie Skinner,abbieskinner@hotmail.com,+443069990186
Hollie Matthews,holliematthews@yahoo.com,+44(0)1514960396
Angela Page,angelapage@yahoo.com,0909 8790357
Jane Patel,janepatel@yahoo.com,+44(0)141 4960630
Jack Hunt,jackhunt@gmail.com,020 74960236
Raymond Chapman,raymondchapman@gmail.com,+44(0)289018228
Roy Holt,royholt@hotmail.com,0131 4960287
Rita Goodwin,ritagoodwin@yahoo.com,(0306)9990969
Gavin Jackson,gavinjackson@yahoo.com,+44(0)29 2018 0936
Sharon Mitchell,sharonmitchell@gmail.com,(0131)4960533
Francesca Lloyd,francescalloyd@yahoo.com,+441614960372
Anna Higgins,annahiggins@hotmail.com,(0161) 496 0411
Sylvia Jackson,sylviajackson@gmail.com,+441914960151
Tony Williams,tonywilliams@gmail.com,+44(0)131 496 0817
Olivia Fletcher,oliviafletcher@gmail.com,(0116) 4960839
Chloe Morgan,chloemorgan@gmail.com,+44(0)114 4960069
Mary Smith,marysmith@hotmail.com,+44(0)1632 960708
Joseph Davison,josephdavison@hotmail.com,(0161) 496 0889
Patricia Hargreaves,patriciahargreaves@hotmail.com,+441214960779
Stephanie Cox,stephaniecox@hotmail.com,+44289018857
Alison Anderson,alisonanderson@hotmail.com,0117 496 0420
Andrea Doyle,andreadoyle@gmail.com,(0909)8790937
Katherine Lawrence,katherinelawrence@yahoo.com,+4428 9018515
Abbie Evans,abbieevans@hotmail.com,(020) 7496 0903
Callum Patel,callumpatel@hotmail.com,(029) 2018496
Sophie Smith,sophiesmith@hotmail.com,(029) 2018858
Donald Allan,donaldallan@hotmail.com,+44(0)116 4960776
Amy Hunter,amyhunter@yahoo.com,(0191) 4960582
Michael Russell,michaelrussell@hotmail.com,029 2018348
Cheryl Richards,cherylrichards@yahoo.com,01514960114
Jamie Clark,jamieclark@hotmail.com,0191 4960887
Lisa Knight,lisaknight@yahoo.com,+44(0)131 496 0676
Barbara Simpson,barbarasimpson@yahoo.com,+44(0)1414960972
June Griffiths,junegriffiths@gmail.com,(0191)4960921
Daniel Ball,danielball@hotmail.com,+441174960916
Thomas Davies,thomasdavies@yahoo.com,(0121)4960854
Michael Cole,michaelcole@gmail.com,+44114 496 0917
David Vaughan,davidvaughan@hotmail.com,028 9018474
Bernard Lawrence,bernardlawrence@yahoo.com,+44113 4960822
Jasmine Dunn,jasminedunn@hotmail.com,+44(0)8081570465
Mandy Davis,mandydavis@hotmail.com,(028)9018131
Laura McCarthy,lauramccarthy@gmail.com,+44161 496 0586
Julian Howard,julianhoward@yahoo.com,+4428 9018 0836
Wayne Scott,waynescott@gmail.com,+44131 4960714
Nigel Waters,nigelwaters@gmail.com,(0118) 496 0251
Leah Cox,leahcox@hotmail.com,0151 4960605
Trevor Phillips,trevorphillips@gmail.com,+44141 4960899
Fiona Pickering,fionapickering@hotmail.com,01134960048
Gemma Stevenson,gemmastevenson@yahoo.com,+44(0)9098790577
Gary Wilson,garywilson@yahoo.com,0909 8790915
Emma Phillips,emmaphillips@yahoo.com,+44141 496 0245
Rosemary Daniels,rosemarydaniels@yahoo.com,+44114 496 0644
Lewis Smith,lewissmith@hotmail.com,+44(0)114 4960272
Edward Parry,edwardparry@yahoo.com,(0161) 4960503
Debra Bell,debrabell@gmail.com,+44(0)289018958
Lindsey Porter,lindseyporter@yahoo.com,0131 496 0881
Andrew Smith,andrewsmith@gmail.com,+4428 9018 0392
Jemma Wood,jemmawood@gmail.com,+44(0)114 496 0894
Amy Stephens,amystephens@gmail.com,0141 496 0157
Kayleigh Horton,kayleighhorton@yahoo.com,+44(0)28 9018 0774
Maureen Turner,maureenturner@gmail.com,+4429 2018 0213
Duncan Pearson,duncanpearson@gmail.com,+441614960620
Adam Randall,adamrandall@yahoo.com,0306 9990315
Russell Allen,russellallen@hotmail.com,+44(0)909 879 0355
Katie Clements,katieclements@gmail.com,(0191) 496 0500
Gillian Smith,gilliansmith@yahoo.com,(0151) 4960456
Dale George,dalegeorge@yahoo.com,01632 960475
George Khan,georgekhan@hotmail.com,+44113 4960527
Patricia White,patriciawhite@gmail.com,+44(0)161 496 0926
Alexandra Flynn,alexandraflynn@yahoo.com,+44(0)808 157 0421
Maureen Gibson,maureengibson@gmail.com,028 9018489
Sian Khan,siankhan@hotmail.com,+44(0)20 74960577
Eleanor Hawkins,eleanorhawkins@hotmail.com,+448081570965
Marcus Hammond,marcushammond@hotmail.com,+44(0)3069990481
Nigel Smith,nigelsmith@gmail.com,(0115)4960697
Georgina Hall,georginahall@yahoo.com,+44306 999 0848
Tracy White,tracywhite@gmail.com,0114 4960699
Shannon Bryan,shannonbryan@yahoo.com,+44(0)1914960040
Lee Price,leeprice@hotmail.com,+4428 9018 0209
Jasmine Morris,jasminemorris@gmail.com,01314960704
Hannah Reeves,hannahreeves@gmail.com,+44(0)1154960567
Katie Murray,katiemurray@gmail.com,(020) 7496 0704
Julia Morris,juliamorris@gmail.com,(0131) 496 0489
Duncan Waters,duncanwaters@yahoo.com,+44(0)118 496 0082
Jill White,jillwhite@gmail.com,0131 496 0055
Michelle Stephens,michellestephens@hotmail.com,01174960707
Kirsty Bennett,kirstybennett@hotmail.com,+4420 7496 0292
Jessica Gardner,jessicagardner@yahoo.com,01414960100
Valerie Brown,valeriebrown@hotmail.com,0161 4960552
Nathan Davies,nathandavies@hotmail.com,01214960360
Joshua Newton,joshuanewton@yahoo.com,(0909)8790593
Eric Turner,ericturner@yahoo.com,(0161)4960221
Tracy Bond,tracybond@yahoo.com,+441632 960312
Josephine Davis,josephinedavis@yahoo.com,(0113) 4960694
Joanna Austin,joannaaustin@gmail.com,020 74960575
Eleanor Cooper,eleanorcooper@gmail.com,+44(0)117 496 0572
Leon Farmer,leonfarmer@yahoo.com,+4420 7496 0024
Danny Lord,dannylord@yahoo.com,+44(0)1214960452
Bethany Young,bethanyyoung@hotmail.com,(0113) 4960977
Jane Clark,janeclark@gmail.com,(0116) 496 0778
Hannah Kirby,hannahkirby@gmail.com,+44(0)131 4960129
Donald Charlton,donaldcharlton@gmail.com,0116 496 0440
Clifford Henderson,cliffordhenderson@hotmail.com,+44114 4960223
Kirsty Richardson,kirstyrichardson@yahoo.com,0909 879 0718
Lisa Pugh,lisapugh@yahoo.com,+448081570542
Hannah King,hannahking@hotmail.com,(029)2018848
Hilary Barry,hilarybarry@yahoo.com,(0306)9990910
Tom Savage,tomsavage@hotmail.com,(0118) 4960907
Damian Evans,damianevans@hotmail.com,(0118) 496 0017
Lucy Barrett,lucybarrett@yahoo.com,+44(0)117 4960710
Lisa Glover,lisaglover@yahoo.com,+44289018554
Clare Jones,clarejones@hotmail.com,(0114) 4960980
Francis Carter,franciscarter@hotmail.com,0306 999 0194
Charlene Davidson,charlenedavidson@yahoo.com,01914960876
Georgia Rose,georgiarose@gmail.com,+44(0)29 2018 0228
Alison Khan,alisonkhan@yahoo.com,+44(0)1914960416
Rhys Chambers,rhyschambers@hotmail.com,(01632)960324
Dennis Jones,dennisjones@hotmail.com,+4428 9018 0576
Stuart Leach,stuartleach@yahoo.com,+44121 496 0949
Jemma Lloyd,jemmalloyd@gmail.com,0116 496 0986
Denise Nicholls,denisenicholls@gmail.com,+443069990700
Pamela Kent,pamelakent@hotmail.com,0118 496 0520
Rhys Hutchinson,rhyshutchinson@yahoo.com,01614960384
Amber Field,amberfield@gmail.com,+44(0)8081570295
Dominic Smith,dominicsmith@hotmail.com,+449098790941
Katherine Willis,katherinewillis@gmail.com,+44(0)1632 960 051
Conor Francis,conorfrancis@gmail.com,(028) 9018 0462
Denis Brown,denisbrown@yahoo.com,+44(0)131 496 0093
Michelle Roberts,michelleroberts@hotmail.com,(0306)9990216
Gerald Burke,geraldburke@yahoo.com,+44909 8790303
Joe Thomas,joethomas@yahoo.com,+44(0)1614960368
Marilyn Bull,marilynbull@hotmail.com,(0117) 4960352
Bradley Morris,bradleymorris@gmail.com,+44(0)292018433
Liam Taylor,liamtaylor@gmail.com,028 9018698
Dylan Sutton,dylansutton@hotmail.com,+44(0)113 4960993
Clare Simpson,claresimpson@yahoo.com,(0115)4960701
Stacey Wall,staceywall@gmail.com,01214960508
Maurice Butcher,mauricebutcher@yahoo.com,0117 4960541
Rachel Gibbs,rachelgibbs@gmail.com,+44(0)114 4960790
Cheryl Jackson,cheryljackson@yahoo.com,0117 496 0242
Deborah Wood,deborahwood@gmail.com,0306 9990036
Dean Jarvis,deanjarvis@yahoo.com,0131 4960531
Sophie Ward,sophieward@yahoo.com,0306 9990671
Katherine Owen,katherineowen@hotmail.com,+44(0)1414960660
Francesca Jones,francescajones@yahoo.com,0117 4960077
Kirsty Porter,kirstyporter@hotmail.com,+443069990527
Kayleigh Thornton,kayleighthornton@hotmail.com,(0306)9990634
Jason Miller,jasonmiller@hotmail.com,0118 496 0897
Dorothy Dean,dorothydean@yahoo.com,(0151) 4960863
Donald Joyce,donaldjoyce@hotmail.com,(0161) 4960360
Vincent Wilson,vincentwilson@hotmail.com,(0116) 4960380
Barbara Skinner,barbaraskinner@gmail.com,+44(0)114 496 0734
Damien Parker,damienparker@gmail.com,03069990263
Kathleen Miller,kathleenmiller@yahoo.com,+44(0)116 496 0576
Gareth Phillips,garethphillips@yahoo.com,+44116 4960286
Amber James,amberjames@gmail.com,01914960334
Eric Brown,ericbrown@gmail.com,+44(0)117 496 0863
Thomas Smith,thomassmith@hotmail.com,(0121)4960253
Joanna Doherty,joannadoherty@hotmail.com,(0121) 4960863
Kyle Webster,kylewebster@hotmail.com,+44141 4960104
Leslie Goddard,lesliegoddard@hotmail.com,+44289018006
Joe Benson,joebenson@gmail.com,(01632)960911
Richard Hartley,richardhartley@gmail.com,0289018500
Edward King,edwardking@hotmail.com,01914960555
Shane Gordon,shanegordon@gmail.com,0141 4960338
Diane Hobbs,dianehobbs@yahoo.com,+44(0)118 4960402
Derek Jackson,derekjackson@yahoo.com,(028) 9018 0620
Sara White,sarawhite@yahoo.com,+44191 496 0007
John Matthews,johnmatthews@hotmail.com,+44113 496 0157
Alex Marsh,alexmarsh@yahoo.com,+44115 496 0784
Garry Cook,garrycook@gmail.com,0909 8790635
Jake Hargreaves,jakehargreaves@hotmail.com,+44808 157 0117
Beth O'Brien,betho'brien@gmail.com,+44(0)141 496 0057
Russell Hall,russellhall@gmail.com,+44(0)118 4960903
Benjamin Forster,benjaminforster@yahoo.com,+44306 999 0456
Kayleigh Stone,kayleighstone@gmail.com,0118 496 0856
Trevor Simmons,trevorsimmons@yahoo.com,+44808 1570705
Kevin Butler,kevinbutler@yahoo.com,+44151 496 0332
Jonathan Gill,jonathangill@gmail.com,(0116)4960869
Bethany Dennis,bethanydennis@hotmail.com,(0117) 496 0037
Guy Dixon,guydixon@gmail.com,+44(0)161 4960088
Alexander Curtis,alexandercurtis@hotmail.com,0114 4960595
Paula Roberts,paularoberts@yahoo.com,01214960859
Joanne Hamilton,joannehamilton@hotmail.com,01154960432
Elliott Holmes,elliottholmes@gmail.com,(0306) 999 0117
Victor Finch,victorfinch@gmail.com,0306 9990028
Jenna Power,jennapower@yahoo.com,+44(0)116 496 0041
Shane North,shanenorth@yahoo.com,(0191) 4960926
Samantha Jennings,samanthajennings@gmail.com,+44(0)114 4960529
Leslie Butler,lesliebutler@gmail.com,(0131) 4960374
Alison Perry,alisonperry@gmail.com,(0115) 496 0211
Graeme Smith,graemesmith@hotmail.com,+44(0)1144960327
Jack Holloway,jackholloway@hotmail.com,+44117 496 0876
Annette Pritchard,annettepritchard@yahoo.com,+44121 496 0561
Bethan Murphy,bethanmurphy@hotmail.com,0117 496 0090
Philip Hodgson,philiphodgson@gmail.com,(0113) 496 0544
Daniel Sheppard,danielsheppard@gmail.com,+44121 4960523
Brandon Dickinson,brandondickinson@yahoo.com,(0121)4960032
Nathan Arnold,nathanarnold@yahoo.com,0113 496 0178
Donna Howarth,donnahowarth@hotmail.com,(0306) 999 0573
Abigail Richardson,abigailrichardson@gmail.com,+441914960955
Robin Dobson,robindobson@hotmail.com,(01632) 960475
Sheila Kelly,sheilakelly@yahoo.com,0118 4960229
Hayley James,hayleyjames@gmail.com,+4428 9018 0288
Alexandra White,alexandrawhite@hotmail.com,+44(0)151 4960168
Beth Jones,bethjones@hotmail.com,+44(0)131 496 0698
Natalie Griffin,nataliegriffin@yahoo.com,(0117) 4960778
Valerie Taylor,valerietaylor@yahoo.com,+44(0)20 74960364
Joyce Wallace,joycewallace@yahoo.com,(0131) 496 0345
Francesca Bevan,francescabevan@hotmail.com,+44(0)1214960773
Antony Bailey,antonybailey@yahoo.com,+441184960918
Karen Williams,karenwilliams@hotmail.com,(0151) 4960472
Kathryn Hunt,kathrynhunt@yahoo.com,(0118) 4960707
Sophie Higgins,sophiehiggins@gmail.com,+44131 4960761
Damien Watts,damienwatts@hotmail.com,(0114) 4960824
Marie Johnson,mariejohnson@hotmail.com,+441632 960 654
Maurice Brady,mauricebrady@gmail.com,+44(0)151 496 0431
Craig Anderson,craiganderson@yahoo.com,+44(0)1184960379
Carole Owen,caroleowen@hotmail.com,+44(0)292018352
Liam Woodward,liamwoodward@yahoo.com,(0141) 4960712
Paul Matthews,paulmatthews@gmail.com,+44(0)121 4960335
Stephanie Jackson,stephaniejackson@gmail.com,0113 496 0554
Lee Walker,leewalker@gmail.com,(0141) 496 0564
Shannon Thornton,shannonthornton@yahoo.com,+44(0)9098790906
Shane Stevens,shanestevens@gmail.com,(020)74960614
Gerald Barnes,geraldbarnes@hotmail.com,(0116) 496 0862
Paige Lloyd,paigelloyd@hotmail.com,+44(0)28 9018 0594
Margaret Lord,margaretlord@gmail.com,+44141 4960437
Donald Walker,donaldwalker@hotmail.com,(0909) 879 0920
Joel Wood,joelwood@hotmail.com,+44(0)1632 960 655
Marc Jones,marcjones@hotmail.com,0116 4960719
Damien Smith,damiensmith@yahoo.com,+442074960160
Cameron Cameron,cameroncameron@yahoo.com,+441144960530
Joanne Powell,joannepowell@hotmail.com,020 7946 0325
Donna McCarthy,donnamccarthy@hotmail.com,(0191) 4960635
Frederick Coleman,frederickcoleman@gmail.com,028 9018 0478
Dominic Jones,dominicjones@hotmail.com,(0808) 1570182
Sheila Turner,sheilaturner@gmail.com,(0161) 496 0344
Maria Holmes,mariaholmes@hotmail.com,0121 4960237
Beth Carter,bethcarter@gmail.com,(0909) 879 0403
Hazel Reed,hazelreed@yahoo.com,(0114) 4960131
Samuel Rowley,samuelrowley@yahoo.com,(0115) 4960301
Victoria Hill,victoriahill@gmail.com,(0116)4960994
Jasmine Wood,jasminewood@yahoo.com,+44113 496 0880
Jill Green,jillgreen@yahoo.com,+44(0)118 496 0188
Ross Higgins,rosshiggins@yahoo.com,+44909 879 0587
Joseph Brown,josephbrown@yahoo.com,+44(0)1144960356
Brian Briggs,brianbriggs@gmail.com,+441514960359
Adam Wong,adamwong@yahoo.com,+44114 496 0838
Kenneth Gregory,kennethgregory@gmail.com,0116 496 0751
Janice Green,janicegreen@gmail.com,+44(0)118 496 0967
Patricia Cox,patriciacox@gmail.com,+44(0)161 4960579
Sean Taylor,seantaylor@hotmail.com,0114 496 0694
Anne Webb,annewebb@hotmail.com,0115 496 0385
Lisa Williams,lisawilliams@yahoo.com,+44(0)808 157 0396
Clare Robinson,clarerobinson@hotmail.com,+4420 74960733
Chloe Williamson,chloewilliamson@yahoo.com,0116 496 0100
Ellie Whitehead,elliewhitehead@hotmail.com,(020)74960852
Jordan Morton,jordanmorton@hotmail.com,(0113) 496 0359
Jean Knowles,jeanknowles@yahoo.com,0113 4960370
Raymond Harper,raymondharper@yahoo.com,(0909) 8790348
Naomi Marshall,naomimarshall@hotmail.com,+44(0)161 4960224
Donna Williams,donnawilliams@hotmail.com,+44(0)115 4960039
Declan Walton,declanwalton@yahoo.com,+44(0)131 4960562
Reece Smith,reecesmith@yahoo.com,0113 496 0886
Mathew Short,mathewshort@hotmail.com,(0191)4960573
Wayne Cox,waynecox@gmail.com,+44(0)1614960787
Graham Singh,grahamsingh@gmail.com,0113 496 0711
Tony Bolton,tonybolton@gmail.com,+44(0)29 2018979
Lauren White,laurenwhite@gmail.com,(0115) 496 0637
Louise Phillips,louisephillips@hotmail.com,(0113)4960835
Vanessa Hamilton,vanessahamilton@yahoo.com,0131 4960532
Maureen Bennett,maureenbennett@hotmail.com,(0115)4960546
Charles Evans,charlesevans@yahoo.com,+44(0)1914960246
Lawrence Newton,lawrencenewton@hotmail.com,+44(0)118 4960020
Kenneth Scott,kennethscott@hotmail.com,(0114) 496 0550
George Cox,georgecox@yahoo.com,(0191) 496 0275
Carly Edwards,carlyedwards@hotmail.com,+44(0)141 4960758
Ruth Hughes,ruthhughes@yahoo.com,+44117 4960233
Elizabeth Thomas,elizabeththomas@yahoo.com,+44(0)116 496 0727
Phillip Whittaker,phillipwhittaker@gmail.com,01134960609
Gail Burton,gailburton@gmail.com,01632960556
Sam Phillips,samphillips@yahoo.com,+44113 496 0452
Rhys Jones,rhysjones@hotmail.com,+44(0)1134960340
Barbara Watts,barbarawatts@yahoo.com,0118 496 0070
Rebecca Stephenson,rebeccastephenson@gmail.com,+44113 4960575
Phillip Davey,phillipdavey@gmail.com,0131 496 0149
Charlotte Atkins,charlotteatkins@yahoo.com,+44118 496 0801
Nicholas Holt,nicholasholt@gmail.com,+44(0)118 4960394
Steven Robinson,stevenrobinson@hotmail.com,0115 496 0420
Roger Miller,rogermiller@hotmail.com,+44(0)306 9990502
Donald Townsend,donaldtownsend@gmail.com,+44151 4960762
Martin Sharp,martinsharp@gmail.com,(0117)4960988
Josh King,joshking@yahoo.com,028 9018 0425
Olivia Leonard,olivialeonard@gmail.com,(0113) 496 0832
Tony Adams,tonyadams@gmail.com,(0118)4960018
Gerard Cooke,gerardcooke@yahoo.com,+44(0)113 496 0316
Catherine Wood,catherinewood@gmail.com,+44(0)161 4960953
Daniel Patel,danielpatel@yahoo.com,(0909) 879 0651
Tracey Moore,traceymoore@yahoo.com,+441514960014
Linda Tyler,lindatyler@hotmail.com,+44(0)191 4960991
Lindsey Roberts,lindseyroberts@gmail.com,01632 960589
Hayley Harrison,hayleyharrison@gmail.com,03069990915
Anne Johnson,annejohnson@hotmail.com,01514960996
Patricia Porter,patriciaporter@gmail.com,(0114) 4960068
Amelia Cunningham,ameliacunningham@yahoo.com,0808 157 0423
Marion Khan,marionkhan@hotmail.com,+44(0)1632960027
Elliot Brown,elliotbrown@gmail.com,(0114) 4960518
Nathan Green,nathangreen@hotmail.com,(0114)4960932
Cameron Marsh,cameronmarsh@gmail.com,+44(0)113 496 0783
Heather Benson,heatherbenson@gmail.com,01914960991
Abdul Power,abdulpower@yahoo.com,0909 879 0294
Luke Edwards,lukeedwards@gmail.com,+44306 999 0921
Debra Howells,debrahowells@gmail.com,0289018838
Mark Lloyd,marklloyd@gmail.com,+441184960775
Douglas Smith,douglassmith@yahoo.com,(0116) 4960143
Alexandra Mann,alexandramann@hotmail.com,+44(0)1632 960 700
Joshua Jones,joshuajones@yahoo.com,+441632 960 975
Philip Begum,philipbegum@gmail.com,+44131 4960331
Marian Walters,marianwalters@gmail.com,+44151 496 0977
Lauren Gray,laurengray@yahoo.com,03069990885
Christopher Hunt,christopherhunt@gmail.com,+441184960198
Damien Elliott,damienelliott@gmail.com,(0306) 999 0751
Abdul Andrews,abdulandrews@gmail.com,+441214960025
Keith Short,keithshort@gmail.com,+443069990390
Colin Harris,colinharris@hotmail.com,+44(0)161 496 0395
Stacey Chadwick,staceychadwick@yahoo.com,+44(0)117 4960313
Jodie Price,jodieprice@gmail.com,(0118)4960814
Karl Gilbert,karlgilbert@yahoo.com,+44(0)191 496 0140
Carolyn Murphy,carolynmurphy@yahoo.com,01914960360
Barry Chadwick,barrychadwick@gmail.com,0141 4960994
Gemma Nolan,gemmanolan@yahoo.com,0118 496 0740
Liam Turner,liamturner@yahoo.com,(0131) 4960697
Max Thomas,maxthomas@yahoo.com,(0118) 4960076
Richard Wilkinson,richardwilkinson@gmail.com,+44141 4960820
Joanne Kirby,joannekirby@gmail.com,+44(0)121 496 0371
Leon Barker,leonbarkerQ@hotmail.com,(028) 9018354
Annette Bond,annettebond@hotmail.com,0191 498 0562
Tracey Page,traceypage@hotmail.com,+44(0)116 4960104
Jessica Daly,jessicadaly@yahoo.com,+44116 496 0218
David Smith,davidsmith@gmail.com,+44115 4960635
Colin Fry,colinfry@hotmail.com,020 74960737
Paula Metcalfe,paulametcalfe@yahoo.com,+44(0)121 496 0046
Nigel Thorpe,nigelthorpe@yahoo.com,+44(0)9098790206
Marc Hardy,marchardy@gmail.com,+44(0)1174960418
Andrew Hall,andrewhall@hotmail.com,(0116) 4960284
Mohamed Turner,mohamedturner@hotmail.com,+44808 1570999
Dorothy Lloyd,dorothylloyd@yahoo.com,+44117 4960535
Damien Hawkins,damienhawkins@yahoo.com,+44(0)1614960404
Stuart Harrison,stuartharrison@yahoo.com,+4429 2018591
Alex Clark,alexclark@hotmail.com,+44(0)115 496 0871
Hollie Graham,holliegraham@yahoo.com,(029) 2018 0037
Leslie Hawkins,lesliehawkins@gmail.com,(020)74960548
Mathew Price,mathewprice@yahoo.com,+443069990771
Julian Mitchell,julianmitchell@gmail.com,+441164960743
Glenn Foster,glennfoster@gmail.com,+44(0)116 4960124
Marilyn Khan,marilynkhan@hotmail.com,0116 496 0907
Reece Banks,reecebanks@hotmail.com,0161 4960040
Max Bryan,maxbryan@yahoo.com,+44(0)306 9990955
Geraldine Jones,geraldinejones@gmail.com,028 9018852
Christine Harrison,christineharrison@hotmail.com,(020)74960336
Lynne Dobson,lynnedobson@gmail.com,(0121) 4960159
Joan Morgan,joanmorgan@yahoo.com,+44141 496 0151
Joshua Lewis,joshualewis@gmail.com,+44(0)20 74960866
Kevin Ward,kevinward@yahoo.com,+44151 4960232
Grace Metcalfe,gracemetcalfe@gmail.com,0161 4960097
Leonard Davies,leonarddavies@gmail.com,+44(0)118 4960451
Rosemary Sharpe,rosemarysharpe@hotmail.com,+44(0)292018390
Matthew Adams,matthewadams@yahoo.com,01314960356
Arthur Grant,arthurgrant@yahoo.com,(029) 2018430
Chloe Pickering,chloepickering@hotmail.com,(0306) 9990032
Louis Morris,louismorris@hotmail.com,+44(0)289018795
Nicola Russell,nicolarussell@gmail.com,+44306 9990365
Allan Davies,allandavies@gmail.com,029 2018 0423
Stacey White,staceywhite@gmail.com,+44141 4960171
Scott Roberts,scottroberts@yahoo.com,+441174960329
Nicola Parkinson,nicolaparkinson@hotmail.com,0191 4960100
Dylan Jones,dylanjones@hotmail.com,+44(0)131 496 0016
Holly Marsh,hollymarsh@yahoo.com,(0116) 4960790
June Jones,junejones@hotmail.com,+44(0)20 7496 0838
Gillian Richards,gillianrichards@gmail.com,(0306) 999 0737
Duncan Jones,duncanjones@hotmail.com,(0131) 496 0301
Harry Rowe,harryrowe@hotmail.com,(0808)1570911
Susan Perry,susanperry@yahoo.com,+44306 999 0473
Stewart Rees,stewartrees@hotmail.com,01414960172
Georgina Andrews,georginaandrews@yahoo.com,0131 496 0190
Marilyn Begum,marilynbegum@gmail.com,020 7946 0655
Lisa Hill,lisahill@hotmail.com,03069990400
