name,email,phone
Arthur Edwards,arthuredwards@gmail.com,+4420 7496 0318
Lisa Cartwright,lisacartwright@gmail.com,+44113 496 0734
Jordan Parkin,jordanparkin@hotmail.com,+44(0)131 4960849
Nicola Patel,nicolapatel@hotmail.com,(0117) 4960257
Thomas Green,thomasgreen@gmail.com,+44191 496 0396
Dylan Smith,dylansmith@yahoo.com,+44(0)28 9018756
Lynda Watson,lyndawatson@yahoo.com,(029)2018136
Fiona Holmes,fionaholmes@hotmail.com,+44(0)306 999 0413
Richard French,richardfrench@hotmail.com,+44(0)1632 960998
Andrew Smith,andrewsmith@hotmail.com,0306 9990051
Colin Lord,colinlord@yahoo.com,(028) 9018 0994
Barbara Gilbert,barbaragilbert@yahoo.com,+441614960835
Mitchell Hall,mitchellhall@yahoo.com,+44113 496 0903
Katie Fisher,katiefisher@hotmail.com,+44(0)141 4960436
Lawrence McCarthy,lawrencemccarthy@hotmail.com,+44(0)131 4960122
George James,georgejames@gmail.com,(0808) 1570855
Robert Wright,robertwright@yahoo.com,(01632)960329
Hilary Bradshaw,hilarybradshaw@hotmail.com,+44(0)141 496 0176
Amanda Austin,amandaaustin@yahoo.com,+44121 496 0679
Olivia Stewart,oliviastewart@yahoo.com,(0118) 496 0989
Dale Byrne,dalebyrne@hotmail.com,(0117) 4960825
Owen Smith,owensmith@gmail.com,(0141)4960591
Melanie Williams,melaniewilliams@gmail.com,+44121 4960712
Edward Carroll,edwardcarroll@gmail.com,+441614960424
Ryan Robinson,ryanrobinsonF@gmail.com,+44(0)151 496 0691
Paige Gray,paigegray@gmail.com,(0191) 4960727
Rebecca Knight,rebeccaknight@yahoo.com,(0306)9990173
Alexandra Bond,alexandrabondz@hotmail.com,+44(0)117 496 0540
Wayne Harrison,wayneharrison@gmail.com,+44(0)28 9018298
Mohammad Lewis,mohammadlewis@yahoo.com,+44118 4960759
Eileen Doherty,eileendoherty@hotmail.com,0113 496 0072
Raymond Smith,raymondsmith@yahoo.com,01164960893
Roger Lane,rogerlane@yahoo.com,02074960696
Nigel Miller,nigelmiller@gmail.com,01144960122
Jonathan Bray,jonathanbray@hotmail.com,01632 960 992
Louis Watson,louiswatson@hotmail.com,+44808 1570111
Marilyn Hewitt,marilynhewitt@gmail.com,(0141) 4960958
Ian Martin,ianmartin@hotmail.com,(0115) 496 0658
Jeffrey Hyde,jeffreyhyde@hotmail.com,(029) 2018693
Chelsea Richards,chelsearichards@hotmail.com,+44114 4960263
Derek Moss,derekmoss@hotmail.com,+44(0)9098790331
Yvonne Newton,yvonnenewton@hotmail.com,+441144960353
Sheila Hicks,sheilahicks@hotmail.com,(0118) 4960842
Clare Patel,clarepatel@gmail.com,+441632 960943
Frank Gardner,frankgardner@gmail.com,(0191) 496 0770
Shaun Morgan,shaunmorgan@hotmail.com,(029) 2018 0326
Glen Thomas,glenthomas@gmail.com,+44(0)121 496 0114
Kyle Pugh,kylepugh@gmail.com,0141 4960977
Aimee Goodwin,aimeegoodwin@yahoo.com,0131 496 0776
Raymond Welch,raymondwelch@hotmail.com,08081570594
Joe Smith,joesmith@gmail.com,(0113) 4960818
Michael Wheeler,michaelwheeler@yahoo.com,(0161) 496 0522
Christine Moss,christinemoss@gmail.com,+441134960812
Lisa Vaughan,lisavaughan@gmail.com,+44121 496 0268
Hazel Brooks,hazelbrooks@hotmail.com,(0114) 496 0402
Sophie Griffiths,sophiegriffiths@yahoo.com,01614960970
Lynn Owen,lynnowen@hotmail.com,01154960516
Nigel Stevenson,nigelstevenson@hotmail.com,+44(0)808 1570855
Mark Hammond,markhammond@yahoo.com,(0116) 496 0692
Elliot Jordan,elliotjordan@gmail.com,(0114) 496 0723
Mary Summers,marysummers@yahoo.com,01632 960 471
Eric Clayton,ericclayton@yahoo.com,(0151) 4960238
Margaret Hunter,margarethunter@hotmail.com,+44114 496 0916
Shaun Edwards,shaunedwards@hotmail.com,01174960093
Ashleigh Taylor,ashleightaylor@hotmail.com,+44151 4960009
Kyle Hill,kylehill@hotmail.com,+44292018387
Tina Butler,tinabutler@yahoo.com,(0116) 496 0532
Connor Barnett,connorbarnett@gmail.com,+44(0)114 4960075
Kevin Mahmood,kevinmahmood@yahoo.com,+443069990763
Aaron Bradshaw,aaronbradshaw@hotmail.com,+44121 4960305
Martin Hart,martinhart@yahoo.com,+44(0)114 4960479
Christine Jones,christinejones@hotmail.com,+441614960377
Anthony Hussain,anthonyhussain@gmail.com,0161 4960377
David Lane,davidlane@yahoo.com,(0191)4960938
Sandra May,sandramay@gmail.com,+44(0)121 496 0900
Kathryn Davison,kathryndavison@yahoo.com,+44(0)1314960949
Leon Pearce,leonpearce@gmail.com,(0909) 879 0202
Kerry Houghton,kerryhoughton@gmail.com,+44(0)8081570565
Bryan Harrison,bryanharrison@hotmail.com,+44(0)114 4960287
Raymond Wilkinson,raymondwilkinson@yahoo.com,(0116) 4960869
Rebecca O'Brien,rebeccao'brien@yahoo.com,+44(0)28 9018031
Ryan Jones,ryanjones@hotmail.com,+441632 960 819
Yvonne Booth,yvonnebooth@yahoo.com,(0131) 496 0782
Robert Lawrence,robertlawrence@yahoo.com,+44292018547
Cheryl Ward,cherylward@yahoo.com,0191 4960514
Stephen Ward,stephenward@gmail.com,+44161 496 0805
Ashleigh Begum,ashleighbegum@gmail.com,+44306 999 0527
Terence Brady,terencebrady@hotmail.com,+44114 4960495
Harry Morgan,harrymorgan@gmail.com,+44(0)113 4960281
Mary Johnson,maryjohnson@yahoo.com,(0161)4960070
Keith Cook,keithcook@yahoo.com,+44(0)1144960654
Angela Holland,angelaholland@yahoo.com,+4420 74960985
Eileen Ross,eileenross@gmail.com,0191 498 0386
Luke Young,lukeyoung@yahoo.com,(029) 2018 0732
Joel Hill,joelhill@hotmail.com,+44808 1570652
Elliot Howard,elliothoward@hotmail.com,(01632)960481
Linda Stokes,lindastokes@hotmail.com,+441632960836
Katie Fox,katiefox@hotmail.com,020 74960954
Frederick Vaughan,frederickvaughan@yahoo.com,+44306 9990151
Lawrence Smith,lawrencesmith@hotmail.com,(0113) 496 0491
Samantha Wilson,samanthawilson@yahoo.com,+441174960122
Edward Fletcher,edwardfletcher@hotmail.com,+44306 9990098
Vanessa White,vanessawhite@gmail.com,01154960840
Naomi Richards,naomirichards@yahoo.com,+441414960437
Matthew Lucas,matthewlucas@yahoo.com,+44113 496 0499
Dylan Davies,dylandavies@hotmail.com,+441414960965
Deborah Bell,deborahbell@hotmail.com,(0121) 4960208
Joshua Bartlett,joshuabartlett@gmail.com,+44(0)1214960152
Heather Green,heathergreen@hotmail.com,+44115 4960961
Louis Anderson,louisanderson@yahoo.com,(0141)4960473
Douglas Kerr,douglaskerr@hotmail.com,+44(0)909 879 0654
Denis Cross,deniscross@hotmail.com,(0161) 496 0700
Sian Wall,sianwall@gmail.com,+44(0)1632 960463
Anthony Fleming,anthonyfleming@hotmail.com,+441614960740
Debra Evans,debraevans@gmail.com,+44(0)1164960297
Callum O'Connor,callumo'connor@hotmail.com,01632 960432
Alison Morgan,alisonmorgan@hotmail.com,+44(0)1184960249
Conor French,conorfrench@yahoo.com,+44(0)2074960881
Caroline Carter,carolinecarter@hotmail.com,01164960332
Lydia Rhodes,lydiarhodes@hotmail.com,+44141 4960755
Georgia Nelson,georgianelson@yahoo.com,+44113 4960138
Sharon Nixon,sharonnixon@gmail.com,01514960952
Maria Stone,mariastone@gmail.com,+44(0)8081570566
Victoria Murray,victoriamurray@gmail.com,020 74960605
Sheila Foster,sheilafoster@hotmail.com,01632 960429
Hannah Robinson,hannahrobinson@yahoo.com,(0306)9990276
Bernard Shaw,bernardshaw@hotmail.com,+44(0)1614960258
Trevor O'Neill,trevoro'neill@yahoo.com,+44121 4960542
Bruce Ingram,bruceingram@hotmail.com,+441514960447
Pauline Sheppard,paulinesheppard@gmail.com,(01632) 960977
Anna Greenwood,annagreenwood@gmail.com,+44(0)28 9018 0409
Jonathan Carr,jonathancarr@gmail.com,0141 496 0318
Brett Hutchinson,bretthutchinson@gmail.com,0114 4960282
Tina Wright,tinawright@gmail.com,(0113)4960126
Charlotte Stokes,charlottestokes@yahoo.com,(0191) 496 0703
Carolyn Morley,carolynmorley@hotmail.com,+44909 8790478
Adrian Jones,adrianjones@hotmail.com,(0191) 496 0118
Dominic Brooks,dominicbrooks@gmail.com,(029) 2018 0531
Christian Smith,christiansmith@hotmail.com,+441914960738
Naomi Robinson,naomirobinson@hotmail.com,(0191) 496 0328
Elliott Mills,elliottmills@yahoo.com,0117 496 0594
Cameron Bradley,cameronbradley@yahoo.com,+44(0)1414960612
Lawrence Potts,lawrencepotts@yahoo.com,028 9018667
Philip Whitehouse,philipwhitehouse@gmail.com,+44(0)117 4960460
Victoria Hudson,victoriahudson@yahoo.com,+44(0)191 496 0978
Geoffrey Parker,geoffreyparker@gmail.com,01614960506
Abdul Smith,abdulsmith@gmail.com,0121 4960641
Joanna Watkins,joannawatkins@gmail.com,+44115 4960246
Katie Hill,katiehill@gmail.com,01134960542
Gerard Wilson,gerardwilson@hotmail.com,+44909 8790753
John Watts,johnwatts@yahoo.com,+44116 4960252
Kieran Heath,kieranheath@hotmail.com,+44292018738
Angela Watson,angelawatson@hotmail.com,(0113)4960542
Louise Davis,louisedavis@yahoo.com,020 74960294
Rosemary Harris,rosemaryharris@yahoo.com,+44(0)28 9018 0952
Anthony Smith,anthonysmith@hotmail.com,+44(0)191 496 0167
Leigh Jenkins,leighjenkins@gmail.com,+44(0)151 496 0088
Marion Adams,marionadams@gmail.com,+44(0)1632 960815
Robert Lee,robertlee@gmail.com,+44(0)1314960252
Nigel Jones,nigeljones@gmail.com,+44116 4960948
Shirley Williams,shirleywilliams@gmail.com,(0141) 4960812
Aaron Potter,aaronpotter@gmail.com,(0151)4960402
Sarah Walsh,sarahwalsh@gmail.com,+44(0)1154960292
Ross Dean,rossdean@yahoo.com,+44(0)1314960809
Harriet Herbert,harrietherbert@hotmail.com,01214960475
Catherine Middleton,catherinemiddleton@gmail.com,+44115 496 0029
Jane Graham,janegraham@yahoo.com,(0116) 4960375
Gerald Bevan,geraldbevan@gmail.com,(0117)4960555
Alan Ball,alanball@yahoo.com,(0141) 4960619
Michelle Gibson,michellegibson@hotmail.com,0808 157 0994
Raymond Miller,raymondmiller@yahoo.com,(0306)9990352
Gerald Lee,geraldlee@hotmail.com,0909 8790280
Martin Preston,martinpreston@yahoo.com,01314960782
Amber Lee,amberlee@yahoo.com,01632960771
Valerie Goddard,valeriegoddard@gmail.com,0117 496 0700
June Johnson,junejohnson@gmail.com,+44(0)3069990076
Raymond Adams,raymondadams@hotmail.com,+44114 4960454
Carole Smith,carolesmith@gmail.com,01632960530
Sara Elliott,saraelliott@yahoo.com,+44(0)121 496 0174
Albert Archer,albertarcher@gmail.com,(029) 2018207
Elliott Hayes,elliotthayes@gmail.com,01134960135
William Hawkins,williamhawkins@yahoo.com,+4429 2018 0558
William Duffy,williamduffy@gmail.com,+44(0)289018752
Dylan Kelly,dylankelly@yahoo.com,0118 496 0701
Stephen Knight,stephenknight@hotmail.com,+44(0)292018530
Ronald Williams,ronaldwilliams@gmail.com,(0116)4960269
Antony Hale,antonyhale@gmail.com,+44(0)131 4960208
Janice Moss,janicemoss@hotmail.com,+441632 960634
Ricky Anderson,rickyanderson@hotmail.com,+44(0)141 4960687
Georgia Harrison,georgiaharrison@gmail.com,+44121 496 0851
Lawrence Robertson,lawrencerobertson@gmail.com,+44(0)161 4960042
Annette Powell,annettepowell@hotmail.com,0114 496 0996
Jodie Holmes,jodieholmes@gmail.com,+44(0)191 496 0501
Gemma Shah,gemmashah@yahoo.com,+44(0)116 496 0944
Lynn Jackson,lynnjackson@hotmail.com,+44909 879 0430
Gareth Roberts,garethrobertsM@yahoo.com,+441184960718
Anna French,annafrench@gmail.com,0151 496 0733
Alex Patterson,alexpatterson@gmail.com,+44116 4960527
Teresa Boyle,teresaboyle@hotmail.com,+44(0)1164960033
Francis Clarke,francisclarkei@gmail.com,+44(0)1154960472
Justin James,justinjames@gmail.com,+442074960171
Terence Baker,terencebaker@gmail.com,+441914960910
Iain Barnett,iainbarnett@yahoo.com,+44(0)117 4960571
Pamela Lawrence,pamelalawrence@gmail.com,(0115) 4960829
Dennis Scott,dennisscott@yahoo.com,(0115) 4960812
Kevin Little,kevinlittle@hotmail.com,(020) 74960913
Jordan Murphy,jordanmurphy@yahoo.com,+44808 1570136
Rachael Poole,rachaelpoole@hotmail.com,+44808 157 0921
Beth Richards,bethrichards@gmail.com,(028)9018570
Justin Winter,justinwinter@gmail.com,+44121 496 0246
Leanne Baker,leannebaker@gmail.com,+441134960236
Steven Hughes,stevenhughes@gmail.com,01314960851
Wayne Duffy,wayneduffy@hotmail.com,+44(0)1632 960172
Hilary Thomas,hilarythomas@yahoo.com,0116 4960696
Dennis Price,dennisprice@yahoo.com,(029)2018142
Sean Russell,seanrussell@yahoo.com,(0161) 496 0592
Jake Blake,jakeblake@yahoo.com,+441164960888
Barbara Murphy,barbaramurphy@yahoo.com,+44113 496 0236
Dennis Barker,dennisbarker@yahoo.com,+441314960491
Gerald Bartlett,geraldbartlett@hotmail.com,02074960651
Henry Stevens,henrystevens@hotmail.com,0121 4960902
Zoe Reeves,zoereeves@hotmail.com,0141 496 0989
Phillip Edwards,phillipedwards@hotmail.com,+441174960283
Ann Knight,annknight@hotmail.com,+44161 4960045
Zoe Smith,zoesmith@yahoo.com,(01632) 960 966
Tracey Collins,traceycollins@gmail.com,0191 498 0211
Ellie Graham,elliegraham@hotmail.com,+4428 9018062
Kathleen Bradley,kathleenbradley@hotmail.com,(0121) 4960440
Lynne Johnston,lynnejohnston@yahoo.com,+44(0)191 496 0414
Amelia Townsend,ameliatownsend@hotmail.com,+441164960808
Leah Griffiths,leahgriffiths@hotmail.com,020 7946 0596
Nicholas Young,nicholasyoung@gmail.com,+44(0)151 4960821
Danielle McKenzie,daniellemckenzie@gmail.com,+44(0)117 496 0961
Jemma Wilkinson,jemmawilkinson@hotmail.com,+449098790439
Shaun Brown,shaunbrown@gmail.com,(0151) 496 0814
Robert Smith,robertsmith@hotmail.com,+44113 496 0096
Brenda Schofield,brendaschofield@yahoo.com,+44(0)161 496 0285
Wayne Hooper,waynehooper@gmail.com,+44114 4960482
Diane Barton,dianebarton@gmail.com,+44(0)1614960069
Declan Watson,declanwatson@gmail.com,+44(0)1154960383
Peter Moran,petermoran@yahoo.com,(0121) 4960142
Nigel Smith,nigelsmith@hotmail.com,+4429 2018210
Lee Parker,leeparker@hotmail.com,(0151) 4960191
Bryan Arnold,bryanarnold@yahoo.com,+441414960680
Diana Davies,dianadavies@gmail.com,(01632) 960902
Lynn Yates,lynnyates@yahoo.com,(0115) 496 0464
Angela Wood,angelawood@gmail.com,(0161) 4960370
Cheryl Dixon,cheryldixon@gmail.com,(029) 2018635
Abdul Lynch,abdullynch@yahoo.com,0161 496 0122
Sally Hopkins,sallyhopkins@hotmail.com,+44(0)8081570636
Amanda Wilson,amandawilson@gmail.com,(0141) 496 0350
Rachel Roberts,rachelroberts@yahoo.com,+4428 9018179
Rhys Roberts,rhysroberts@yahoo.com,0131 4960906
Terence Webb,terencewebb@hotmail.com,(020) 7496 0944
Kimberley Hughes,kimberleyhughes@yahoo.com,+44115 4960053
Gordon Holmes,gordonholmes@yahoo.com,01144960974
Shane Field,shanefield@hotmail.com,(0909) 8790466
Jonathan James,jonathanjames@yahoo.com,(0151) 4960545
Olivia Wright,oliviawright@yahoo.com,01134960986
Donna Williams,donnawilliams@gmail.com,+44808 1570890
Natalie Carr,nataliecarr@gmail.com,01614960203
Abbie Walsh,abbiewalsh@yahoo.com,(0131) 496 0061
Jake Carter,jakecarter@gmail.com,(01632) 960 270
Liam Dyer,liamdyer@hotmail.com,+44909 879 0259
Leanne Knight,leanneknight@hotmail.com,+441314960065
Hazel Poole,hazelpoole@hotmail.com,+44(0)118 496 0143
Julian Weston,julianweston@yahoo.com,0113 4960707
Laura Harris,lauraharris@hotmail.com,0113 496 0964
Lynn Walker,lynnwalker@yahoo.com,+4429 2018424
Carol Bailey,carolbailey@yahoo.com,+44306 999 0501
Stephen Brown,stephenbrown@yahoo.com,(0909) 879 0092
Jade Wright,jadewright@hotmail.com,(0191) 4960563
Timothy Williams,timothywilliams@yahoo.com,+44118 496 0454
Kieran Quinn,kieranquinn@yahoo.com,028 9018605
Carolyn Clarke,carolynclarke@hotmail.com,+44113 4960661
Arthur Howe,arthurhowe@yahoo.com,01164960041
Graeme Powell,graemepowell@gmail.com,+44(0)115 4960276
Ryan Quinn,ryanquinn@gmail.com,+441632 960 351
Kenneth Jones,kennethjones@gmail.com,0161 4960166
Hannah Jennings,hannahjennings@yahoo.com,01414960494
Graeme O'Connor,graemeo'connor@gmail.com,0141 496 0010
Paul Armstrong,paularmstrong@hotmail.com,+443069990064
Ryan Cook,ryancook@yahoo.com,(0114) 4960838
Jennifer Sharp,jennifersharp@hotmail.com,+44(0)141 496 0625
Leah Higgins,leahhiggins@gmail.com,(0808) 1570084
Lauren Sharp,laurensharp@gmail.com,(0121) 4960858
Hollie Rose,hollierose@hotmail.com,(0161) 496 0442
Graeme Baker,graemebaker@hotmail.com,0117 4960074
Hugh Roberts,hughroberts@hotmail.com,+44(0)28 9018476
Martin Flynn,martinflynn@gmail.com,+44(0)306 9990942
Bethan Price,bethanprice@gmail.com,0114 496 0562
Alex Webster,alexwebster@hotmail.com,+44114 496 0884
Sophie Coleman,sophiecoleman@gmail.com,+441174960922
Louis Jennings,louisjennings@yahoo.com,(0117) 4960012
Samantha Young,samanthayoung@hotmail.com,+44306 999 0142
Kirsty Smith,kirstysmith@hotmail.com,01134960752
Elliott Miller,elliottmiller@gmail.com,(028) 9018 0783
Jake Thompson,jakethompson@hotmail.com,+44(0)117 496 0835
Rita Cox,ritacox@yahoo.com,+44(0)116 496 0300
Scott Simpson,scottsimpson@gmail.com,09098790143
Duncan Roberts,duncanroberts@gmail.com,0306 999 0999
Mandy Morris,mandymorris@yahoo.com,(01632)960988
Bryan Quinn,bryanquinn@yahoo.com,0289018360
Pamela Dunn,pameladunn@hotmail.com,+44(0)808 1570038
Pauline Carter,paulinecarter@gmail.com,+44(0)121 496 0425
Jacob Black,jacobblack@gmail.com,+44(0)20 74960701
Alexander Cook,alexandercook@yahoo.com,020 7946 0480
Jason Ford,jasonford@gmail.com,08081570892
Alexandra Bond,alexandrabond@gmail.com,0808 1570125
Mohammed Parker,mohammedparker@gmail.com,+44(0)1914960836
Kathleen Sanders,kathleensanders@hotmail.com,+44(0)151 4960490
Amy Kelly,amykelly@gmail.com,+44(0)1174960672
Andrea Dobson,andreadobson@gmail.com,+44(0)151 4960280
Jacob Stevens,jacobstevens@hotmail.com,+448081570150
Georgina Newman,georginanewman@hotmail.com,+44(0)292018135
Michelle Roberts,michelleroberts@gmail.com,+44909 879 0603
Gemma Butler,gemmabutler@yahoo.com,(0151) 496 0171
Eileen Franklin,eileenfranklin@hotmail.com,(020) 7496 0792
Ross Martin,rossmartin@gmail.com,(0114)4960290
Alex Moss,alexmoss@yahoo.com,+44(0)2074960578
Hollie Read,hollieread@hotmail.com,0115 4960911
Michael Bartlett,michaelbartlett@gmail.com,+44(0)116 496 0452
Wayne Watts,waynewatts@hotmail.com,0118 496 0647
Christian Walker,christianwalker@gmail.com,02074960808
Dominic Simmons,dominicsimmons@yahoo.com,+44(0)113 496 0098
Glen Robertson,glenrobertson@yahoo.com,+441632 960 580
Heather Evans,heatherevans@hotmail.com,0114 4960221
Richard Harris,richardharris@hotmail.com,(028)9018183
Diana Herbert,dianaherbert@hotmail.com,+44(0)9098790623
Sheila Ward,sheilaward@gmail.com,0131 496 0496
Kirsty Duncan,kirstyduncan@yahoo.com,(0151) 496 0380
Anne Boyle,anneboyle@yahoo.com,+44131 496 0149
Frank Hughes,frankhughes@yahoo.com,+4428 9018 0274
Jessica Baker,jessicabaker@gmail.com,+4420 7496 0300
Kirsty Ward,kirstyward@hotmail.com,0151 4960381
Keith Sullivan,keithsullivan@hotmail.com,(0114) 4960498
Callum Anderson,callumanderson@gmail.com,+44151 4960907
Mark Gregory,markgregory@yahoo.com,+441154960327
Mary May,marymay@hotmail.com,02074960089
David Mills,davidmills@gmail.com,+441144960369
Brandon Evans,brandonevans@gmail.com,+44113 4960818
John Allen,johnallen@hotmail.com,(0113) 4960593
Paul Wilkinson,paulwilkinson@hotmail.com,+441632 960998
Julian Morris,julianmorris@hotmail.com,+44808 157 0977
Abbie Harrison,abbieharrison@gmail.com,0121 4960793
Henry Campbell,henrycampbell@yahoo.com,0121 4960181
Simon McCarthy,simonmccarthy@yahoo.com,+44114 4960674
Beverley Bowen,beverleybowen@hotmail.com,+441632 960894
Howard Jones,howardjones@gmail.com,(0113)4960722
Natalie Owen,natalieowen@yahoo.com,(0191) 4960781
Charles Hilton,charleshilton@hotmail.com,09098790180
Derek Thompson,derekthompson@gmail.com,0808 1570109
Katy Clark,katyclark@yahoo.com,+44(0)191 4960523
Bethan Clark,bethanclark@yahoo.com,+44(0)115 496 0613
Elaine Smith,elainesmith@hotmail.com,(0113) 4960231
Duncan Brown,duncanbrown@gmail.com,(0161) 496 0268
Martyn Bryant,martynbryant@gmail.com,0117 496 0199
Beverley Farrell,beverleyfarrell@hotmail.com,01514960691
Rachel Jackson,racheljackson@hotmail.com,(0116) 4960682
Matthew Elliott,matthewelliott@hotmail.com,+44141 4960980
Eileen Hill,eileenhill@hotmail.com,0118 496 0474
Carly Brown,carlybrown@gmail.com,+44(0)115 496 0396
Christopher Booth,christopherbooth@yahoo.com,+44191 496 0420
Zoe Hope,zoehope@gmail.com,(0118) 496 0269
Jennifer Hill,jenniferhill@hotmail.com,+441144960344
Lynn Stanley,lynnstanley@hotmail.com,(0117) 496 0422
Joan Kelly,joankelly@yahoo.com,(029)2018048
Ricky Townsend,rickytownsend@yahoo.com,+4428 9018 0098
Eric Elliott,ericelliott@hotmail.com,+44115 4960907
Kimberley Owen,kimberleyowen@yahoo.com,01614960294
Lindsey Jackson,lindseyjackson@hotmail.com,(0118) 4960679
Phillip Dawson,phillipdawson@yahoo.com,+441174960303
Owen Gardiner,owengardiner@gmail.com,+44(0)292018105
Julia Metcalfe,juliametcalfe@gmail.com,0161 4960787
Mary White,marywhite@yahoo.com,0113 496 0616
Iain Crawford,iaincrawford@gmail.com,(0151) 4960707
Carly Morgan,carlymorgan@gmail.com,0118 496 0684
Andrew Lee,andrewlee@yahoo.com,+44(0)292018914
Graham Begum,grahambegum@hotmail.com,+44306 9990052
Joe Watson,joewatson@yahoo.com,+441414960729
Ronald Brooks,ronaldbrooks@yahoo.com,+44131 4960046
Marc Hill,marchill@yahoo.com,+443069990674
Terence Scott,terencescott@yahoo.com,+44141 4960942
June Francis,junefrancis@yahoo.com,+441164960790
Victor Evans,victorevans@yahoo.com,+44(0)121 4960464
Toby Robinson,tobyrobinson@gmail.com,(0116) 496 0600
Adrian Wilson,adrianwilson@hotmail.com,(0113) 496 0929
Ann Mahmood,annmahmood@hotmail.com,+44(0)1164960556
Jacob Marshall,jacobmarshall@hotmail.com,+44(0)808 1570817
Emma Smith,emmasmith@yahoo.com,0116 496 0646
Kirsty White,kirstywhite@hotmail.com,(0131) 496 0825
Carl Simpson,carlsimpson@hotmail.com,0808 157 0544
Bradley Nolan,bradleynolan@hotmail.com,(0114)4960311
Marie Thomas,mariethomas@yahoo.com,+44(0)115 4960154
Diane Patterson,dianepatterson@yahoo.com,0113 496 0595
Yvonne O'Brien,yvonneo'brien@hotmail.com,+44191 4960092
Robin Roberts,robinroberts@hotmail.com,+4428 9018 0341
Christine O'Brien,christineo'brien@yahoo.com,0117 4960492
Lesley Ahmed,lesleyahmed@gmail.com,(0113)4960097
Katie Frost,katiefrost@gmail.com,+44(0)191 4960831
