name,email,phone
Zoe Hopkins,zoehopkins@hotmail.com,0114 4960359
Eileen Howell,eileenhowell@gmail.com,0141 4960990
Dale Thomas,dalethomas@gmail.com,+4420 74960949
Claire Bates,clairebates@gmail.com,(0121) 496 0640
Tracey Young,traceyyoung@hotmail.com,+44(0)292018267
Albert Mann,albertmann@gmail.com,+44113 4960303
Callum Jones,callumjones@hotmail.com,(0909) 8790807
Danny Roberts,dannyroberts@yahoo.com,(0113) 4960086
Colin Carter,colincarter@yahoo.com,+44117 4960816
Christian Rowe,christianrowe@gmail.com,+4429 2018 0775
Adam Douglas,adamdouglas@yahoo.com,(0131) 4960714
Nigel Miah,nigelmiah@hotmail.com,+44(0)117 4960722
Donna Price,donnaprice@hotmail.com,0131 496 0435
Rachael Collins,rachaelcollins@hotmail.com,+441134960670
Marion Skinner,marionskinner@hotmail.com,+44(0)1632 960194
Hannah Gray,hannahgray@gmail.com,+44(0)1632960953
Margaret Davies,margaretdavies@hotmail.com,+44(0)20 7496 0063
Francesca Bennett,francescabennett@gmail.com,0131 496 0604
Allan Jones,allanjones@yahoo.com,(0121) 4960448
Luke Smith,lukesmith@hotmail.com,(029)2018665
Bryan Duffy,bryanduffy@gmail.com,+44(0)1514960019
Yvonne Russell,yvonnerussell@gmail.com,(0191) 4960353
Barry Baker,barrybaker@gmail.com,(0191) 4960929
Hollie Conway,hollieconway@yahoo.com,(029)2018050
Gary Graham,garygraham@gmail.com,(0151) 4960700
Emma Jenkins,emmajenkins@yahoo.com,+44114 4960289
Abdul Cooper,abdulcooper@yahoo.com,+44(0)1632 960 496
Hayley Burns,hayleyburns@yahoo.com,+44115 4960632
Hugh Clarke,hughclarke@yahoo.com,01144960200
Kirsty Lee,kirstylee@yahoo.com,+44(0)909 8790470
Lynne Davies,lynnedavies@hotmail.com,(0161) 496 0988
Glenn Bailey,glennbailey@hotmail.com,+44(0)1632 960 395
Liam Hicks,liamhicks@hotmail.com,0117 4960239
Lewis Brown,lewisbrown@yahoo.com,(028)9018406
Susan Howe,susanhowe@gmail.com,(0306) 999 0551
Jake Perkins,jakeperkins@gmail.com,(0115)4960408
Graeme Clarke,graemeclarke@yahoo.com,(020)74960348
Clive Kaur,clivekaur@gmail.com,(0114)4960140
Georgina Green,georginagreen@yahoo.com,+44161 496 0487
Glenn Townsend,glenntownsend@yahoo.com,01134960038
Damian Taylor,damiantaylor@gmail.com,+4429 2018 0561
Natasha Barrett,natashabarrett@gmail.com,(01632) 960 995
Vanessa Dunn,vanessadunn@hotmail.com,0909 879 0269
Teresa Hall,teresahall@gmail.com,+44151 496 0988
Patricia Reid,patriciareid@yahoo.com,01214960939
Peter Swift,peterswift@hotmail.com,0292018099
Shannon Thompson,shannonthompson@gmail.com,+441184960413
Frank Brown,frankbrown@gmail.com,+44(0)20 7496 0294
Jason Chamberlain,jasonchamberlain@yahoo.com,+44191 4960274
Martyn Robinson,martynrobinson@gmail.com,+44(0)909 879 0635
Simon Bruce,simonbruce@yahoo.com,+44292018230
Kathryn Day,kathrynday@gmail.com,(0115)4960381
Jason Morgan,jasonmorgan@hotmail.com,(0131) 496 0244
Jill Griffiths,jillgriffiths@yahoo.com,+44909 879 0825
Craig Williams,craigwilliams@yahoo.com,+441314960556
Josephine Wilson,josephinewilson@hotmail.com,(0161) 4960223
Hayley Hawkins,hayleyhawkins@hotmail.com,+44(0)3069990607
Lesley Smith,lesleysmith@gmail.com,029 2018421
Hollie Shaw,hollieshaw@gmail.com,0306 9990910
Glen Davies,glendavies@yahoo.com,+44(0)306 9990275
Duncan Kennedy,duncankennedy@hotmail.com,(0118)4960978
Rhys Norman,rhysnorman@hotmail.com,+44(0)1632960974
Roy Davies,roydavies@gmail.com,+44(0)20 74960410
Martin Stephens,martinstephens@hotmail.com,0121 4960189
Jack Wells,jackwells@hotmail.com,(0161) 4960576
Gemma Parker,gemmaparker@yahoo.com,+44(0)117 496 0686
Howard Hammond,howardhammond@gmail.com,01214960664
Karen Anderson,karenanderson@hotmail.com,+44(0)9098790173
Barbara Hill,barbarahill@hotmail.com,+44161 4960622
Nicola Hewitt,nicolahewitt@hotmail.com,(0114) 4960349
Michelle Norton,michellenorton@yahoo.com,+443069990970
Jodie Nolan,jodienolan@yahoo.com,+44151 4960740
Joshua Edwards,joshuaedwards@gmail.com,0116 4960076
Allan Berry,allanberry@yahoo.com,(0118) 4960981
Diane Murray,dianemurray@yahoo.com,+44131 496 0324
Megan Henry,meganhenry@hotmail.com,(029) 2018830
Lewis Holden,lewisholden@hotmail.com,01514960556
Lynda Evans,lyndaevans@gmail.com,+44(0)2074960661
Lisa Scott,lisascott@hotmail.com,(028) 9018868
Lynda Stanley,lyndastanley@yahoo.com,(0114) 496 0491
Anna Kelly,annakelly@gmail.com,+44191 496 0233
Alex Bryan,alexbryan@hotmail.com,0131 4960513
Stewart McDonald,stewartmcdonald@gmail.com,(0115)4960637
Rebecca Horton,rebeccahorton@yahoo.com,(0114) 496 0796
Jean Wood,jeanwood@hotmail.com,+44(0)1134960574
Rosie Smith,rosiesmith@yahoo.com,+44114 4960903
Alan Berry,alanberry@yahoo.com,+4429 2018 0219
Henry Garner,henrygarner@hotmail.com,+44(0)116 4960425
Joyce Carter,joycecarter@hotmail.com,+441174960383
Julie Davies,juliedavies@hotmail.com,(01632) 960493
Darren Khan,darrenkhan@hotmail.com,(01632) 960 040
Eileen Harper,eileenharper@gmail.com,01632960602
Rachael Cook,rachaelcook@yahoo.com,(029) 2018972
Ricky Whitehouse,rickywhitehouse@yahoo.com,+44113 4960704
Hazel Bennett,hazelbennett@hotmail.com,0292018345
Emily Harris,emilyharris@hotmail.com,(0114) 496 0855
Jordan Coates,jordancoates@yahoo.com,01632 960 495
Judith Fraser,judithfraser@yahoo.com,+44117 496 0155
Amy Murphy,amymurphy@yahoo.com,+44191 496 0951
Damien Smith,damiensmith@gmail.com,0808 1570191
Julian Turner,julianturner@yahoo.com,(0115)4960757
Andrea Leonard,andrealeonard@hotmail.com,(0114) 4960070
Annette Barnes,annettebarnes@yahoo.com,+443069990035
Hugh Taylor,hughtaylor@hotmail.com,+44(0)306 999 0032
Mitchell Thornton,mitchellthornton@yahoo.com,+441144960179
Joan Bell,joanbellS@hotmail.com,+44(0)141 4960547
Kevin Francis,kevinfrancis@yahoo.com,+44(0)1144960373
Kevin Alexander,kevinalexander@hotmail.com,(0909)8790407
Roger Griffiths,rogergriffiths@yahoo.com,+44115 4960278
Bradley Kaur,bradleykaur@hotmail.com,+441614960796
Karen Moss,karenmoss@hotmail.com,020 7946 0007
David Jones,davidjones@hotmail.com,(01632)960415
Barbara Atkinson,barbaraatkinson@hotmail.com,+44808 157 0317
Leanne Swift,leanneswift@hotmail.com,01174960632
Raymond Chamberlain,raymondchamberlain@yahoo.com,(0306) 9990676
Jennifer Butler,jenniferbutler@gmail.com,0161 496 0834
Gregory Mills,gregorymills@hotmail.com,0909 879 0678
Yvonne Hart,yvonnehart@yahoo.com,(0116) 4960048
Kathleen Hicks,kathleenhicks@hotmail.com,(0116) 496 0797
Tina Cunningham,tinacunningham@yahoo.com,(0116) 4960873
David Barton,davidbarton@hotmail.com,0909 879 0475
Jean Dodd,jeandodd@hotmail.com,+44(0)131 4960068
Alice Bates,alicebates@yahoo.com,+44(0)20 74960042
Deborah Patel,deborahpatel@yahoo.com,+44131 496 0111
Cameron Morgan,cameronmorgan@yahoo.com,0289018167
Sylvia Hart,sylviahart@yahoo.com,(0118)4960562
Frances Peacock,francespeacock@yahoo.com,+44(0)121 4960391
Ellie Thorpe,elliethorpe@hotmail.com,(0306) 999 0443
Tracey Ellis,traceyellis@hotmail.com,0113 4960924
Abdul Allan,abdulallan@gmail.com,01164960139
Dawn Ellis,dawnellis@gmail.com,(0113) 4960584
Ruth Reynolds,ruthreynolds@gmail.com,+44(0)292018500
Joseph Bray,josephbray@gmail.com,(0117) 496 0884
Amy Conway,amyconway@gmail.com,+44(0)131 4960387
Clive James,clivejames@gmail.com,0118 4960659
Ashley Humphries,ashleyhumphries@hotmail.com,0161 496 0389
Lucy Arnold,lucyarnold@yahoo.com,+44(0)115 496 0000
Frederick Henderson,frederickhenderson@gmail.com,(0114)4960591
Judith Doyle,judithdoyle@hotmail.com,(0151)4960749
Gary Gardner,garygardner@hotmail.com,+44(0)1632960352
Rebecca Harrison,rebeccaharrison@gmail.com,+44(0)191 4960988
Toby Greenwood,tobygreenwood@yahoo.com,+44114 496 0942
Glenn Anderson,glennanderson@gmail.com,+442074960873
Susan Freeman,susanfreeman@yahoo.com,029 2018006
Harry Scott,harryscott@yahoo.com,(0117) 496 0262
Timothy Booth,timothybooth@gmail.com,0131 496 0749
Adrian Foster,adrianfoster@yahoo.com,+44117 4960988
Naomi Moore,naomimoore@hotmail.com,01144960280
Victoria Jones,victoriajones@gmail.com,+44(0)118 496 0877
John Banks,johnbanks@yahoo.com,+44(0)1174960422
Allan Yates,allanyates@gmail.com,+44(0)28 9018 0464
Anthony Webster,anthonywebster@yahoo.com,(0113) 4960103
Scott Robinson,scottrobinson@hotmail.com,+441632 960 514
Louis Ball,louisball@gmail.com,+44(0)9098790446
Sara Stevens,sarastevens@yahoo.com,(0306)9990619
Deborah Wright,deborahwright@gmail.com,+44(0)808 157 0386
Frank Smith,franksmith@yahoo.com,(0191) 496 0258
Ashley Ahmed,ashleyahmed@gmail.com,028 9018835
Gillian Taylor,gilliantaylor@gmail.com,+44(0)1154960182
Maureen Jones,maureenjones@hotmail.com,(0191) 496 0966
Lynda Smith,lyndasmith@gmail.com,0113 496 0240
Harry Kelly,harrykelly@yahoo.com,0121 496 0232
Annette Fleming,annettefleming@yahoo.com,01214960889
Owen Hall,owenhall@hotmail.com,(0117)4960477
Olivia Richards,oliviarichards@gmail.com,(0306)9990624
Emma Baker,emmabaker@yahoo.com,+44(0)121 4960587
Alison Saunders,alisonsaunders@hotmail.com,+44(0)28 9018917
Brandon Adams,brandonadams@yahoo.com,+44(0)2074960295
Rachael Farmer,rachaelfarmer@gmail.com,+443069990130
Lauren Thompson,laurenthompsonR@hotmail.com,+44(0)161 496 0736
Lesley Stephens,lesleystephens@yahoo.com,(0161) 4960304
Fiona Poole,fionapoole@gmail.com,01632 960564
Rhys Godfrey,rhysgodfrey@yahoo.com,(0151) 496 0125
Ryan Kelly,ryankelly@gmail.com,+4428 9018311
Stewart Gardner,stewartgardner@gmail.com,+44118 496 0121
Phillip Archer,philliparcher@hotmail.com,+44114 4960468
Vincent Thomas,vincentthomas@yahoo.com,+4420 74960983
Ian Wright,ianwright@hotmail.com,0161 496 0712
Kevin Holden,kevinholden@gmail.com,+44(0)115 496 0023
Robert Moore,robertmoore@hotmail.com,0808 1570971
Carole Watts,carolewatts@gmail.com,+44(0)306 999 0151
Stewart Marshall,stewartmarshall@yahoo.com,+44909 8790027
Jacob Sharpe,jacobsharpe@gmail.com,+441632960055
Glenn Hughes,glennhughes@yahoo.com,0114 4960372
Justin Lee,justinlee@hotmail.com,01614960717
Grace Watkins,gracewatkins@hotmail.com,+44(0)113 4960261
Rita Bentley,ritabentley@gmail.com,01314960254
Michelle Williams,michellewilliams@gmail.com,(0191) 496 0293
Cheryl Wood,cherylwood@yahoo.com,0131 4960974
Judith Khan,judithkhan@gmail.com,(020) 74960664
Harriet Begum,harrietbegum@yahoo.com,(01632) 960 756
Jill Berry,jillberry@gmail.com,+4420 74960133
James Cook,jamescook@gmail.com,+441914960661
Yvonne Mitchell,yvonnemitchell@gmail.com,(028)9018714
Harriet Sanders,harrietsanders@yahoo.com,(0115)4960267
Bradley Charlton,bradleycharlton@hotmail.com,+44(0)20 74960621
Aimee Hilton,aimeehilton@yahoo.com,+44(0)141 496 0129
Dawn Alexander,dawnalexander@gmail.com,+44306 9990579
Georgina Ford,georginaford@yahoo.com,0909 8790579
Tina Chapman,tinachapman@hotmail.com,0141 496 0833
Gary Read,garyread@yahoo.com,+44118 496 0068
Richard Holland,richardholland@yahoo.com,+44909 8790182
Gail Robinson,gailrobinson@hotmail.com,+44(0)114 4960417
Sally Buckley,sallybuckley@yahoo.com,(0909) 879 0710
Maureen Sims,maureensims@yahoo.com,+44(0)161 4960820
Lynda Hopkins,lyndahopkins@yahoo.com,+44(0)808 1570503
Neil Hamilton,neilhamilton@yahoo.com,+44(0)141 496 0428
Stephanie Sharp,stephaniesharp@yahoo.com,(029) 2018470
Ashleigh Wilkinson,ashleighwilkinson@gmail.com,+44(0)1514960267
Katherine Davey,katherinedavey@hotmail.com,0118 496 0904
Anne Sutton,annesutton@yahoo.com,0161 4960498
Sara Law,saralaw@gmail.com,0306 9990819
Kim Roberts,kimroberts@hotmail.com,(0117) 4960321
Bruce Moore,brucemoore@hotmail.com,(0114) 496 0832
Howard Stephens,howardstephens@yahoo.com,(0116) 4960833
George Fletcher,georgefletcher@gmail.com,(0161) 4960352
Kimberley Dixon,kimberleydixon@gmail.com,+448081570885
Reece Walsh,reecewalsh@gmail.com,+441632960708
Sally Turner,sallyturner@hotmail.com,(01632) 960418
Frederick Robinson,frederickrobinson@hotmail.com,(01632)960636
Harry Holland,harryholland@hotmail.com,+44116 496 0849
Laura Walker,laurawalker@gmail.com,0121 496 0484
Gareth Bailey,garethbailey@hotmail.com,0116 4960001
Jordan Scott,jordanscott@hotmail.com,(0191) 4960973
Kim Richardson,kimrichardson@hotmail.com,0191 498 0886
Beverley Simmons,beverleysimmons@hotmail.com,0121 496 0718
Ross Owens,rossowens@gmail.com,+44(0)1184960851
Victoria Payne,victoriapayne@gmail.com,0115 4960158
Kevin Porter,kevinporter@yahoo.com,0141 4960460
Leonard Ryan,leonardryan@yahoo.com,+44(0)1184960997
Nicola Burns,nicolaburns@gmail.com,+44(0)141 496 0234
Jay Walker,jaywalker@gmail.com,+4429 2018 0414
Karl Morris,karlmorris@yahoo.com,0191 4960125
Stephanie Ward,stephanieward@hotmail.com,+44(0)1414960516
Sam Barnes,sambarnes@gmail.com,0161 4960418
Paula Watson,paulawatson@yahoo.com,0191 498 0899
Annette Robinson,annetterobinson@yahoo.com,+44(0)151 4960750
Charlotte Cole,charlottecole@gmail.com,(0118) 4960496
Karen Roberts,karenroberts@gmail.com,+44(0)1632960684
Abigail Moss,abigailmoss@hotmail.com,01614960618
Adrian Jones,adrianjones@gmail.com,0118 496 0503
Gillian May,gillianmay@gmail.com,+44191 496 0466
Gavin Heath,gavinheath@yahoo.com,(0161)4960257
Ben Davies,bendavies@gmail.com,01214960254
Sara Dyer,saradyer@hotmail.com,(0121) 4960950
Jeremy Brown,jeremybrown@yahoo.com,(0116) 496 0608
Pamela Edwards,pamelaedwards@yahoo.com,+44(0)1144960950
Deborah Smith,deborahsmith@hotmail.com,(0141) 496 0536
Mitchell Newton,mitchellnewton@hotmail.com,(0131) 496 0983
Alexandra Carey,alexandracarey@gmail.com,+441154960384
Lorraine Evans,lorraineevans@yahoo.com,+44(0)9098790962
Rebecca Wood,rebeccawood@hotmail.com,+44(0)1632 960256
Pauline Smith,paulinesmith@gmail.com,0141 496 0005
Charlene Martin,charlenemartin@yahoo.com,+44808 157 0157
Carol Patel,carolpatel@hotmail.com,(0909) 879 0513
Ross Gilbert,rossgilbert@hotmail.com,+44(0)1632960234
Kayleigh Murphy,kayleighmurphy@hotmail.com,(01632)960346
Josephine Andrews,josephineandrews@gmail.com,+44116 496 0899
Gary Reid,garyreid@hotmail.com,+44117 4960151
Owen Phillips,owenphillips@yahoo.com,(0909) 879 0178
Bernard Harrison,bernardharrison@gmail.com,(0191) 496 0802
Alan Jennings,alanjennings@gmail.com,0118 4960120
Stacey Lawson,staceylawson@yahoo.com,+44(0)1614960142
Jodie George,jodiegeorge@yahoo.com,(0909) 8790735
Roy Edwards,royedwards@hotmail.com,+44(0)114 496 0755
Clare Field,clarefield@yahoo.com,01154960025
Stacey Jackson,staceyjackson@hotmail.com,0151 496 0686
Katherine Phillips,katherinephillips@hotmail.com,0116 4960990
Donald Dickinson,donalddickinson@gmail.com,+44(0)1214960790
Reece O'Connor,reeceo'connor@hotmail.com,(01632) 960 431
Pamela Jones,pamelajones@yahoo.com,+44(0)141 4960384
Gregory Bennett,gregorybennett@yahoo.com,01632 960 007
Kyle Walker,kylewalker@hotmail.com,(0306) 9990506
Mohammed McKenzie,mohammedmckenzie@gmail.com,+4429 2018 0954
Molly Collins,mollycollins@gmail.com,0131 4960228
Paula Newton,paulanewton@hotmail.com,+44(0)1632960359
Terence Davis,terencedavis@hotmail.com,0118 496 0368
Beth Walker,bethwalker@yahoo.com,+44(0)909 8790268
Victor Duffy,victorduffy@hotmail.com,+44116 496 0589
Helen Jones,helenjones@gmail.com,+44(0)1514960913
Harriet Jones,harrietjones@gmail.com,+44289018010
Carl Baker,carlbaker@hotmail.com,+44(0)118 496 0668
Heather Tucker,heathertucker@yahoo.com,(0191) 496 0963
Ben Holmes,benholmes@hotmail.com,+441632 960599
Hannah Mitchell,hannahmitchell@gmail.com,+441174960498
Bethan Jones,bethanjones@yahoo.com,+44151 496 0663
Bradley Mitchell,bradleymitchell@hotmail.com,029 2018196
Marcus Robinson,marcusrobinson@yahoo.com,0115 496 0713
Rita Nicholson,ritanicholson@gmail.com,(0113) 496 0785
Joanna Fox,joannafox@yahoo.com,(0121) 496 0242
Beverley Dodd,beverleydodd@yahoo.com,(029) 2018 0966
Carl Stone,carlstone@yahoo.com,+44(0)117 4960189
Dorothy Ford,dorothyford@yahoo.com,0121 496 0649
David Jones,davidjones3@gmail.com,029 2018105
Raymond Walker,raymondwalker@hotmail.com,01154960428
Daniel Thomson,danielthomson@gmail.com,+44(0)9098790374
Charlotte Daly,charlottedaly@yahoo.com,+4420 7496 0717
Julia Wilson,juliawilson@yahoo.com,01632 960 597
Ricky Alexander,rickyalexander@yahoo.com,+44(0)141 496 0808
Bruce Brookes,brucebrookes@yahoo.com,+44(0)909 8790160
Frank James,frankjames@yahoo.com,0151 4960165
Jordan Ward,jordanward@hotmail.com,(0121) 4960433
Peter Harper,peterharper@hotmail.com,+441184960481
Martin Dodd,martindodd@hotmail.com,0114 4960525
Chloe Savage,chloesavage@gmail.com,+44(0)3069990524
Joseph Webster,josephwebster@yahoo.com,+44151 4960988
Malcolm Read,malcolmread@yahoo.com,(0306)9990380
Frederick James,frederickjames@gmail.com,+44115 4960173
Kathleen Reynolds,kathleenreynolds@gmail.com,+44121 496 0142
Naomi Marshall,naomimarshall@yahoo.com,(0306) 9990734
Kayleigh Smith,kayleighsmith@gmail.com,+44(0)909 8790668
Tracey Faulkner,traceyfaulkner@yahoo.com,(0161) 496 0641
Lisa Wilson,lisawilson@yahoo.com,+441214960799
Howard Scott,howardscott@gmail.com,(01632) 960773
Gordon Green,gordongreen@gmail.com,(0191) 4960718
Ann Johnson,annjohnson@gmail.com,+44(0)808 157 0262
Donna Forster,donnaforster@gmail.com,+441154960031
Joanne Williamson,joannewilliamson@hotmail.com,(0121) 496 0356
Gerard Bentley,gerardbentley@hotmail.com,+44(0)9098790526
Cheryl Kelly,cherylkelly@gmail.com,0306 9990663
Andrew Wade,andrewwade@hotmail.com,08081570648
Joan Griffiths,joangriffiths@gmail.com,+44151 496 0618
Claire Parsons,claireparsons@yahoo.com,+44(0)1184960838
Benjamin Reed,benjaminreed@gmail.com,0306 9990699
Donald Hunt,donaldhunt@gmail.com,+44(0)118 496 0675
Mark Booth,markbooth@hotmail.com,+44(0)1154960469
Leanne Williams,leannewilliams@yahoo.com,+44(0)808 157 0108
Debra Morris,debramorris@gmail.com,+44909 879 0981
Vincent Bryant,vincentbryant@hotmail.com,+44(0)1154960180
Jill Green,jillgreen@gmail.com,01914960996
Geoffrey Johnson,geoffreyjohnson@hotmail.com,+44(0)29 2018430
Caroline Chapman,carolinechapman@yahoo.com,+44115 496 0036
Lesley Parkin,lesleyparkin@yahoo.com,+44(0)114 4960234
Aaron Hawkins,aaronhawkins@gmail.com,0909 879 0534
Stewart Hudson,stewarthudson@yahoo.com,(0306)9990606
Jessica Bell,jessicabell@gmail.com,+44118 496 0470
Lynne Gray,lynnegray@gmail.com,+44(0)1174960485
Toby Reid,tobyreid@hotmail.com,01632 960 643
Norman Charlton,normancharlton@hotmail.com,(0115)4960990
Kelly Yates,kellyyates@yahoo.com,+44151 4960348
Mandy Reynolds,mandyreynolds@hotmail.com,+441164960207
Billy O'Neill,billyo'neill@yahoo.com,+44114 4960411
Mohamed Baker,mohamedbaker@gmail.com,+44(0)118 496 0854
Andrew Robinson,andrewrobinson@yahoo.com,+44(0)306 999 0865
Danny Roberts,dannyroberts@hotmail.com,+4428 9018133
Graham Hayward,grahamhayward@hotmail.com,+44(0)808 1570952
Shannon Carr,shannoncarr@gmail.com,+44(0)808 1570327
Harriet Pearson,harrietpearson@yahoo.com,+44(0)115 496 0442
Hayley Marshall,hayleymarshall@hotmail.com,+44121 4960110
Carl Davies,carldavies@gmail.com,01134960860
Cameron Miller,cameronmiller@yahoo.com,+441184960620
Laura Wright,laurawright@hotmail.com,(028) 9018317
Karen Woodward,karenwoodward@yahoo.com,+44808 1570649
Hugh Booth,hughbooth@gmail.com,(0117) 4960833
Jasmine Cooper,jasminecooper@hotmail.com,+44(0)116 496 0543
Julie Smith,juliesmith@gmail.com,+44306 9990597
Brenda Williams,brendawilliams@yahoo.com,+441632 960 276
Barry Dodd,barrydodd@gmail.com,(0141) 496 0081
Danielle Ali,danielleali@yahoo.com,+441632960099
Shane Porter,shaneporter@hotmail.com,+44(0)118 496 0269
Maurice Green,mauricegreen@hotmail.com,+44(0)121 4960287
Georgina Wall,georginawall@yahoo.com,(0141) 496 0611
Kirsty Hayward,kirstyhayward@hotmail.com,+44191 496 0542
Dylan Harrison,dylanharrison@hotmail.com,+441614960338
Amy Arnold,amyarnold@gmail.com,+4428 9018 0483
Danny Moore,dannymoore@yahoo.com,+44115 4960446
Karen Clarke,karenclarke@yahoo.com,(0161) 496 0082
Carly Matthews,carlymatthews@hotmail.com,0161 496 0909
Claire Matthews,clairematthews@hotmail.com,(0131)4960486
Nicholas Hayes,nicholashayes@hotmail.com,01134960620
Stuart Thomson,stuartthomson@hotmail.com,+4420 74960153
Keith Arnold,keitharnold@yahoo.com,(0141) 4960584
Gerald Rogers,geraldrogers@hotmail.com,+44(0)113 4960508
Susan Anderson,susananderson@hotmail.com,0161 496 0386
Joyce Fisher,joycefisher@hotmail.com,(0117)4960865
Shane Conway,shaneconway@hotmail.com,(0808) 157 0955
Amelia Sullivan,ameliasullivan@yahoo.com,(028) 9018042
Francesca James,francescajames@yahoo.com,+441632 960507
Alan Knight,alanknight@yahoo.com,0114 4960611
Carole Richardson,carolerichardson@yahoo.com,+44292018274
Justin Patel,justinpatel@hotmail.com,0808 1570891
Sarah Barton,sarahbarton@hotmail.com,(0121)4960249
Sharon Rogers,sharonrogers@hotmail.com,01514960347
Carole Robinson,carolerobinson@gmail.com,+4428 9018618
Damien Price,damienprice@yahoo.com,+443069990732
Henry Leach,henryleach@hotmail.com,(029) 2018519
Alex O'Brien,alexo'brien@hotmail.com,+44(0)1414960741
Martin Barker,martinbarker@hotmail.com,+44808 157 0038
Kathryn Martin,kathrynmartin@hotmail.com,(0161)4960365
Stuart Thompson,stuartthompson@yahoo.com,0909 879 0099
Antony Baker,antonybaker@gmail.com,+44(0)1414960017
Brian Murray,brianmurray@gmail.com,0161 4960946
Abdul Bennett,abdulbennett@gmail.com,+441414960571
Hannah Nelson,hannahnelson@gmail.com,(0115) 496 0482
Marian Wallis,marianwallis@gmail.com,(01632) 960 682
Beth Thomas,beththomas@hotmail.com,+44141 496 0871
Melissa Dunn,melissadunn@hotmail.com,+44(0)114 496 0413
Sheila Stokes,sheilastokes@hotmail.com,+44113 496 0506
Victoria Ward,victoriawardV@yahoo.com,0115 496 0839
William Scott,williamscott@yahoo.com,+44151 496 0923
