name,email,phone
Leslie Harris,leslieharris@hotmail.com,0117 4960831
Paul Rowley,paulrowley@gmail.com,+44(0)8081570583
Kevin Pearson,kevinpearson@gmail.com,+44(0)151 4960335
Lisa Clayton,lisaclayton@yahoo.com,(0151)4960666
Lydia O'Sullivan,lydiao'sullivan@hotmail.com,(0113) 4960968
Diane Barnes,dianebarnesd@hotmail.com,(0116) 496 0062
Simon Kaur,simonkaur@hotmail.com,+44(0)1914960099
Raymond Vaughan,raymondvaughan@yahoo.com,+44(0)141 4960385
Janet Davies,janetdavies@gmail.com,(020) 7496 0087
Leah Payne,leahpayne@hotmail.com,+44(0)1632 960 448
Lesley Stewart,lesleystewart@yahoo.com,0191 498 0920
Natasha Hayward,natashahayward@hotmail.com,+44(0)289018152
Karl Wright,karlwright@hotmail.com,+44808 157 0573
Jodie Ward,jodieward@yahoo.com,(029) 2018 0612
Jacob Tucker,jacobtucker@yahoo.com,029 2018381
Alison Bird,alisonbird@yahoo.com,+44116 496 0862
Marie Brown,mariebrown@gmail.com,+44(0)808 1570464
Bruce Williams,brucewilliams@gmail.com,02074960976
Antony Hughes,antonyhughes@gmail.com,+44118 4960538
Lee Stewart,leestewart@hotmail.com,(0131) 496 0817
Robin Briggs,robinbriggs@gmail.com,+44(0)289018977
Mandy Taylor,mandytaylor@yahoo.com,(029)2018685
Sam Stephens,samstephens@yahoo.com,+44(0)2074960136
Claire King,claireking@hotmail.com,0131 4960902
Jamie Riley,jamieriley@yahoo.com,0121 496 0290
Leigh Begum,leighbegum@gmail.com,01632 960 250
Charlie Lee,charlielee@gmail.com,0117 496 0689
Carl Bartlett,carlbartlett@yahoo.com,(0115) 496 0998
Andrew Clarke,andrewclarke@hotmail.com,+44289018274
Lindsey Clarke,lindseyclarke@yahoo.com,01414960206
Lorraine Parker,lorraineparker@gmail.com,0306 9990381
Jack Morrison,jackmorrison@yahoo.com,(0161) 496 0158
Ian Price,ianprice@hotmail.com,+44(0)161 4960215
Adam Shah,adamshah@yahoo.com,+44151 4960632
Christine Bradley,christinebradley@yahoo.com,+44114 496 0494
Grace Nicholson,gracenicholson@hotmail.com,020 7946 0500
Jay Harris,jayharris@hotmail.com,029 2018 0428
Marilyn Patterson,marilynpatterson@yahoo.com,+44909 8790971
Charles Kennedy,charleskennedy@yahoo.com,+443069990832
Julia Pratt,juliapratt@yahoo.com,+44141 496 0144
Mandy Middleton,mandymiddleton@hotmail.com,(0151)4960232
Geoffrey Clarke,geoffreyclarke@hotmail.com,+443069990273
Andrew Ward,andrewward@yahoo.com,+448081570521
Donna Johnson,donnajohnson@gmail.com,(0131) 4960919
Joan Moore,joanmoore@hotmail.com,+44(0)114 496 0029
Kelly Perkins,kellyperkins@gmail.com,(01632)960261
Ronald Wells,ronaldwells@hotmail.com,+442074960062
Gerald Robson,geraldrobson@gmail.com,0113 4960357
Lisa Wells,lisawells@yahoo.com,(0306) 9990221
Gregory Jones,gregoryjones@yahoo.com,(0808)1570899
Jacob Hancock,jacobhancock@gmail.com,+44118 496 0309
Kathleen Howard,kathleenhoward@hotmail.com,(01632) 960591
Elliot Coates,elliotcoates@gmail.com,+44(0)114 496 0587
Kieran Chambers,kieranchambers@hotmail.com,+44115 4960048
Dorothy Watts,dorothywatts@yahoo.com,0191 498 0073
Jenna Brown,jennabrown@gmail.com,+44(0)116 496 0376
Leah John,leahjohn@hotmail.com,0115 4960472
Oliver Jones,oliverjones@gmail.com,+44151 496 0538
Graeme Humphreys,graemehumphreys@gmail.com,029 2018 0561
Dennis Green,dennisgreen@gmail.com,+44(0)20 7496 0162
Julie Griffiths,juliegriffiths@hotmail.com,(0117) 496 0625
Leslie Day,leslieday@gmail.com,+44808 157 0535
Samuel Taylor,samueltaylor@yahoo.com,(0121) 496 0107
Pauline Begum,paulinebegum@hotmail.com,(029) 2018120
Sian Dixon,siandixon@gmail.com,(0117)4960041
Charles Williams,charleswilliams@hotmail.com,+441164960421
Lydia Russell,lydiarussell@gmail.com,01134960079
Marc Johnson,marcjohnson@gmail.com,+44113 4960632
Ann Parsons,annparsons@yahoo.com,+44116 496 0496
Reece Palmer,reecepalmer@hotmail.com,+441164960585
Molly Herbert,mollyherbert@hotmail.com,+44121 496 0275
Francis Wilkins,franciswilkins@gmail.com,+44808 1570987
William Taylor,williamtaylor@gmail.com,+441134960495
Stephanie Davies,stephaniedavies@gmail.com,+44(0)29 2018 0850
Sam Marsden,sammarsden@yahoo.com,+44121 4960707
Charlie White,charliewhite@hotmail.com,0161 4960837
Jacqueline Harris,jacquelineharris@yahoo.com,(0131) 4960014
Marian Evans,marianevans@hotmail.com,+44(0)3069990883
Melanie Heath,melanieheath@gmail.com,(028) 9018 0228
Lynda Howell,lyndahowell@hotmail.com,0909 8790159
Timothy Gordon,timothygordon@gmail.com,+44(0)151 4960200
Jacob Parker,jacobparker@gmail.com,+4428 9018 0175
Hollie Palmer,holliepalmer@hotmail.com,+44(0)1164960041
Victor Miles,victormiles@hotmail.com,+441632 960730
Jamie Barnes,jamiebarnes@gmail.com,0909 8790871
Alison Rees,alisonrees@hotmail.com,0131 496 0342
Francis Hall,francishall@hotmail.com,+44121 496 0825
Jodie Hughes,jodiehughesQ@hotmail.com,(020) 7496 0853
Kevin Palmer,kevinpalmer@hotmail.com,+4428 9018341
Diane White,dianewhite@yahoo.com,(0306) 999 0987
Derek Hill,derekhill@yahoo.com,+44(0)1314960421
Eric Wood,ericwood@yahoo.com,(0114) 4960913
Josephine Fitzgerald,josephinefitzgerald@gmail.com,+44(0)808 1570187
Leon Bird,leonbird@hotmail.com,0114 4960614
Francis Harris,francisharris@gmail.com,0191 498 0472
Harriet Boyle,harrietboyle@gmail.com,(0808) 1570858
Judith Chapman,judithchapman@yahoo.com,+44289018320
Martin Harrison,martinharrison@gmail.com,+44292018701
Chelsea West,chelseawest@yahoo.com,(0306)9990239
Katy West,katywest@hotmail.com,+44(0)114 496 0097
Connor James,connorjames@yahoo.com,(029)2018434
Sam Patel,sampatel@gmail.com,+44191 4960580
Russell Ross,russellross@hotmail.com,(0131) 496 0375
Yvonne Bishop,yvonnebishop@gmail.com,+441632 960098
Liam Middleton,liammiddleton@gmail.com,+44(0)115 496 0624
Glenn White,glennwhite@hotmail.com,+44(0)29 2018715
Hilary Saunders,hilarysaunders@hotmail.com,+44306 9990284
Gillian Stevens,gillianstevens@hotmail.com,01314960501
Sara Crawford,saracrawford@gmail.com,0131 4960207
Jay Hargreaves,jayhargreaves@yahoo.com,0113 496 0308
Tom Evans,tomevans@hotmail.com,+44(0)289018070
Catherine Kerr,catherinekerr@yahoo.com,+44(0)909 8790712
Amber Hartley,amberhartley@yahoo.com,01632 960556
Brenda Evans,brendaevans@gmail.com,(028)9018304
Kelly Newton,kellynewton@gmail.com,0141 4960815
Susan Cook,susancook@yahoo.com,(0113)4960429
Alex Robinson,alexrobinson@gmail.com,(0909)8790451
Ashley Fisher,ashleyfisher@gmail.com,0121 496 0883
Rachel Brennan,rachelbrennan@hotmail.com,01174960154
Marcus Nicholls,marcusnicholls@yahoo.com,0292018245
Anthony Jackson,anthonyjackson@hotmail.com,(0141) 4960237
Sandra Nelson,sandranelson@hotmail.com,+44(0)115 496 0733
Kathryn Young,kathrynyoung@gmail.com,+4428 9018309
Michelle Williams,michellewilliams9@gmail.com,+441134960115
Dylan Porter,dylanporter@yahoo.com,+44115 496 0948
Abbie Smith,abbiesmith@gmail.com,+44(0)306 999 0414
Shaun Ahmed,shaunahmed@gmail.com,+44(0)20 7496 0824
Amelia Wilson,ameliawilson@gmail.com,(0909) 8790227
Justin King,justinking@gmail.com,+44116 4960024
Elliott Watkins,elliottwatkins@yahoo.com,020 74960682
Kevin Barnes,kevinbarnes@hotmail.com,+44(0)117 4960717
Claire Richards,clairerichards@hotmail.com,+441134960898
Grace Parker,graceparker@yahoo.com,+44(0)121 496 0047
Julie Wilkinson,juliewilkinson@gmail.com,(0161)4960717
Leanne Gibson,leannegibson@hotmail.com,028 9018 0663
Glen Hudson,glenhudson@yahoo.com,+44113 4960721
Marian Wilson,marianwilson@gmail.com,+441164960633
Nicholas Ali,nicholasali@hotmail.com,(020)74960438
Hilary Perry,hilaryperry@yahoo.com,(0191)4960242
Alan Baldwin,alanbaldwin@hotmail.com,(028) 9018 0637
Roy Brown,roybrown@yahoo.com,+44(0)1514960478
Irene Armstrong,irenearmstrong@gmail.com,+44(0)20 7496 0136
Conor Atkinson,conoratkinson@hotmail.com,0114 4960677
Arthur Shaw,arthurshaw@gmail.com,+44121 496 0919
Michelle Bates,michellebates@hotmail.com,(029) 2018999
Gerald Reeves,geraldreeves@yahoo.com,01174960637
Susan Young,susanyoung@hotmail.com,+44(0)909 879 0913
Barry Buckley,barrybuckley@gmail.com,+44161 4960190
Clive Baxter,clivebaxter@yahoo.com,+44(0)20 74960053
Darren Preston,darrenpreston@hotmail.com,+44131 4960486
Louise Brown,louisebrown@yahoo.com,(0161)4960618
Lydia Higgins,lydiahiggins@gmail.com,+44(0)3069990302
Katy Johnson,katyjohnson@gmail.com,+44(0)29 2018 0146
Kenneth Moss,kennethmoss@gmail.com,0909 879 0487
Ian Martin,ianmartin@gmail.com,09098790134
Lynne West,lynnewest@yahoo.com,+44151 4960600
Alexandra Cook,alexandracook@yahoo.com,+44(0)118 496 0829
Terry Wilkinson,terrywilkinson@yahoo.com,0191 4960470
Iain Fisher,iainfisher@yahoo.com,(0118)4960599
Gary Moore,garymoore@gmail.com,(020) 74960869
Adrian Robertson,adrianrobertson@hotmail.com,0141 496 0122
Sally Khan,sallykhan@hotmail.com,01174960286
Anne Barker,annebarker@gmail.com,01164960529
Hollie Howarth,holliehowarth@hotmail.com,0292018939
Heather Lord,heatherlord@gmail.com,01134960004
Francesca Williams,francescawilliams@hotmail.com,+44(0)29 2018 0097
Julia Scott,juliascott@hotmail.com,+44(0)118 4960427
Shaun Holmes,shaunholmes@hotmail.com,+44(0)909 8790919
Joseph Murphy,josephmurphy@hotmail.com,+44(0)1134960309
Shannon Matthews,shannonmatthews@yahoo.com,+44(0)1314960017
Donna Fleming,donnafleming@yahoo.com,+44(0)1184960972
Barbara Murphy,barbaramurphy@hotmail.com,+443069990458
Benjamin Richardson,benjaminrichardson@gmail.com,(0117) 4960737
Alexander Matthews,alexandermatthews@yahoo.com,0151 4960830
Allan Jones,allanjones@hotmail.com,01214960538
Owen Stone,owenstone@hotmail.com,0115 496 0649
Katy James,katyjames@hotmail.com,020 74960770
Stacey Harvey,staceyharvey@yahoo.com,0289018761
Paul Graham,paulgraham@hotmail.com,(0151)4960323
Terence Stevens,terencestevens@yahoo.com,+4428 9018584
Damien Kirby,damienkirby@gmail.com,0151 4960422
Kimberley Whitehead,kimberleywhitehead@yahoo.com,0113 496 0077
Pamela Bradshaw,pamelabradshaw@gmail.com,+44151 4960652
Adam Morgan,adammorgan@hotmail.com,+4429 2018474
Elizabeth Parkes,elizabethparkes@yahoo.com,+44116 496 0071
Stephen Davies,stephendavies@gmail.com,+4420 74960341
Debra Parker,debraparker@yahoo.com,(0151)4960508
Kelly Howe,kellyhowe@gmail.com,01632 960508
Stewart Matthews,stewartmatthews@hotmail.com,(0909) 8790383
Jack White,jackwhite@yahoo.com,(0121) 496 0457
Wayne Davis,waynedavis@gmail.com,0118 496 0893
Jake Jones,jakejones@yahoo.com,+44(0)118 496 0767
Aaron Clarke,aaronclarke@yahoo.com,0116 4960407
Elaine Austin,elaineaustin@yahoo.com,+44114 496 0894
Nicole Edwards,nicoleedwards@hotmail.com,(020) 74960595
Wayne Ward,wayneward@yahoo.com,(0117) 496 0347
Jeremy Wong,jeremywong@hotmail.com,029 2018 0082
Stephanie Duncan,stephanieduncan@yahoo.com,01214960916
Geoffrey Pritchard,geoffreypritchard@yahoo.com,+44(0)1214960004
Joseph Jones,josephjones@gmail.com,+44(0)292018200
Natasha Adams,natashaadams@hotmail.com,+448081570496
Keith O'Brien,keitho'brien@yahoo.com,+44151 4960141
Hollie Lee,hollielee@hotmail.com,0909 8790735
Toby Young,tobyyoung@yahoo.com,01914960714
Gary Pugh,garypugh@hotmail.com,+44306 999 0528
Joanna Hopkins,joannahopkins@yahoo.com,+44(0)909 8790816
Jennifer James,jenniferjames@yahoo.com,+44131 496 0762
Kim Byrne,kimbyrne@gmail.com,+44(0)114 4960515
Shane Jarvis,shanejarvis@gmail.com,+4420 7496 0264
Katie Hill,katiehillf@hotmail.com,03069990970
Lewis Brown,lewisbrown@gmail.com,+44191 496 0599
Leon Berry,leonberry@yahoo.com,(0191) 4960195
Francis Williams,franciswilliams@yahoo.com,+4420 7496 0824
Kate Hunt,katehunt@yahoo.com,01632960791
Deborah Faulkner,deborahfaulkner@gmail.com,+441314960210
Frank Cross,frankcross@hotmail.com,(0116)4960477
Sheila Hutchinson,sheilahutchinson@hotmail.com,(0116) 4960528
Amelia Singh,ameliasingh@hotmail.com,+441164960341
Martin Ward,martinward@hotmail.com,+44(0)8081570074
Janet Mitchell,janetmitchell@hotmail.com,+44141 4960757
Ryan Dean,ryandean@hotmail.com,(028) 9018381
Thomas Hall,thomashall@gmail.com,+44131 4960520
Sharon O'Brien,sharono'brien@gmail.com,0306 9990589
Carolyn Graham,carolyngraham@hotmail.com,020 74960398
Kathryn Brookes,kathrynbrookes@hotmail.com,(0121) 496 0597
Beverley Lloyd,beverleylloyd@hotmail.com,0114 4960433
Hilary Gibbs,hilarygibbs@hotmail.com,+44(0)8081570185
Jodie Lawrence,jodielawrence@yahoo.com,03069990039
Christian Hardy,christianhardy@gmail.com,+44115 4960866
Elaine Martin,elainemartin@yahoo.com,(0131) 496 0098
Lucy Johnston,lucyjohnston@hotmail.com,+441184960497
Danny Hurst,dannyhurst@yahoo.com,+441164960876
Ricky Collins,rickycollins@gmail.com,01174960807
Bruce Morris,brucemorris@hotmail.com,+44(0)115 4960091
Charles Kelly,charleskelly@gmail.com,+44(0)2074960591
Valerie Johnson,valeriejohnson@hotmail.com,+44(0)289018470
Simon Williamson,simonwilliamson@gmail.com,+44(0)1134960300
Phillip Duffy,phillipduffy@yahoo.com,+44114 496 0833
Jean Evans,jeanevans@yahoo.com,+441214960139
Lawrence King,lawrenceking@yahoo.com,(0808) 1570703
Clifford Davies,clifforddavies@hotmail.com,+44113 496 0337
Gerald Hicks,geraldhicks@hotmail.com,01174960182
Elliott Mitchell,elliottmitchell@gmail.com,(0306)9990206
Roy Jones,royjones@yahoo.com,+44(0)161 4960950
Clifford Price,cliffordprice@hotmail.com,+44121 4960553
Graham Hart,grahamhart@yahoo.com,09098790049
Alex Goodwin,alexgoodwin@hotmail.com,0909 8790872
Craig Lane,craiglane@hotmail.com,+44114 4960117
Donald Brookes,donaldbrookes@yahoo.com,+44(0)1632 960324
Christine Bond,christinebond@hotmail.com,(0141) 4960590
Stephen Parker,stephenparker@hotmail.com,+441632 960459
Martin Davies,martindavies@gmail.com,(0113) 4960931
Diana Davis,dianadavis@yahoo.com,(0909) 879 0386
Jasmine Jackson,jasminejackson@yahoo.com,+44(0)161 496 0815
Lindsey Haynes,lindseyhaynes@hotmail.com,01174960015
Michael Holmes,michaelholmes@yahoo.com,+4420 7496 0844
Jay Payne,jaypayne@gmail.com,0117 496 0211
Susan King,susanking@yahoo.com,+44(0)1174960158
Brian Wright,brianwright@hotmail.com,+44(0)121 4960060
Terry Armstrong,terryarmstrong@gmail.com,+44(0)1632 960 174
Rita Phillips,ritaphillips@gmail.com,+44(0)9098790913
Fiona Nash,fionanash@gmail.com,01632 960324
Ricky Blake,rickyblake@yahoo.com,(0113)4960285
Eric Gray,ericgray@hotmail.com,(029)2018668
Trevor Brown,trevorbrown@yahoo.com,01914960314
Danny Ferguson,dannyferguson@hotmail.com,029 2018186
Josh Clark,joshclark@hotmail.com,+44115 496 0088
Vincent Savage,vincentsavage@hotmail.com,+44114 4960062
Frank Smith,franksmithB@hotmail.com,+44(0)121 496 0322
Russell Adams,russelladams@hotmail.com,01632 960 433
Janice Moran,janicemoran@yahoo.com,(0909) 8790831
Hilary Phillips,hilaryphillips@yahoo.com,0131 496 0662
Paige Davies,paigedavies@hotmail.com,020 74960769
Abigail Bailey,abigailbailey@hotmail.com,01414960333
Judith Wood,judithwood@hotmail.com,+44191 496 0330
Abdul Johnson,abduljohnson@yahoo.com,+44117 4960915
Iain Wilkinson,iainwilkinson@yahoo.com,029 2018 0877
Donald West,donaldwest@gmail.com,+44909 8790552
Jennifer Tucker,jennifertucker@hotmail.com,(0191) 496 0054
Anna Jackson,annajackson@yahoo.com,(0808) 1570375
Katie Williams,katiewilliams@hotmail.com,(0909)8790707
Gemma Dixon,gemmadixon@gmail.com,020 7946 0189
Abdul Owen,abdulowen@yahoo.com,+44(0)1614960648
Gerald Jones,geraldjones@gmail.com,0114 4960182
Joanne Hyde,joannehyde@gmail.com,+44(0)306 9990471
Andrea Greenwood,andreagreenwood@yahoo.com,(0191) 4960891
Toby Richardson,tobyrichardson@yahoo.com,(0306)9990431
Maria Parsons,mariaparsons@hotmail.com,0116 496 0152
Jade Saunders,jadesaunders@gmail.com,+44(0)191 496 0946
Derek Chapman,derekchapman@gmail.com,0118 4960829
Judith Jones,judithjones@gmail.com,+44(0)114 496 0674
Glen Barber,glenbarber@yahoo.com,+44(0)808 157 0447
Rita Allen,ritaallen@yahoo.com,+44151 496 0212
Howard Nicholls,howardnicholls@yahoo.com,0151 4960275
Gavin Woods,gavinwoods@yahoo.com,+44(0)1914960968
Geoffrey Edwards,geoffreyedwards@hotmail.com,(0118)4960571
Heather Stone,heatherstone@gmail.com,+44117 4960060
Aaron Smith,aaronsmith@yahoo.com,(028) 9018 0045
Sam Wilson,samwilson@yahoo.com,+44(0)1614960645
Bethan Williams,bethanwilliams@gmail.com,(0113) 4960209
Georgia Parker,georgiaparker@hotmail.com,+441514960125
Bethany Thompson,bethanythompson@gmail.com,0116 4960247
Olivia Smith,oliviasmith@yahoo.com,+44(0)191 496 0950
Lewis Porter,lewisporter@gmail.com,(020) 7496 0606
Lynda Wilkins,lyndawilkins@hotmail.com,(0151)4960414
Helen Ellis,helenellis@hotmail.com,0121 4960127
Danielle Rose,daniellerose@gmail.com,09098790390
Roger Harris,rogerharris@gmail.com,0141 4960228
Louise Lane,louiselane@gmail.com,(0151) 4960506
Henry Wilkinson,henrywilkinson@yahoo.com,+44191 496 0031
Maureen Green,maureengreen@hotmail.com,+44191 4960064
Lindsey Wallace,lindseywallace@yahoo.com,01632 960 671
Francis Benson,francisbenson@gmail.com,+44(0)1614960672
Deborah Lewis,deborahlewis@gmail.com,+44(0)1614960105
Mohammed Jones,mohammedjones@hotmail.com,+44(0)1314960885
William Barry,williambarry@gmail.com,(028)9018792
Neil Bryan,neilbryan@hotmail.com,0114 4960444
Paula Murray,paulamurray@hotmail.com,(0114) 496 0153
Dale Oliver,daleoliver@yahoo.com,+44117 4960481
Neil Powell,neilpowell@gmail.com,+44(0)1154960406
Roy Reed,royreed@yahoo.com,+44(0)114 4960187
Tina Carter,tinacarter@hotmail.com,+44131 496 0325
Carolyn Brown,carolynbrown@hotmail.com,0141 4960970
Katy Davies,katydavies@hotmail.com,(0121) 4960077
James Holt,jamesholt@yahoo.com,+44151 4960158
Irene Parsons,ireneparsons@gmail.com,+44(0)1632960991
Charles Williams,charleswilliams@gmail.com,+44131 4960247
Jenna Spencer,jennaspencer@gmail.com,0121 496 0222
Clifford Riley,cliffordriley@yahoo.com,0141 4960583
Katy Griffiths,katygriffiths@yahoo.com,(0114) 4960253
Brett Bradley,brettbradley@gmail.com,+443069990169
Mark Hill,markhill@hotmail.com,+4428 9018675
Norman Cooper,normancooper@gmail.com,0115 4960473
Tom Pickering,tompickering@hotmail.com,09098790770
Louise Cooper,louisecooper@yahoo.com,+44(0)292018513
Hannah Jones,hannahjones@hotmail.com,+44131 496 0989
Kelly Wyatt,kellywyatt@yahoo.com,01914960643
Martyn Connolly,martynconnolly@hotmail.com,+44(0)141 4960481
Paul Lord,paullord@hotmail.com,+44292018918
Conor Miller,conormiller@gmail.com,01134960134
Robert King,robertking@hotmail.com,01164960894
Barbara Kelly,barbarakelly@hotmail.com,+44131 4960791
Katherine Norman,katherinenorman@hotmail.com,03069990871
Gavin Davidson,gavindavidson@hotmail.com,0292018877
Liam Green,liamgreen@gmail.com,+44(0)28 9018728
Joanna Hunt,joannahunt@yahoo.com,+44(0)29 2018822
Carly Wilkinson,carlywilkinson@hotmail.com,(029)2018526
Valerie Nicholls,valerienicholls@hotmail.com,(028) 9018 0848
Stephanie Fisher,stephaniefisher@yahoo.com,029 2018714
Hannah Bradley,hannahbradley@hotmail.com,01154960216
Ashleigh Jones,ashleighjones@gmail.com,0151 496 0025
Diane Barnes,dianebarnes@hotmail.com,028 9018 0264
Lynne Davies,lynnedaviesX@hotmail.com,+44121 4960536
Antony Bishop,antonybishop@gmail.com,+44(0)20 74960454
Emily Matthews,emilymatthews@hotmail.com,(0117) 496 0341
Wayne Frost,waynefrost@gmail.com,0306 9990144
Henry Smith,henrysmith@hotmail.com,+44(0)115 4960837
Martin Steele,martinsteele@yahoo.com,+443069990923
Ann Fox,annfox@gmail.com,+44(0)292018356
Hilary Stevenson,hilarystevenson@yahoo.com,01214960972
Hugh Moore,hughmoore@yahoo.com,+4429 2018 0953
Callum Moore,callummoore@hotmail.com,(0121)4960186
Nathan Barnes,nathanbarnes@hotmail.com,+441164960848
Alexander Lloyd,alexanderlloyd@hotmail.com,+44151 496 0725
Frances Anderson,francesanderson@gmail.com,(0116) 4960610
Victoria Morris,victoriamorris@hotmail.com,0909 879 0519
Louis Young,louisyoung@gmail.com,0161 496 0043
Terry Parker,terryparker@gmail.com,(0141) 4960825
Antony Begum,antonybegum@gmail.com,0114 496 0442
Mark Watson,markwatson@yahoo.com,+44151 496 0475
Sean Davies,seandavies@hotmail.com,+4428 9018 0183
Brenda Potter,brendapotter@yahoo.com,(0131) 4960213
William Hewitt,williamhewitt@yahoo.com,01632960621
Declan Baxter,declanbaxter@hotmail.com,+44(0)2074960727
Keith Price,keithprice@hotmail.com,+44(0)151 496 0767
Joanna Davidson,joannadavidson@gmail.com,(01632)960156
Malcolm Richardson,malcolmrichardson@yahoo.com,01184960439
Brett Saunders,brettsaunders@hotmail.com,+44(0)161 4960398
Maria Thomas,mariathomas@hotmail.com,+44(0)28 9018 0243
Sara Chadwick,sarachadwick@gmail.com,0113 496 0280
Wendy Kemp,wendykemp@hotmail.com,0292018176
Hugh White,hughwhite@yahoo.com,+44(0)1214960952
Jeffrey Wilson,jeffreywilson@gmail.com,(0131) 4960315
Frederick Wilson,frederickwilson@hotmail.com,(0114)4960648
Leslie Murray,lesliemurray@yahoo.com,+44289018324
George Dale,georgedale@yahoo.com,+44(0)117 496 0581
Hazel Clark,hazelclark@hotmail.com,+441154960857
Danny Hughes,dannyhughes@yahoo.com,(020) 7496 0199
Gemma Morgan,gemmamorgan@gmail.com,(0117)4960851
Angela Taylor,angelataylor@gmail.com,+44(0)1214960544
Adam Middleton,adammiddleton@yahoo.com,028 9018 0917
Glenn Fraser,glennfraser@hotmail.com,0141 496 0364
Bruce Richardson,brucerichardson@hotmail.com,08081570104
Lewis Webster,lewiswebster@gmail.com,+44(0)306 9990042
Leigh Russell,leighrussell@hotmail.com,(0306) 9990484
Kirsty Lewis,kirstylewis@gmail.com,0909 8790716
Lorraine Barnes,lorrainebarnes@gmail.com,+44(0)20 7496 0081
Natalie Harvey,natalieharvey@yahoo.com,+44(0)20 74960228
Tracey Baldwin,traceybaldwin@gmail.com,0115 496 0530
Anna Black,annablack@hotmail.com,01144960615
