name,email,phone
Cameron Wells,cameronwells@yahoo.com,020 74960244
Martyn Bruce,martynbruce@yahoo.com,(0808) 1570350
Jay Warren,jaywarren@hotmail.com,+44(0)131 496 0336
Albert Forster,albertforster@gmail.com,(0131) 496 0010
Barbara Davis,barbaradavis@hotmail.com,(0131) 496 0574
Fiona Clayton,fionaclayton@gmail.com,+44(0)141 4960395
Ellie Kirk,elliekirk@yahoo.com,(0121)4960213
William Smith,williamsmith@gmail.com,(0131) 4960840
Declan Fox,declanfox@hotmail.com,(0117) 4960224
Jane Brady,janebrady@hotmail.com,+44191 496 0137
Glen Parsons,glenparsons@hotmail.com,0114 4960832
Christine Dickinson,christinedickinson@hotmail.com,+4429 2018611
Julia Flynn,juliaflynn@hotmail.com,+441164960922
Richard Clark,richardclark@yahoo.com,+44(0)141 4960152
Francesca White,francescawhite@yahoo.com,+44(0)151 496 0035
Leslie Morley,lesliemorley@yahoo.com,(0151)4960446
Simon Mills,simonmills@gmail.com,(0118)4960679
Stewart Pope,stewartpope@hotmail.com,(0808)1570246
Dennis Oliver,dennisoliver@yahoo.com,+44(0)115 496 0552
Joel Thompson,joelthompson@gmail.com,+4428 9018240
Joe Walsh,joewalsh@yahoo.com,(0116) 4960217
June Webb,junewebb@gmail.com,(0131)4960840
Trevor Storey,trevorstorey@hotmail.com,+441632 960862
Helen Brown,helenbrown@gmail.com,+44(0)191 4960123
Jemma Arnold,jemmaarnold@hotmail.com,+44161 496 0597
Martyn Phillips,martynphillips@hotmail.com,+441214960505
Bethan O'Sullivan,bethano'sullivan@hotmail.com,+44114 496 0657
Garry Lewis,garrylewis@gmail.com,(020) 74960638
Victor Wilson,victorwilson@yahoo.com,(0114) 4960764
Jack Parker,jackparker@yahoo.com,+44121 4960852
Richard Chamberlain,richardchamberlain@yahoo.com,+44161 4960393
Elliot Singh,elliotsingh@hotmail.com,+448081570607
Jayne Morris,jaynemorris@hotmail.com,+44(0)1154960223
Trevor Lawrence,trevorlawrence@gmail.com,(0909)8790315
Samuel Mitchell,samuelmitchell@gmail.com,03069990625
Ben Lawson,benlawson@gmail.com,01614960559
Grace Davis,gracedavis@gmail.com,0151 496 0281
Dean White,deanwhite@hotmail.com,+44(0)141 496 0850
Glenn Williams,glennwilliams@yahoo.com,+441632 960 222
Christian Davey,christiandavey@gmail.com,+44(0)141 4960383
Carolyn Armstrong,carolynarmstrong@gmail.com,+44(0)808 157 0068
Roy Blackburn,royblackburn@hotmail.com,(0116) 496 0541
Danny Gallagher,dannygallagher@hotmail.com,(0161) 4960231
Louise Pritchard,louisepritchard@yahoo.com,+44292018134
Ian Miller,ianmiller@hotmail.com,+44(0)117 4960739
Gregory Jones,gregoryjonesG@yahoo.com,+44808 1570129
Reece Smith,reecesmith7@hotmail.com,+441614960340
Jacob Slater,jacobslater@gmail.com,+44(0)131 496 0584
Grace Thomas,gracethomas@yahoo.com,(020) 74960951
Catherine Harris,catherineharris@gmail.com,(020) 7496 0801
Aimee Jenkins,aimeejenkins@yahoo.com,(0113) 4960732
Chelsea Blake,chelseablake@yahoo.com,+44117 496 0946
Shirley Gallagher,shirleygallagher@gmail.com,(0909) 879 0010
Craig Jones,craigjones@hotmail.com,(01632) 960 488
Maureen Kelly,maureenkelly@hotmail.com,+44(0)114 4960686
Jay Thomas,jaythomas@hotmail.com,+44(0)191 4960767
Beth Walsh,bethwalsh@yahoo.com,(0131) 496 0134
Lisa Lewis,lisalewis@yahoo.com,(028) 9018324
Molly Webb,mollywebb@yahoo.com,+44131 496 0312
Julie Hart,juliehart@gmail.com,+44151 4960108
Ruth Webster,ruthwebster@hotmail.com,(0306)9990563
Adrian Jones,adrianjones@yahoo.com,+44116 496 0670
Luke McCarthy,lukemccarthy@yahoo.com,+44116 4960857
Hazel Perry,hazelperry@gmail.com,+44118 496 0336
Stewart Hart,stewarthart@yahoo.com,+44(0)808 157 0506
Sandra Graham,sandragraham@gmail.com,0117 496 0040
Anna Peters,annapeters@hotmail.com,(0161) 496 0960
Jade King,jadeking@yahoo.com,(0116)4960545
Raymond Morgan,raymondmorgan@gmail.com,01514960694
Debra Lloyd,debralloyd@yahoo.com,+44121 496 0125
Glenn Duncan,glennduncan@gmail.com,(01632) 960609
Christine Hayward,christinehayward@hotmail.com,+44191 496 0448
Marie Williamson,mariewilliamson@gmail.com,+44306 999 0962
Clifford Daniels,clifforddaniels@hotmail.com,(029)2018301
Rachel Simpson,rachelsimpson@hotmail.com,+44191 4960467
Marcus Baker,marcusbaker@yahoo.com,+44(0)9098790589
Mitchell Stanley,mitchellstanley@yahoo.com,+44(0)9098790876
Sharon King,sharonking@yahoo.com,(0114)4960197
Aaron Hall,aaronhall@gmail.com,+44117 4960570
Ann Marshall,annmarshall@hotmail.com,+44(0)114 4960617
Matthew Brown,matthewbrown@hotmail.com,+44(0)306 999 0204
Mitchell Greenwood,mitchellgreenwood@gmail.com,+44121 496 0332
Josephine Wilson,josephinewilson@gmail.com,+44141 496 0803
Hazel Williams,hazelwilliams@hotmail.com,0116 4960969
Aaron Spencer,aaronspencer@gmail.com,+44(0)1184960274
Peter Parkes,peterparkes@yahoo.com,(0909) 8790907
Tracy Higgins,tracyhiggins@yahoo.com,+44(0)1632 960 829
Eileen Green,eileengreen@yahoo.com,(0191) 496 0827
Adrian Wright,adrianwright@hotmail.com,+44(0)117 496 0066
William Davies,williamdavies@yahoo.com,(0161) 4960675
Hollie Dobson,holliedobson@yahoo.com,+44(0)1414960786
Marilyn Cross,marilyncross@yahoo.com,0131 4960977
Dale Sutton,dalesutton@hotmail.com,+44(0)161 496 0044
Katie Shah,katieshah@hotmail.com,(0117) 496 0958
Samantha Ali,samanthaali@yahoo.com,+44(0)151 4960898
Brandon Jones,brandonjones@hotmail.com,+4420 7496 0738
Oliver Foster,oliverfoster@hotmail.com,(0306) 9990516
George Burgess,georgeburgess@yahoo.com,(0115) 4960298
Anna Wood,annawood@hotmail.com,(0141) 4960974
Ellie Peters,elliepeters@yahoo.com,+44117 496 0991
Allan Yates,allanyates@yahoo.com,(0116) 4960233
Charlotte Allen,charlotteallen@yahoo.com,0131 496 0422
Alison Jones,alisonjones@yahoo.com,0289018740
Valerie Bell,valeriebell@hotmail.com,+44114 496 0668
Gregory Williams,gregorywilliams@yahoo.com,029 2018 0121
Jonathan Sheppard,jonathansheppard@hotmail.com,0808 157 0971
Donna Barrett,donnabarrett@yahoo.com,+44117 4960427
Rachael Powell,rachaelpowell@gmail.com,(0161) 4960040
Stephanie Perkins,stephanieperkins@hotmail.com,(0161)4960140
Frank Mills,frankmills@yahoo.com,+44117 4960979
Cameron Armstrong,cameronarmstrong@hotmail.com,+44115 4960900
Garry Austin,garryaustin@hotmail.com,+44(0)28 9018 0711
Dean Williams,deanwilliams@gmail.com,(0121)4960437
Pauline Freeman,paulinefreeman@yahoo.com,(0161) 496 0984
Cheryl Clements,cherylclements@gmail.com,0118 4960444
Geraldine Marsden,geraldinemarsden@yahoo.com,+44(0)1134960366
Adrian Jarvis,adrianjarvis@gmail.com,(020) 7496 0865
Janet Smith,janetsmith@yahoo.com,+44116 496 0815
Victor Mitchell,victormitchell@yahoo.com,+441632 960 947
Martin Clarke,martinclarke@yahoo.com,(01632)960867
Andrew Riley,andrewriley@yahoo.com,01214960568
Lorraine Chadwick,lorrainechadwick@gmail.com,+44(0)1314960892
Margaret Bradley,margaretbradley@yahoo.com,(0117) 496 0195
Pauline Price,paulineprice@hotmail.com,01414960311
Kelly Wilson,kellywilson@yahoo.com,(0116)4960686
Frank Riley,frankriley@gmail.com,(0114) 4960472
Antony Henderson,antonyhenderson@yahoo.com,01154960418
Sophie Hussain,sophiehussain@hotmail.com,(029) 2018 0398
Dawn Phillips,dawnphillips@hotmail.com,+44115 4960660
Sam Barker,sambarker@yahoo.com,02074960578
Ashley Mitchell,ashleymitchell@yahoo.com,+44113 4960629
Geoffrey Lewis,geoffreylewis@hotmail.com,0161 496 0813
Caroline Sykes,carolinesykes@hotmail.com,(0141)4960496
Francis Roberts,francisroberts@gmail.com,+4429 2018959
Jenna Smith,jennasmith@hotmail.com,+44909 879 0071
Lynne Rose,lynnerose@hotmail.com,+441914960798
Melissa Mistry,melissamistry@gmail.com,(0161) 496 0905
Cameron Williams,cameronwilliams@hotmail.com,+44117 4960046
Christian Hussain,christianhussain@gmail.com,+44292018247
Jay Atkinson,jayatkinson@gmail.com,+44(0)808 157 0513
Gemma Watts,gemmawatts@yahoo.com,(0117) 496 0157
Joan Phillips,joanphillips@gmail.com,(029) 2018615
Nicole Schofield,nicoleschofield@yahoo.com,+441214960205
Marilyn Simpson,marilynsimpson@gmail.com,(0161) 4960375
Melanie Lambert,melanielambert@yahoo.com,(020)74960318
Wayne Dawson,waynedawson@hotmail.com,+449098790094
Jordan Arnold,jordanarnold@gmail.com,(0808) 157 0921
Bradley Bull,bradleybull@gmail.com,(0113) 496 0159
Heather Naylor,heathernaylor@yahoo.com,(0114) 496 0797
Vincent Cartwright,vincentcartwright@hotmail.com,02074960041
Rachael Jenkins,rachaeljenkins@yahoo.com,+44(0)1614960749
Colin Reynolds,colinreynolds@yahoo.com,+44131 4960547
Sarah Fletcher,sarahfletcher@gmail.com,(0113) 4960872
Carol Ferguson,carolferguson@gmail.com,+44(0)121 496 0826
Kyle Williams,kylewilliams@hotmail.com,(0116)4960672
Craig Hill,craighill@gmail.com,+441314960174
Clifford Kelly,cliffordkelly@yahoo.com,028 9018 0045
Charles Brown,charlesbrown@hotmail.com,+44131 496 0546
John Hilton,johnhilton@hotmail.com,+44118 4960802
Stephanie Elliott,stephanieelliott@gmail.com,(028) 9018410
Charlie Berry,charlieberry@hotmail.com,+44(0)191 4960012
Lorraine Wilson,lorrainewilson@hotmail.com,+4428 9018154
Mark Clarke,markclarke@yahoo.com,(0141) 4960980
Kieran McCarthy,kieranmccarthy@hotmail.com,+44(0)20 7496 0648
Dominic Gill,dominicgill@yahoo.com,+44(0)1134960952
Stuart Hughes,stuarthughes@yahoo.com,+44161 496 0071
Nicole Townsend,nicoletownsend@yahoo.com,+44(0)28 9018089
Billy Murphy,billymurphy@gmail.com,+44115 4960313
George Smith,georgesmith@gmail.com,(0161)4960177
Denise West,denisewest@gmail.com,+44(0)1134960498
Rosemary Thompson,rosemarythompson@hotmail.com,+44113 496 0530
Rachael Cox,rachaelcox@gmail.com,+44116 496 0602
Tracey Berry,traceyberry@gmail.com,+44114 496 0152
Jack Griffiths,jackgriffiths@gmail.com,+44(0)131 4960283
Jade Young,jadeyoung@hotmail.com,+44808 1570675
Elaine Wilkinson,elainewilkinson@yahoo.com,028 9018752
Wayne Martin,waynemartin@yahoo.com,+449098790793
Albert Murphy,albertmurphy@yahoo.com,+44(0)3069990024
Nathan Leonard,nathanleonard@hotmail.com,+442074960951
Cheryl Edwards,cheryledwards@hotmail.com,0114 4960809
Bradley Davey,bradleydavey@gmail.com,+441184960392
Richard Dyer,richarddyer@hotmail.com,(0191) 4960520
Stewart Fleming,stewartfleming@gmail.com,+4428 9018 0897
Melanie Morris,melaniemorris@yahoo.com,+44(0)121 4960661
Bryan Webb,bryanwebb@yahoo.com,+44(0)131 496 0005
Jason Walker,jasonwalker@hotmail.com,01314960516
Mitchell Marshall,mitchellmarshall@yahoo.com,0151 496 0134
Alexander Davey,alexanderdavey@gmail.com,0115 496 0483
Sally Marsh,sallymarsh@hotmail.com,0161 4960888
Deborah Hughes,deborahhughes@gmail.com,+44121 496 0833
Adrian Wilson,adrianwilson@gmail.com,+44121 4960134
Stanley Lee,stanleylee@hotmail.com,+44161 496 0047
Robin Price,robinprice@gmail.com,+44(0)131 4960035
Jack Ahmed,jackahmed@yahoo.com,+441214960824
Fiona Russell,fionarussell@gmail.com,01314960113
Sandra Ahmed,sandraahmed@gmail.com,01154960588
Ann Payne,annpayne@hotmail.com,01414960085
Mitchell Smith,mitchellsmith@gmail.com,0306 9990581
Natalie Green,nataliegreen@gmail.com,+44292018378
Natalie Singh,nataliesingh@yahoo.com,0113 496 0301
Tom Edwards,tomedwards@gmail.com,(0113) 4960526
Nigel Moss,nigelmoss@hotmail.com,(0113) 4960335
Barbara Brown,barbarabrown@gmail.com,(0141) 496 0256
Denise Rahman,deniserahman@gmail.com,(0141) 4960542
Frances Walsh,franceswalsh@gmail.com,(0114) 4960680
Andrea Parker,andreaparker@gmail.com,01914960173
Amy Knight,amyknight@yahoo.com,(0121) 496 0192
Charlotte Thomas,charlottethomas@yahoo.com,028 9018434
Anthony Cox,anthonycox@gmail.com,0141 496 0979
Natasha Hilton,natashahilton@yahoo.com,+44151 496 0716
Jane Jones,janejonesX@hotmail.com,(020)74960254
Bryan Marshall,bryanmarshall@gmail.com,01164960466
Jonathan Cook,jonathancook@hotmail.com,+44(0)118 496 0049
Gillian Sinclair,gilliansinclair@hotmail.com,0151 496 0115
George Marshall,georgemarshall@gmail.com,+441632 960 926
Samantha Cook,samanthacook@gmail.com,+44117 496 0160
Sarah Elliott,sarahelliott@yahoo.com,+44(0)131 4960684
Valerie Long,valerielong@hotmail.com,0151 496 0026
Chelsea Wilson,chelseawilson@gmail.com,0113 496 0238
Irene Bentley,irenebentley@yahoo.com,+44141 496 0487
Christopher Sanders,christophersanders@hotmail.com,+44(0)113 496 0489
Kenneth Rose,kennethrose@yahoo.com,01164960077
Joan Lambert,joanlambert@yahoo.com,(0808) 157 0756
Brett Griffiths,brettgriffiths@gmail.com,(0115)4960370
Roger Smith,rogersmith@hotmail.com,+44(0)113 4960229
Dominic Parry,dominicparry@yahoo.com,+44(0)115 496 0054
Joe Smith,joesmith@hotmail.com,0115 496 0560
Hannah Jones,hannahjonesg@yahoo.com,(0116) 4960951
Justin Bryan,justinbryan@yahoo.com,01214960156
Alice Morgan,alicemorgan@gmail.com,(0117) 4960565
Hazel Williamson,hazelwilliamson@hotmail.com,+44306 999 0261
Gregory Moore,gregorymoore@yahoo.com,+44(0)28 9018086
Hayley Morris,hayleymorris@yahoo.com,(0808) 1570179
Emily Kennedy,emilykennedy@gmail.com,+44(0)292018332
Daniel Reed,danielreed@yahoo.com,+44(0)117 4960943
Holly Jones,hollyjones@yahoo.com,(0191)4960953
Jenna Cartwright,jennacartwright@hotmail.com,(0116) 4960656
Roger Frost,rogerfrost@hotmail.com,03069990893
Steven Wood,stevenwood@gmail.com,+44(0)116 4960305
Leonard Smith,leonardsmith@yahoo.com,01144960864
Rita Richards,ritarichards@gmail.com,+44(0)909 8790362
Shane Wilkinson,shanewilkinson@hotmail.com,0117 4960581
Glen Wilson,glenwilson@yahoo.com,+44289018488
Thomas Black,thomasblack@yahoo.com,(0191)4960277
Natasha Brown,natashabrown@gmail.com,(0115)4960735
Sylvia Clayton,sylviaclayton@gmail.com,+44(0)28 9018203
Trevor Heath,trevorheath@hotmail.com,0306 9990641
Peter Hanson,peterhanson@yahoo.com,+44117 4960913
Phillip Cunningham,phillipcunningham@hotmail.com,02074960209
Clive Reed,clivereed@yahoo.com,(0131) 496 0358
Lydia Perkins,lydiaperkins@gmail.com,(0909) 8790319
Lynn Brennan,lynnbrennan@hotmail.com,(0121) 496 0426
Kate Elliott,kateelliott@gmail.com,+441614960412
Jenna King,jennaking@hotmail.com,+44(0)131 496 0292
Ashley Robinson,ashleyrobinson@gmail.com,+44(0)141 496 0134
Charlotte Evans,charlotteevans@gmail.com,(020) 74960329
Mohamed Chandler,mohamedchandler@gmail.com,(0115) 496 0463
Elliott Holmes,elliottholmes@hotmail.com,+44(0)9098790102
Christian Lees,christianlees@yahoo.com,0115 496 0070
Donald Davis,donalddavis@gmail.com,+44(0)118 4960509
Arthur Buckley,arthurbuckley@yahoo.com,(01632) 960702
Hayley Warren,hayleywarren@hotmail.com,+44(0)2074960414
Callum Baxter,callumbaxter@gmail.com,0115 496 0725
Adrian Dobson,adriandobson@gmail.com,+44(0)306 9990105
Karen Payne,karenpayne@hotmail.com,(0141) 496 0887
Christian Potts,christianpotts@hotmail.com,+441614960399
Paula Hammond,paulahammond@gmail.com,(0151)4960557
Marilyn Ward,marilynward@yahoo.com,(0808) 1570763
Mohamed Watson,mohamedwatson@gmail.com,+44909 8790563
Garry Bradley,garrybradley@hotmail.com,0118 4960307
Donna Oliver,donnaoliver@gmail.com,(028)9018188
Connor Green,connorgreen@gmail.com,+44117 496 0705
Nicola Morton,nicolamorton@hotmail.com,+44(0)117 496 0319
Alison Jackson,alisonjackson@gmail.com,(0909) 8790083
Pauline Owens,paulineowens@yahoo.com,0113 4960856
Lauren Davis,laurendavis@yahoo.com,+449098790917
Julie Mann,juliemann@gmail.com,+44(0)29 2018 0389
Stewart Brown,stewartbrown@yahoo.com,+44(0)121 496 0914
Raymond Holmes,raymondholmes@gmail.com,+44141 4960062
Alex Henderson,alexhenderson@hotmail.com,0116 4960099
Sara Carter,saracarter@yahoo.com,01614960615
Victoria Wilson,victoriawilson@yahoo.com,020 7946 0928
Jason Ali,jasonali@gmail.com,(0306)9990185
Dennis Elliott,denniselliott@hotmail.com,+44(0)141 4960405
Bradley Smith,bradleysmith@yahoo.com,+44909 8790810
Craig Bryant,craigbryant@gmail.com,029 2018093
Bradley Harris,bradleyharris@yahoo.com,0113 496 0649
Bethan Wheeler,bethanwheeler@gmail.com,01314960739
Ashleigh Hartley,ashleighhartley@gmail.com,020 7946 0683
Julia Kelly,juliakelly@hotmail.com,+44(0)1174960070
Jasmine Wright,jasminewright@hotmail.com,+44191 4960567
Jennifer Gordon,jennifergordon@yahoo.com,020 7946 0171
Phillip French,phillipfrench@gmail.com,01164960349
Rita Marshall,ritamarshall@hotmail.com,+44(0)1632 960535
Jean Hancock,jeanhancock@gmail.com,+44289018014
Michelle Chambers,michellechambers@hotmail.com,+44191 496 0464
Rachael Holmes,rachaelholmes@hotmail.com,(01632) 960343
Kyle Williams,kylewilliams@yahoo.com,+44113 4960186
Nicole Sykes,nicolesykes@yahoo.com,+44114 496 0589
Frank Ford,frankford@yahoo.com,+44116 4960636
Bethan Clarke,bethanclarke@gmail.com,+44(0)113 4960219
Roy Cox,roycox@hotmail.com,01174960143
Charlie White,charliewhitez@gmail.com,+44808 1570641
Elliott Archer,elliottarcher@yahoo.com,(0117) 496 0274
Cameron Lane,cameronlane@yahoo.com,+44121 4960403
Sheila Burrows,sheilaburrows@yahoo.com,0306 9990003
Rosie Faulkner,rosiefaulkner@yahoo.com,+44(0)292018251
Gary O'Neill,garyo'neill@yahoo.com,0289018230
Jeremy Yates,jeremyyates@hotmail.com,+4428 9018254
Rosemary Mills,rosemarymills@yahoo.com,(020) 74960894
Mandy Bray,mandybray@yahoo.com,+44131 496 0725
Leigh White,leighwhite@gmail.com,028 9018 0702
Jasmine Taylor,jasminetaylor@yahoo.com,(0121) 496 0709
Lesley Holt,lesleyholt@hotmail.com,+441914960987
Michael Daniels,michaeldaniels@hotmail.com,+44151 4960625
Aaron Doherty,aarondoherty@hotmail.com,(01632) 960 416
Abigail Smith,abigailsmith@yahoo.com,(0115) 4960563
Heather Wilson,heatherwilson@yahoo.com,0115 4960875
Adrian Harding,adrianharding@hotmail.com,+44(0)1632 960 081
Maria Sanders,mariasanders@hotmail.com,+44(0)118 4960019
Mathew Smith,mathewsmith@hotmail.com,+449098790736
Leanne Smith,leannesmith@hotmail.com,(0141) 4960893
Steven Barber,stevenbarber@yahoo.com,+44(0)141 4960676
Derek Lee,dereklee@hotmail.com,02074960012
Stanley Davidson,stanleydavidson@hotmail.com,01414960940
Rita Jenkins,ritajenkins@hotmail.com,(0115)4960306
Danielle Collins,daniellecollins@hotmail.com,+44(0)121 496 0906
Alexandra O'Brien,alexandrao'brien@gmail.com,029 2018519
Sylvia Roberts,sylviaroberts@gmail.com,+44151 496 0130
Christopher Wong,christopherwong@gmail.com,01184960544
Mohamed Gill,mohamedgill@yahoo.com,(0117) 4960733
Shane Shaw,shaneshaw@yahoo.com,+44(0)113 496 0920
Christian Warren,christianwarren@gmail.com,01144960453
Denis Fowler,denisfowler@yahoo.com,0118 4960803
Ronald Hale,ronaldhale@yahoo.com,+44(0)1914960108
Stephen Jackson,stephenjackson@yahoo.com,+441914960025
Sylvia Hutchinson,sylviahutchinson@hotmail.com,+44161 4960210
Adam Jones,adamjones@yahoo.com,(0151) 4960502
Marian Kirk,mariankirk@hotmail.com,(0131)4960746
Gavin Smith,gavinsmith@gmail.com,(0151) 4960791
Alexander Barker,alexanderbarker@yahoo.com,+441614960198
Deborah Allen,deborahallen@hotmail.com,0113 4960609
Iain Hardy,iainhardy@hotmail.com,(0117) 4960468
Dale Fuller,dalefuller@yahoo.com,+44(0)161 4960174
Bernard Parsons,bernardparsons@gmail.com,+44(0)29 2018 0597
Bryan Anderson,bryananderson@yahoo.com,+441164960165
Ashley Davidson,ashleydavidson@gmail.com,+441134960248
Margaret Smart,margaretsmart@yahoo.com,+44(0)29 2018733
Francis Buckley,francisbuckley@hotmail.com,(0113)4960472
Ricky Bruce,rickybruce@gmail.com,029 2018 0419
Samuel Jackson,samueljackson@gmail.com,0191 498 0504
Shirley Burns,shirleyburns@gmail.com,+44(0)141 496 0635
Susan Ellis,susanellis@yahoo.com,+44(0)1414960336
Nicola Bull,nicolabull@gmail.com,0151 4960004
Leah White,leahwhite@gmail.com,+4428 9018 0560
Francis Smith,francissmith@yahoo.com,+44118 496 0451
Marilyn Daly,marilyndaly@hotmail.com,02074960655
Tony Davies,tonydavies@yahoo.com,(0161) 496 0230
Teresa Barker,teresabarker@yahoo.com,+44(0)20 74960500
Gerald Davies,geralddavies@yahoo.com,+441134960633
Martyn Hammond,martynhammond@yahoo.com,+44(0)141 4960852
Dominic Wheeler,dominicwheeler@hotmail.com,+441614960000
Dominic O'Sullivan,dominico'sullivan@hotmail.com,+44114 496 0817
Elizabeth Naylor,elizabethnaylor@hotmail.com,+44(0)2074960871
Frank Hawkins,frankhawkins@hotmail.com,0289018300
Francis Carr,franciscarr@yahoo.com,(0306) 9990966
Ronald Doyle,ronalddoyle@yahoo.com,(0131)4960728
Phillip Short,phillipshort@gmail.com,01144960963
Denis Bell,denisbell@gmail.com,+4429 2018481
Howard Williams,howardwilliams@hotmail.com,01632960139
Anne Matthews,annematthews@hotmail.com,0116 4960488
Tina Smith,tinasmith@hotmail.com,0306 9990559
Debra Blake,debrablake@hotmail.com,+443069990675
Chloe Wood,chloewood@hotmail.com,+441144960143
Jill Miller,jillmiller@gmail.com,0151 4960277
Kelly Sutton,kellysutton@yahoo.com,+44(0)29 2018596
Kerry Mason,kerrymason@yahoo.com,(0909)8790360
Denise Ferguson,deniseferguson@yahoo.com,+44292018192
Hannah Dunn,hannahdunn@gmail.com,+441164960940
Frank Stanley,frankstanley@gmail.com,+44(0)115 4960185
Jay Harris,jayharris@yahoo.com,(020)74960372
Benjamin McDonald,benjaminmcdonald@yahoo.com,0909 8790131
Edward Reed,edwardreed@gmail.com,0116 496 0510
Jessica Wilson,jessicawilson@yahoo.com,+44(0)1164960211
Patrick Butler,patrickbutler@hotmail.com,+44808 157 0904
Amber Davies,amberdavies@yahoo.com,(0141) 4960576
Lucy Webb,lucywebb@gmail.com,(028) 9018 0498
Ian Mason,ianmason@hotmail.com,(0141) 4960667
Suzanne Brennan,suzannebrennan@hotmail.com,(0117)4960532
Louis Bryant,louisbryant@gmail.com,+44113 496 0851
Scott Patel,scottpatel@yahoo.com,+44306 999 0165
Hazel Taylor,hazeltaylor@gmail.com,+44151 4960675
Rosemary Campbell,rosemarycampbell@yahoo.com,+44(0)29 2018 0977
Lindsey Lee,lindseylee@yahoo.com,01514960595
Shaun Rhodes,shaunrhodes@hotmail.com,+44113 496 0771
Beth Norman,bethnorman@yahoo.com,0292018585
Tracey Scott,traceyscott@hotmail.com,+44151 4960031
Joel Chadwick,joelchadwick@gmail.com,01514960726
Dale Stewart,dalestewart@hotmail.com,+44(0)114 496 0583
Scott Ali,scottali@hotmail.com,(0114) 496 0085
