name,email,phone
Denise Roberts,deniseroberts@hotmail.com,+44(0)3069990543
Rhys Hutchinson,rhyshutchinsonZ@gmail.com,(020)74960286
Lawrence Clark,lawrenceclark@hotmail.com,0115 496 0858
Helen Jones,helenjoneso@gmail.com,+44(0)1632960765
Andrew Parkin,andrewparkin@yahoo.com,0191 498 0891
Caroline Rowe,carolinerowe@yahoo.com,(0118) 496 0385
Paul Williams,paulwilliams@gmail.com,+44(0)1154960047
Irene Townsend,irenetownsend@hotmail.com,0121 4960639
Ross Robertson,rossrobertson@hotmail.com,+441632 960 917
Thomas Dickinson,thomasdickinson@yahoo.com,01414960841
Catherine Bell,catherinebell@yahoo.com,01514960110
Daniel Vincent,danielvincent@yahoo.com,+44(0)191 496 0518
Marie Morrison,mariemorrison@hotmail.com,0131 496 0383
Jodie Murray,jodiemurray@hotmail.com,+44(0)1632 960592
Benjamin Shaw,benjaminshaw@gmail.com,0808 1570495
Karl Cooper,karlcooper@hotmail.com,(0151) 496 0945
Beth Brown,bethbrown@gmail.com,+44131 4960451
Zoe Page,zoepage@gmail.com,(0118) 496 0555
Terry Ellis,terryellis@yahoo.com,+44(0)151 4960634
Mandy Field,mandyfield@yahoo.com,0113 4960214
Abbie West,abbiewest@gmail.com,0151 496 0790
Sharon Gray,sharongray@yahoo.com,+44161 4960709
Ruth Anderson,ruthanderson@yahoo.com,0113 4960172
Irene Stone,irenestone@hotmail.com,+44(0)116 496 0537
Martin Davies,martindaviesB@hotmail.com,+44(0)113 4960253
Ricky Smith,rickysmith@yahoo.com,+44115 496 0248
Helen Berry,helenberry@hotmail.com,+441164960805
Katy Jones,katyjones@yahoo.com,01632960687
Gerald Reynolds,geraldreynolds@hotmail.com,(0121) 496 0705
Tracy Thomson,tracythomson@yahoo.com,(0191) 4960773
Nicole Wood,nicolewood@yahoo.com,0292018669
Anna Hughes,annahughes@yahoo.com,+44191 4960895
Hollie Lloyd,hollielloyd@yahoo.com,+44(0)115 496 0441
Bryan Green,bryangreen@hotmail.com,+44(0)20 74960125
Leanne Morley,leannemorley@hotmail.com,(0151)4960366
Cheryl Chapman,cherylchapman@gmail.com,(0141) 496 0003
Marcus Hussain,marcushussain@hotmail.com,+44116 496 0982
Howard Leach,howardleach@hotmail.com,+441314960141
Marilyn Parsons,marilynparsons@yahoo.com,(0116) 4960357
Barbara Thomson,barbarathomson@gmail.com,0115 4960330
Brett Smith,brettsmith@yahoo.com,(0121) 4960886
Adam Walker,adamwalker@yahoo.com,(028)9018579
Graham Stevenson,grahamstevenson@gmail.com,(0808) 157 0859
Frederick Cooper,frederickcooper@gmail.com,+441314960409
Josephine Barnes,josephinebarnes@yahoo.com,(0116) 496 0188
Margaret Pearce,margaretpearce@hotmail.com,(0115) 4960210
Charles Slater,charlesslater@gmail.com,020 7946 0849
Sean Coleman,seancoleman@gmail.com,+441632 960 493
Damien Wilkinson,damienwilkinson@hotmail.com,+44(0)1214960496
Cheryl Stokes,cherylstokes@gmail.com,+441614960356
Paula Bradley,paulabradley@hotmail.com,(020)74960120
Lynn Booth,lynnbooth@yahoo.com,020 74960641
Douglas Williams,douglaswilliams@gmail.com,+441174960671
Alan Evans,alanevans@hotmail.com,01514960238
Jade Fox,jadefox@hotmail.com,+44(0)29 2018 0588
Jane Lee,janelee@gmail.com,+4429 2018 0566
Sally Lewis,sallylewis@hotmail.com,+44(0)161 496 0103
Leah Rhodes,leahrhodes@gmail.com,+441174960673
Vincent Hill,vincenthill@gmail.com,+44(0)306 999 0880
Sheila Mason,sheilamason@hotmail.com,029 2018 0939
Graeme Heath,graemeheath@gmail.com,+449098790479
Rachel Bray,rachelbray@hotmail.com,+44113 4960185
George Greenwood,georgegreenwood@yahoo.com,0114 496 0834
Steven Iqbal,steveniqbal@gmail.com,+443069990511
Jayne Dixon,jaynedixon@gmail.com,01314960374
Reece Murphy,reecemurphy@yahoo.com,(0191) 496 0092
Tracy Ryan,tracyryan@yahoo.com,020 74960695
Alice Martin,alicemartin@yahoo.com,+44(0)909 879 0950
Molly Hussain,mollyhussain@gmail.com,+44141 496 0614
Wayne Payne,waynepayne@yahoo.com,0115 4960010
Joanna Wilson,joannawilson@gmail.com,+44115 496 0210
William Owens,williamowens@gmail.com,03069990412
Jack Johnston,jackjohnston@hotmail.com,0909 879 0363
Michelle Evans,michelleevans@hotmail.com,(0306)9990303
Joanna Fuller,joannafuller@yahoo.com,+44(0)306 999 0574
Amanda Wood,amandawood@yahoo.com,+44(0)118 496 0964
Oliver Thomas,oliverthomas@yahoo.com,0131 4960606
Joe Matthews,joematthews@hotmail.com,(0808) 1570869
Charlene Davies,charlenedavies@hotmail.com,0909 879 0066
Lindsey Griffin,lindseygriffin@hotmail.com,0116 496 0261
Laura Wright,laurawright@yahoo.com,+44141 4960795
Naomi Holmes,naomiholmes@gmail.com,(020)74960447
Adam Palmer,adampalmer@yahoo.com,01144960751
Christine Miller,christinemiller@gmail.com,+44(0)1632 960 149
Olivia Daniels,oliviadaniels@yahoo.com,(0161) 496 0043
Ashley Morgan,ashleymorgan@gmail.com,+449098790777
Justin Kelly,justinkelly@hotmail.com,+44(0)289018521
Chloe King,chloeking@yahoo.com,01154960528
Duncan Bryant,duncanbryant@yahoo.com,+4429 2018 0997
Nicole Ball,nicoleball@hotmail.com,+44(0)113 496 0747
Jack Storey,jackstorey@yahoo.com,+44(0)306 9990739
Amy Mellor,amymellor@gmail.com,0131 4960147
Gavin Peacock,gavinpeacock@gmail.com,+44(0)114 496 0897
Charlotte Cartwright,charlottecartwright@gmail.com,0161 496 0402
Jeffrey Bates,jeffreybates@gmail.com,(0116) 4960331
Kirsty Andrews,kirstyandrews@gmail.com,(0116) 4960853
Emma Burgess,emmaburgess@gmail.com,03069990911
Danielle Jones,daniellejones@hotmail.com,+441914960282
Carolyn Murray,carolynmurray@yahoo.com,+441174960826
Derek Howard,derekhoward@hotmail.com,(0141) 496 0055
Dawn Reed,dawnreed@yahoo.com,01614960444
Brandon Collins,brandoncollins@hotmail.com,(0131) 496 0887
Reece Richardson,reecerichardson@gmail.com,0118 496 0065
Vincent Harrison,vincentharrison@yahoo.com,02074960536
Nicola Smith,nicolasmith@gmail.com,+44118 496 0544
Maria Hamilton,mariahamilton@gmail.com,+44131 496 0549
Timothy Ellis,timothyellis@yahoo.com,+44(0)1144960266
Chelsea Williams,chelseawilliams@hotmail.com,+44131 496 0383
Linda Stevenson,lindastevenson@yahoo.com,(029)2018567
Aaron Burke,aaronburke@yahoo.com,+44(0)1184960566
Jeffrey Cooper,jeffreycooper@hotmail.com,+44117 496 0203
Luke Jones,lukejones@gmail.com,(0115) 496 0140
Julian Matthews,julianmatthews@hotmail.com,+44(0)115 4960948
Sophie Jones,sophiejones@gmail.com,+44(0)1632 960298
Norman Hayes,normanhayes@yahoo.com,(0909) 879 0497
Barbara Williams,barbarawilliams@hotmail.com,(0808) 157 0322
Rachael Wood,rachaelwood@yahoo.com,(028) 9018514
Terry Willis,terrywillis@hotmail.com,(020) 74960043
Emily Johnson,emilyjohnson@yahoo.com,+44(0)289018620
Barry Jones,barryjones@yahoo.com,(020) 7496 0248
Naomi Jones,naomijones@yahoo.com,01214960872
Norman Savage,normansavage@hotmail.com,+44(0)9098790706
Mary Richardson,maryrichardson@yahoo.com,+44(0)1914960742
Christian Brown,christianbrown@gmail.com,+44(0)131 496 0259
Iain Palmer,iainpalmer@yahoo.com,01614960683
Sophie Wilson,sophiewilson@gmail.com,+44116 4960493
Raymond Rose,raymondrose@hotmail.com,+44(0)117 4960218
Christine Knowles,christineknowles@yahoo.com,(028) 9018 0193
Eric James,ericjames@hotmail.com,0808 157 0611
Gemma Hewitt,gemmahewitt@gmail.com,(0808) 157 0020
Irene Quinn,irenequinn@gmail.com,(0909)8790901
Amelia Evans,ameliaevans@gmail.com,(0306) 999 0933
Ashleigh Elliott,ashleighelliott@yahoo.com,+44(0)1632 960690
Stephen Moore,stephenmoore@yahoo.com,(0151) 4960147
John Rose,johnrose@gmail.com,0131 4960306
Rachel Pratt,rachelpratt@hotmail.com,01514960034
Carly Stokes,carlystokes@hotmail.com,029 2018575
Kevin Rogers,kevinrogers@hotmail.com,0116 496 0634
Annette Evans,annetteevans@hotmail.com,(0808)1570235
Heather Sinclair,heathersinclair@gmail.com,+441154960772
Leslie Harvey,leslieharvey@hotmail.com,+44(0)28 9018 0313
Harriet Dawson,harrietdawson@yahoo.com,+44(0)9098790981
Owen Davies,owendavies@gmail.com,029 2018968
Kevin Humphreys,kevinhumphreys@gmail.com,+44(0)1154960411
Yvonne Wyatt,yvonnewyatt@hotmail.com,028 9018 0348
Barry Shaw,barryshaw@hotmail.com,+44(0)306 999 0514
Charles Porter,charlesporter@yahoo.com,0114 496 0754
Denis Cooper,deniscooper@hotmail.com,0114 496 0497
Stanley Harding,stanleyharding@gmail.com,(0191) 4960166
Ross Hartley,rosshartley@hotmail.com,(0808) 1570768
Lee Roberts,leeroberts@yahoo.com,+441144960445
Lucy Naylor,lucynaylor@hotmail.com,+44191 496 0958
William Lambert,williamlambert@gmail.com,+44121 4960464
Ben Osborne,benosborne@gmail.com,(0808) 1570167
Denis Brennan,denisbrennan@yahoo.com,+44141 4960968
Christian Chapman,christianchapman@hotmail.com,+44(0)8081570521
Sean Ashton,seanashton@yahoo.com,0113 4960299
Abdul Coleman,abdulcoleman@gmail.com,+44(0)121 496 0433
Marc Frost,marcfrost@yahoo.com,0808 1570805
Pauline Osborne,paulineosborne@yahoo.com,(0808)1570405
Mathew Lewis,mathewlewis@hotmail.com,+441314960193
Jodie Wood,jodiewood@hotmail.com,+443069990093
Caroline Simpson,carolinesimpson@gmail.com,+44(0)151 496 0135
Patricia Harris,patriciaharris@yahoo.com,(0131)4960920
Tracy Griffiths,tracygriffiths@hotmail.com,(029)2018959
David Bishop,davidbishop@gmail.com,08081570310
Beth Evans,bethevans@hotmail.com,+44(0)117 4960697
Robert Harrison,robertharrison@gmail.com,0306 999 0874
Gerard Thomas,gerardthomas@gmail.com,(0114) 496 0036
Bethan Carr,bethancarr@hotmail.com,+44(0)118 496 0321
Kevin Armstrong,kevinarmstrong@hotmail.com,+44289018891
Colin Macdonald,colinmacdonald@yahoo.com,(0306) 9990210
Lorraine Clarke,lorraineclarke@yahoo.com,(0909) 8790946
Frances Carroll,francescarroll@yahoo.com,+441514960656
Alex Dodd,alexdodd@yahoo.com,+44(0)20 7496 0998
Gary Booth,garybooth@gmail.com,(0116) 496 0565
Sophie Farmer,sophiefarmer@hotmail.com,(0116) 496 0351
Sylvia Holmes,sylviaholmes@gmail.com,(0161)4960805
Natalie Foster,nataliefoster@gmail.com,020 7946 0662
Margaret Gilbert,margaretgilbert@hotmail.com,+44909 879 0661
Rachel Chapman,rachelchapman@yahoo.com,+44(0)117 496 0095
Katy Cole,katycole@yahoo.com,0161 496 0447
Gail Matthews,gailmatthews@gmail.com,029 2018 0748
Chelsea Murray,chelseamurray@hotmail.com,01632 960 688
Jack Walker,jackwalker@hotmail.com,+44292018269
Kathryn Morris,kathrynmorris@yahoo.com,(0151) 496 0397
Abdul Burton,abdulburton@hotmail.com,(0161) 496 0670
Hannah Blackburn,hannahblackburn@yahoo.com,(0114) 496 0231
Kerry Hall,kerryhall@gmail.com,0114 496 0953
Malcolm Henderson,malcolmhenderson@hotmail.com,0115 4960602
Elizabeth Jennings,elizabethjennings@hotmail.com,01214960930
James Vaughan,jamesvaughan@gmail.com,(01632) 960797
Josh Mills,joshmills@yahoo.com,+44(0)1164960833
Thomas Thomas,thomasthomas@hotmail.com,(0113) 496 0750
Jeremy Gardiner,jeremygardiner@hotmail.com,(0116) 496 0013
Beverley Smart,beverleysmart@yahoo.com,+44(0)115 496 0578
Jayne Brown,jaynebrown@hotmail.com,+44118 4960475
Norman Hayward,normanhayward@yahoo.com,+44(0)909 879 0478
Lynn Kent,lynnkent@gmail.com,(0131)4960646
Terry Ahmed,terryahmed@yahoo.com,(0116) 496 0564
Louise Jones,louisejones@hotmail.com,+44909 8790010
Maria Shah,mariashah@gmail.com,+44(0)114 496 0633
Barbara Andrews,barbaraandrews@hotmail.com,+441614960482
Geraldine Lewis,geraldinelewis@yahoo.com,(0141) 496 0958
Kerry White,kerrywhite@hotmail.com,0118 496 0238
Victor Hall,victorhall@yahoo.com,0808 1570847
Megan Wilson,meganwilson@hotmail.com,01174960130
Patrick Thompson,patrickthompson@yahoo.com,+44(0)1134960210
Joe West,joewest@hotmail.com,(0114) 496 0983
Lydia Smith,lydiasmith@yahoo.com,01632 960530
Denise Baldwin,denisebaldwin@yahoo.com,(0808) 1570396
John Dixon,johndixon@yahoo.com,+44115 4960952
Emily Holland,emilyholland@hotmail.com,01154960465
Simon Burns,simonburns@gmail.com,+44(0)113 496 0921
Ashley Curtis,ashleycurtis@hotmail.com,(0141) 4960809
Teresa Miller,teresamiller@gmail.com,+44161 496 0360
George Moore,georgemoore@gmail.com,(0306) 9990879
Eleanor Davies,eleanordavies@yahoo.com,+44115 496 0618
Nathan Barrett,nathanbarrett@gmail.com,+44808 1570916
Carly Thomson,carlythomson@yahoo.com,0141 496 0398
Grace Ahmed,graceahmed@yahoo.com,+4420 7496 0588
Philip Baker,philipbaker@hotmail.com,0117 4960565
Kieran Robertson,kieranrobertson@hotmail.com,09098790516
Donald Miller,donaldmiller@hotmail.com,01914960938
Conor Clark,conorclark@yahoo.com,+44(0)191 496 0745
Hugh Howarth,hughhowarth@yahoo.com,08081570183
Phillip Dean,phillipdean@gmail.com,+44(0)1184960640
Katie Moore,katiemoore@hotmail.com,0151 496 0704
Jonathan Doyle,jonathandoyle@hotmail.com,+44(0)121 496 0778
Connor Bell,connorbell@hotmail.com,+44(0)289018471
Jeffrey Cooper,jeffreycooper@yahoo.com,+441414960550
Carolyn Berry,carolynberry@gmail.com,(0131) 496 0225
Amber Patel,amberpatel@gmail.com,(0131) 4960344
Alison Dickinson,alisondickinson@gmail.com,+441632 960000
Bradley Smith,bradleysmithA@yahoo.com,020 7946 0009
Ellie Mason,elliemason@yahoo.com,+44117 496 0579
Georgina Ahmed,georginaahmed@yahoo.com,+44306 9990416
Wayne Hughes,waynehughes@yahoo.com,+44118 4960204
Molly Patel,mollypatel@gmail.com,09098790078
Dominic Hall,dominichall@hotmail.com,+44141 496 0497
Christian Clements,christianclements@gmail.com,+44(0)808 157 0256
Victor Sharp,victorsharp@gmail.com,01164960040
Rachael Armstrong,rachaelarmstrong@yahoo.com,+44(0)1174960005
Janice Austin,janiceaustin@yahoo.com,01134960923
Stewart Whitehead,stewartwhitehead@yahoo.com,(0117) 4960706
Catherine White,catherinewhite@yahoo.com,01214960603
Duncan Alexander,duncanalexander@gmail.com,0808 1570566
Ann Rhodes,annrhodes@hotmail.com,+441514960378
Georgina Jones,georginajones@yahoo.com,+44151 4960426
Hollie Jones,holliejones@yahoo.com,(0151) 4960761
Shane Clark,shaneclark@yahoo.com,(01632) 960839
Trevor Fuller,trevorfuller@gmail.com,+449098790726
Sophie Jarvis,sophiejarvis@hotmail.com,+441174960088
Georgia Lane,georgialane@yahoo.com,0118 496 0464
Brian Hopkins,brianhopkins@gmail.com,+44(0)141 496 0751
Molly Carter,mollycarter@hotmail.com,+44(0)118 4960160
Cameron Wilkinson,cameronwilkinson@hotmail.com,+44306 9990310
Iain Murray,iainmurray@yahoo.com,+441514960367
Martyn Edwards,martynedwards@gmail.com,(0118) 496 0232
Jack Howard,jackhoward@hotmail.com,+441632960969
Bernard Knight,bernardknight@hotmail.com,+44(0)3069990559
Claire Edwards,claireedwards@gmail.com,(0141)4960001
Lawrence Tucker,lawrencetucker@yahoo.com,(0151) 496 0004
Ronald Nolan,ronaldnolan@yahoo.com,(0909) 879 0094
Sarah Lewis,sarahlewis@gmail.com,+44(0)114 496 0523
Zoe Randall,zoerandall@hotmail.com,+44(0)118 4960641
Charlene Evans,charleneevans@gmail.com,+44(0)118 496 0903
Douglas Fletcher,douglasfletcher@gmail.com,+441514960643
Clare Day,clareday@hotmail.com,+44(0)1632 960 258
Glen Foster,glenfoster@hotmail.com,+44(0)118 4960337
Jennifer Walsh,jenniferwalsh@gmail.com,+44(0)1314960541
Debra Smith,debrasmith@gmail.com,+44(0)114 496 0242
Grace Hill,gracehill@yahoo.com,+4420 7496 0351
Max Pritchard,maxpritchard@hotmail.com,+44(0)1154960350
Ann Birch,annbirch@hotmail.com,+441632 960480
Elaine James,elainejames@yahoo.com,01134960384
Katie Hale,katiehale@hotmail.com,(0808) 1570770
Jonathan Thomas,jonathanthomas@gmail.com,(0131) 496 0333
Christopher Phillips,christopherphillips@yahoo.com,0161 4960441
Melissa Finch,melissafinch@gmail.com,+44(0)1144960730
Karen Steele,karensteele@gmail.com,0114 4960889
Chloe Thompson,chloethompson@hotmail.com,01614960295
Tina Griffiths,tinagriffiths@gmail.com,+441632 960744
Sally Hewitt,sallyhewitt@yahoo.com,+441632 960250
Carolyn Gray,carolyngray@gmail.com,+44(0)1144960703
Kenneth Patel,kennethpatel@hotmail.com,+4429 2018559
Leonard Nicholls,leonardnicholls@yahoo.com,01914960799
Geraldine Wilson,geraldinewilson@gmail.com,(029)2018113
Eric Taylor,erictaylor@hotmail.com,+4420 74960542
Graeme Morrison,graememorrison@hotmail.com,+44(0)1514960130
Clare Lawrence,clarelawrence@gmail.com,+44117 496 0219
Jayne Woodward,jaynewoodward@hotmail.com,(0117) 496 0148
Ben Hancock,benhancock@gmail.com,+44(0)808 157 0485
Lewis Akhtar,lewisakhtar@hotmail.com,0909 879 0712
Gail Smith,gailsmith@hotmail.com,(0114)4960292
Anthony Saunders,anthonysaunders@gmail.com,01632960551
Cameron Carey,cameroncarey@hotmail.com,+4420 74960282
Deborah Griffiths,deborahgriffiths@hotmail.com,(0114) 496 0300
Pamela Johnson,pamelajohnson@yahoo.com,0306 999 0759
Bradley Bishop,bradleybishop@yahoo.com,+44116 496 0503
Janet Norman,janetnorman@gmail.com,01632960822
Dominic Hussain,dominichussain@gmail.com,+44121 496 0730
Stacey Wells,staceywells@yahoo.com,(0306)9990449
Martin Butcher,martinbutcher@yahoo.com,(0151) 4960150
Lydia Gallagher,lydiagallagher@gmail.com,(0151) 4960400
Adam Gill,adamgill@hotmail.com,+44118 496 0464
Lynda Butler,lyndabutler@hotmail.com,+44116 4960095
Arthur Price,arthurprice@hotmail.com,(0121) 4960643
Kirsty Stevens,kirstystevens@hotmail.com,03069990929
Shannon Nicholls,shannonnicholls@gmail.com,+44115 496 0501
Gregory Marsden,gregorymarsden@hotmail.com,0151 4960089
Katherine James,katherinejames@gmail.com,+44909 8790163
Sean Owen,seanowen@gmail.com,+44(0)28 9018 0863
Nicole Fitzgerald,nicolefitzgerald@hotmail.com,0131 496 0854
Jean Clark,jeanclark@yahoo.com,+44(0)121 496 0816
Ellie Jones,elliejones@yahoo.com,(0306) 9990176
Catherine Evans,catherineevans@hotmail.com,0141 4960918
Anna Dobson,annadobson@yahoo.com,(020) 74960934
David Bishop,davidbishop@hotmail.com,+44115 4960846
Jade Arnold,jadearnold@hotmail.com,(029) 2018 0098
Lauren Williams,laurenwilliams@hotmail.com,(0118) 4960388
Russell Davies,russelldavies@yahoo.com,+44(0)289018692
Barry Gilbert,barrygilbert@hotmail.com,+44(0)121 496 0606
Sylvia Harris,sylviaharris@yahoo.com,+441174960024
Victor Myers,victormyers@hotmail.com,01414960521
Lynne Clarke,lynneclarke@yahoo.com,(0115) 4960341
Hollie Brown,holliebrown@gmail.com,0161 4960834
Brenda Knight,brendaknight@hotmail.com,+443069990933
Lynn White,lynnwhite@yahoo.com,+44(0)20 7496 0991
Josh Cole,joshcole@yahoo.com,0306 999 0044
Laura Buckley,laurabuckley@hotmail.com,+441174960553
Philip Harrison,philipharrison@gmail.com,0116 496 0727
Gail Robinson,gailrobinson@yahoo.com,(0191) 4960697
Steven Bell,stevenbell@hotmail.com,+44(0)29 2018176
Christine Brooks,christinebrooks@hotmail.com,(0909)8790787
Jade Chadwick,jadechadwick@yahoo.com,+44(0)117 4960132
Jennifer Cross,jennifercross@yahoo.com,+44(0)1632960189
Carl Ingram,carlingram@yahoo.com,+44(0)808 157 0802
Philip Fleming,philipfleming@yahoo.com,+44141 4960206
Patricia Barker,patriciabarker@hotmail.com,(0117)4960715
Andrew Kelly,andrewkelly@hotmail.com,(0161) 496 0283
Carolyn Lloyd,carolynlloyd@yahoo.com,0117 496 0016
Jay Robinson,jayrobinson@yahoo.com,+441632 960346
Nicole Anderson,nicoleanderson@hotmail.com,(0118)4960513
Robin Carr,robincarr@gmail.com,0306 9990702
Luke Clark,lukeclark@gmail.com,+44(0)131 496 0369
Jemma Clarke,jemmaclarke@gmail.com,0117 4960734
Pamela Clarke,pamelaclarke@gmail.com,+44191 4960686
Alexandra Brennan,alexandrabrennan@yahoo.com,+44(0)121 4960759
Damian Harvey,damianharvey@gmail.com,(0113)4960789
George Taylor,georgetaylor@hotmail.com,(0808)1570206
Dennis Fox,dennisfox@yahoo.com,+44191 4960681
Georgia Williams,georgiawilliams@hotmail.com,+44(0)1632 960969
Colin Brown,colinbrown@gmail.com,(0118)4960014
Connor Hart,connorhart@gmail.com,+449098790055
Christine Shepherd,christineshepherd@yahoo.com,+449098790493
Matthew Davis,matthewdavis@gmail.com,(0141) 496 0414
Donna Lewis,donnalewis@yahoo.com,0161 4960414
Jemma Thorpe,jemmathorpe@gmail.com,0306 9990512
Tina Coates,tinacoates@yahoo.com,+44(0)161 4960213
Kirsty Fox,kirstyfox@hotmail.com,028 9018630
Dawn Williams,dawnwilliams@hotmail.com,0808 157 0868
William Cook,williamcook@gmail.com,+4420 74960953
Clifford Allen,cliffordallen@gmail.com,01632 960 906
Julia Kent,juliakent@yahoo.com,01154960507
Joseph Turner,josephturner@yahoo.com,0909 879 0457
Gail Morgan,gailmorgan@gmail.com,+441184960594
Sandra Hughes,sandrahughes@gmail.com,01214960550
Samuel Jones,samueljones@gmail.com,+44161 496 0444
Karl Bentley,karlbentley@gmail.com,(0115) 496 0333
Fiona Turner,fionaturner@hotmail.com,(0151) 496 0452
Howard Mitchell,howardmitchell@yahoo.com,+44(0)28 9018233
Yvonne Todd,yvonnetodd@hotmail.com,(0161)4960106
Caroline Dobson,carolinedobson@yahoo.com,+44(0)121 4960454
Duncan Mason,duncanmason@hotmail.com,+44116 496 0361
Charlotte Davis,charlottedavis@hotmail.com,+441632 960 395
Kayleigh Wilson,kayleighwilson@yahoo.com,+44(0)151 4960862
Graeme Gray,graemegray@gmail.com,+44(0)289018345
Luke Walker,lukewalkerw@gmail.com,01214960224
Hannah Marshall,hannahmarshall@hotmail.com,0115 4960027
Leon Ahmed,leonahmed@yahoo.com,(0113)4960283
Nicole Johnson,nicolejohnson@hotmail.com,+44(0)114 4960146
Darren Harvey,darrenharvey@hotmail.com,(028) 9018835
Margaret West,margaretwest@gmail.com,01134960461
Kayleigh Robinson,kayleighrobinson@gmail.com,028 9018 0802
Holly Rose,hollyrose@yahoo.com,(0114) 496 0154
Shirley Jarvis,shirleyjarvis@yahoo.com,0131 496 0175
Naomi Clark,naomiclark@hotmail.com,028 9018 0706
Brandon Brooks,brandonbrooks@hotmail.com,+44(0)151 4960314
Abbie Smith,abbiesmithq@hotmail.com,(0306) 999 0413
Marc Harris,marcharris@gmail.com,01514960854
Leanne Holmes,leanneholmes@yahoo.com,01154960511
Tony Edwards,tonyedwards@hotmail.com,+44118 496 0688
Charles Pritchard,charlespritchard@gmail.com,+44131 496 0346
Carolyn Anderson,carolynanderson@hotmail.com,+44116 496 0194
Gillian Doyle,gilliandoyle@hotmail.com,+44(0)1144960900
Glenn Scott,glennscott@yahoo.com,+44(0)161 4960499
Lauren Cooke,laurencooke@yahoo.com,(0115)4960803
Marion Gibson,mariongibson@hotmail.com,+44(0)1154960051
Graham Clements,grahamclements@gmail.com,(020) 74960676
