name,email,phone
Teresa Wong,teresawong@yahoo.com,+441174960794
Joan Robinson,joanrobinson@yahoo.com,+44909 8790167
Joshua Brennan,joshuabrennan@gmail.com,+44114 496 0791
Aaron Hart,aaronhart@yahoo.com,+4429 2018544
Owen Field,owenfield@gmail.com,(01632) 960248
Brett Carr,brettcarr@hotmail.com,+4428 9018 0081
Lawrence Forster,lawrenceforster@gmail.com,0115 496 0274
Carl White,carlwhite@hotmail.com,(0115) 4960873
Alexander Wright,alexanderwright@gmail.com,+44141 496 0740
Brenda Harris,brendaharris@gmail.com,(01632) 960147
Hayley Harrison,hayleyharrisonm@gmail.com,(020) 74960181
Donna Byrne,donnabyrne@hotmail.com,+44151 496 0119
Arthur Price,arthurprice@yahoo.com,+44(0)121 4960662
Wayne Williams,waynewilliams@gmail.com,0909 8790696
William Jones,williamjones@gmail.com,0115 496 0478
Abdul Green,abdulgreen@gmail.com,0121 4960696
Hollie Browne,holliebrowne@hotmail.com,+44113 4960335
Katherine Short,katherineshort@hotmail.com,0289018981
Stuart Bryant,stuartbryant@gmail.com,+44(0)1632960159
Gavin Phillips,gavinphillips@hotmail.com,+44151 496 0896
Nicholas Wilson,nicholaswilson@hotmail.com,(0117)4960096
Joyce Woodward,joycewoodward@yahoo.com,(0131)4960279
Steven Chapman,stevenchapman@hotmail.com,02074960665
Amy Richards,amyrichards@gmail.com,+44(0)909 8790014
Frank Sykes,franksykes@hotmail.com,+4428 9018753
Heather Wright,heatherwright@gmail.com,+44(0)20 7496 0979
Terry Peters,terrypeters@yahoo.com,0306 999 0373
Kerry Williamson,kerrywilliamson@yahoo.com,0113 4960411
Sam Shaw,samshaw@yahoo.com,(029) 2018254
Barry Jones,barryjones@gmail.com,+44121 4960977
Julian Atkinson,julianatkinson@yahoo.com,0131 496 0358
Rita Smith,ritasmith@hotmail.com,(0115) 496 0131
Karen Moore,karenmoore@gmail.com,(0808) 157 0830
Terence George,terencegeorge@yahoo.com,+44(0)161 4960679
Leah Carter,leahcarter@gmail.com,+4420 7496 0926
Denis Rowley,denisrowley@hotmail.com,+44(0)117 4960026
Kirsty O'Connor,kirstyo'connor@hotmail.com,08081570388
Geraldine Kay,geraldinekay@hotmail.com,(0909)8790574
Maureen Edwards,maureenedwards@hotmail.com,+44(0)151 4960239
Joyce King,joyceking@hotmail.com,+449098790196
Matthew Lloyd,matthewlloyd@hotmail.com,01154960931
Joe Sharp,joesharp@hotmail.com,(0116) 496 0588
Gerald McCarthy,geraldmccarthy@yahoo.com,+44(0)161 496 0051
Debra Coleman,debracoleman@gmail.com,02074960893
Aaron Holt,aaronholt@yahoo.com,+44808 1570409
Ian Wright,ianwright@gmail.com,+44(0)1514960847
Victor Ellis,victorellis@gmail.com,+44114 4960599
Victoria Patel,victoriapatel@gmail.com,+44(0)121 496 0487
Gillian Thompson,gillianthompson@gmail.com,(0151) 4960011
Rosie Khan,rosiekhan@yahoo.com,0116 4960335
Jamie Hall,jamiehall@gmail.com,(0118) 4960939
Terence Martin,terencemartin@gmail.com,(0116)4960620
William Hart,williamhart@hotmail.com,0808 157 0722
Steven Holt,stevenholt@yahoo.com,+44(0)1214960096
Ann Shepherd,annshepherd@yahoo.com,+44117 4960134
Rosie Harris,rosieharris@yahoo.com,029 2018 0631
Georgia Phillips,georgiaphillips@gmail.com,+441514960594
Nicola Parkes,nicolaparkes@yahoo.com,+44191 496 0361
Leslie Russell,leslierussell@yahoo.com,(0117)4960592
Gavin Price,gavinprice@gmail.com,+441914960680
Holly Graham,hollygraham@yahoo.com,01214960486
Melanie Griffiths,melaniegriffiths@hotmail.com,01144960674
Mohammad Brown,mohammadbrown@gmail.com,0114 496 0118
Carly Khan,carlykhan@hotmail.com,+44(0)1414960251
Angela Harding,angelaharding@hotmail.com,(028) 9018123
Elizabeth McLean,elizabethmclean@hotmail.com,(0141) 496 0809
Russell Khan,russellkhan@gmail.com,0115 4960965
Tom Parker,tomparker@hotmail.com,+44118 496 0970
Fiona Hunter,fionahunter@yahoo.com,+44(0)909 879 0267
Ross Hanson,rosshanson@yahoo.com,01614960096
Tony Sharpe,tonysharpe@hotmail.com,+44(0)115 4960739
Arthur Hutchinson,arthurhutchinson@gmail.com,(0113) 4960352
Gordon Morrison,gordonmorrison@yahoo.com,(028)9018825
Susan Richards,susanrichards@yahoo.com,0115 4960250
Albert Andrews,albertandrews@gmail.com,+441632960261
Bethan Thomas,bethanthomas@gmail.com,01614960662
Tony Kirby,tonykirby@gmail.com,(0115)4960453
Vanessa Davis,vanessadavis@yahoo.com,(0141)4960518
Toby Howe,tobyhowe@yahoo.com,+448081570822
Neil Middleton,neilmiddleton@hotmail.com,(0161) 496 0130
Albert Anderson,albertanderson@hotmail.com,+44(0)1134960169
Dean Williams,deanwilliams@yahoo.com,0115 496 0426
Bernard Brown,bernardbrown@gmail.com,(0808)1570790
Lawrence Smith,lawrencesmith@yahoo.com,01134960123
Bryan Ward,bryanward@hotmail.com,+441154960872
Sandra Dodd,sandradodd@hotmail.com,+44(0)1632 960 625
Margaret Wood,margaretwood@hotmail.com,(0117) 496 0669
Alison Matthews,alisonmatthews@gmail.com,+44(0)808 157 0135
Lesley Byrne,lesleybyrne@hotmail.com,(0141) 4960626
Sian Powell,sianpowell@hotmail.com,0141 4960632
Robert Fisher,robertfisher@yahoo.com,+44(0)28 9018 0754
Harriet Daniels,harrietdaniels@gmail.com,(0121) 496 0414
Francesca Martin,francescamartin@yahoo.com,(0161)4960440
Patrick Jones,patrickjones@yahoo.com,0808 157 0936
Mitchell James,mitchelljames@yahoo.com,(0151) 496 0575
Paul Fuller,paulfuller@hotmail.com,(0191)4960979
Linda Mason,lindamason@yahoo.com,0121 496 0423
Jordan Cox,jordancox@hotmail.com,(0131)4960171
Samuel Pugh,samuelpugh@gmail.com,+44115 496 0085
Graeme Thomas,graemethomas@hotmail.com,+44(0)115 496 0979
Lauren Watts,laurenwatts@yahoo.com,+44191 4960104
Wayne Berry,wayneberry@hotmail.com,+44131 496 0857
Hilary Jones,hilaryjones@yahoo.com,08081570478
George Thomas,georgethomas@gmail.com,+442074960842
Ben Potts,benpotts@hotmail.com,01154960512
Jake Owens,jakeowens@gmail.com,(029) 2018 0547
Francesca Wright,francescawright@gmail.com,0116 496 0781
Toby Skinner,tobyskinner@gmail.com,+44(0)289018669
Lee Thornton,leethornton@gmail.com,+44(0)909 8790917
Sally Bowen,sallybowen@gmail.com,(0116) 4960888
Hilary Berry,hilaryberry@hotmail.com,(0191)4960699
Frank Hope,frankhope@yahoo.com,(0306)9990156
Maureen Hughes,maureenhughes@yahoo.com,+44(0)1214960438
Glenn Lane,glennlane@yahoo.com,+4428 9018464
Marc Alexander,marcalexander@gmail.com,(0151) 4960459
Dennis Baker,dennisbaker@hotmail.com,+44118 4960267
Howard Watkins,howardwatkins@yahoo.com,0306 9990342
Douglas Cook,douglascook@hotmail.com,(029) 2018217
Thomas Page,thomaspage@yahoo.com,+44118 4960674
Graeme Walker,graemewalker@gmail.com,(0113)4960242
Clare Hill,clarehill@yahoo.com,+44(0)1154960007
Jordan Barker,jordanbarker@hotmail.com,+44(0)306 9990307
Charlotte Butler,charlottebutler@gmail.com,+441134960757
Marcus Pritchard,marcuspritchard@gmail.com,+44(0)1164960836
Abdul Little,abdullittle@gmail.com,+441154960779
Jamie Hyde,jamiehyde@gmail.com,0118 496 0295
Bruce Hall,brucehall@yahoo.com,(029) 2018 0446
Lynda Chandler,lyndachandler@gmail.com,+44306 999 0806
Rebecca Gardner,rebeccagardner@hotmail.com,+44131 496 0618
Richard Hall,richardhall@hotmail.com,+44306 9990232
Georgina Smith,georginasmith@hotmail.com,+441632 960072
Hugh Harris,hughharris@hotmail.com,+44118 496 0479
Lewis Davies,lewisdavies@gmail.com,+44(0)151 4960812
Frederick Robson,frederickrobson@hotmail.com,(0151) 4960731
Victor Hancock,victorhancock@yahoo.com,0117 4960129
Ryan Morris,ryanmorris@hotmail.com,+44131 4960629
Lynne Barton,lynnebarton@yahoo.com,+44(0)117 4960675
Julia Carter,juliacarter@hotmail.com,02074960106
Jay Perry,jayperry@gmail.com,(0113)4960845
Tony Lloyd,tonylloyd@hotmail.com,0115 496 0148
Kyle Stewart,kylestewart@hotmail.com,01632 960 096
Peter Randall,peterrandall@hotmail.com,+441184960675
Peter Williams,peterwilliams@gmail.com,+443069990513
John Owen,johnowen@hotmail.com,+44(0)9098790123
Glen Young,glenyoung@hotmail.com,+448081570049
Andrew Mitchell,andrewmitchell@yahoo.com,(0114) 496 0626
Kathryn Johnson,kathrynjohnson@gmail.com,0306 9990267
John Evans,johnevans@hotmail.com,+441154960968
John Barton,johnbarton@yahoo.com,(028) 9018460
Jordan Marsh,jordanmarsh@gmail.com,+441614960658
Graeme Clark,graemeclark@gmail.com,(020) 74960758
Geraldine Patel,geraldinepatel@yahoo.com,+44(0)151 496 0526
Angela Kay,angelakay@hotmail.com,+441154960688
Frederick Green,frederickgreen@yahoo.com,0116 4960556
Jennifer Fuller,jenniferfuller@gmail.com,(020) 74960652
Fiona Stevens,fionastevens@hotmail.com,(028)9018044
Ian Hall,ianhall@gmail.com,(01632)960952
Ashleigh Browne,ashleighbrowne@gmail.com,+44(0)8081570513
Geoffrey Harris,geoffreyharris@gmail.com,01314960566
Claire Roberts,claireroberts@hotmail.com,+44(0)121 4960985
Eleanor Collins,eleanorcollins@yahoo.com,+44(0)117 496 0901
Lorraine Ali,lorraineali@yahoo.com,0151 496 0691
Sam Butler,sambutler@yahoo.com,02074960883
Nicholas Hawkins,nicholashawkins@gmail.com,+44116 496 0055
Rachael Goodwin,rachaelgoodwin@gmail.com,(0191)4960649
Marian Chapman,marianchapman@gmail.com,+44(0)1154960161
Mandy Bradley,mandybradley@gmail.com,02074960920
Charles Holloway,charlesholloway@gmail.com,+44(0)117 496 0903
Rosie Kelly,rosiekelly@hotmail.com,01514960019
Alan Parker,alanparker@gmail.com,+44117 496 0716
Adam Jones,adamjones@hotmail.com,0161 4960582
Lindsey Jones,lindseyjones@gmail.com,(0191)4960905
Louis Flynn,louisflynn@hotmail.com,028 9018906
Abigail Morrison,abigailmorrison@yahoo.com,+44(0)118 4960388
Wendy Whitehouse,wendywhitehouse@gmail.com,01632960637
Max Miah,maxmiah@hotmail.com,+44151 496 0259
Ashley Poole,ashleypoole@hotmail.com,01614960414
Joanne Moore,joannemoore@gmail.com,01632 960160
Anne Booth,annebooth@gmail.com,(0116) 496 0392
Lynn Lucas,lynnlucas@gmail.com,(0141) 496 0113
Jasmine Marshall,jasminemarshall@gmail.com,(028)9018913
Oliver Sykes,oliversykes@yahoo.com,0909 879 0192
Megan Duncan,meganduncan@yahoo.com,+44(0)1314960249
Kerry Begum,kerrybegum@hotmail.com,0151 496 0937
Carolyn Martin,carolynmartin@gmail.com,+441164960962
Danny Simpson,dannysimpson@gmail.com,+441174960631
Geoffrey Turner,geoffreyturnerH@yahoo.com,09098790702
Carol Jones,caroljonesM@hotmail.com,(0191) 496 0737
David Davies,daviddavies@hotmail.com,(0191)4960150
Lisa Harris,lisaharris@hotmail.com,+44(0)113 496 0439
Hugh Price,hughprice@gmail.com,+441184960262
Melissa Hughes,melissahughes@hotmail.com,01632 960364
Jay Nicholls,jaynicholls@yahoo.com,0191 4960900
Nigel Smith,nigelsmithS@gmail.com,01174960452
Kathryn Robertson,kathrynrobertson@hotmail.com,+44(0)1214960845
Glen Davies,glendavies@hotmail.com,(0118)4960593
Ross Briggs,rossbriggs@hotmail.com,(0306) 9990337
Lorraine Howarth,lorrainehowarth@gmail.com,+441164960981
Ashleigh Smith,ashleighsmithf@hotmail.com,(028) 9018905
Carly Edwards,carlyedwards@gmail.com,+44(0)1632 960 920
Karl Stone,karlstone@hotmail.com,+44(0)306 9990952
Elliott Hall,elliotthall@gmail.com,+44131 496 0275
Pauline Clark,paulineclark@gmail.com,+44(0)1134960921
Michael Robinson,michaelrobinson@gmail.com,+441164960994
Lorraine Wilson,lorrainewilson0@yahoo.com,(0808)1570101
Abbie Singh,abbiesingh@hotmail.com,+44(0)116 496 0624
Benjamin Hall,benjaminhall@hotmail.com,+44289018024
Olivia Williams,oliviawilliams@gmail.com,+44292018599
Samantha Gibson,samanthagibson@yahoo.com,+44(0)151 4960121
Josh Thornton,joshthornton@hotmail.com,01144960533
Jade Barnes,jadebarnes@yahoo.com,(0116) 4960819
Jodie Watts,jodiewatts@yahoo.com,(0116) 496 0960
Denis Clarke,denisclarke@yahoo.com,+44(0)118 4960900
Marilyn Jones,marilynjones@gmail.com,+44141 496 0180
Leon Martin,leonmartin@yahoo.com,(0118)4960201
Kenneth Bray,kennethbray@yahoo.com,+44(0)3069990314
Dorothy Smith,dorothysmith@yahoo.com,0289018470
Colin Brown,colinbrown@hotmail.com,+44306 999 0136
Owen Cartwright,owencartwright@gmail.com,+44118 496 0001
Martyn Williams,martynwilliams@gmail.com,+44(0)151 496 0335
Joe Smith,joesmith@yahoo.com,+44(0)3069990876
Joel Phillips,joelphillips@gmail.com,028 9018 0714
Aimee Smith,aimeesmith@yahoo.com,+44(0)1174960940
Molly Brown,mollybrown@yahoo.com,+441632 960 136
Terence Richards,terencerichards@hotmail.com,0118 496 0567
Josephine Carter,josephinecarter@hotmail.com,01414960925
Clare McDonald,claremcdonald@gmail.com,03069990106
Maureen Hughes,maureenhughes@hotmail.com,02074960876
Sally Mason,sallymason@hotmail.com,+441314960119
Eileen Burton,eileenburton@gmail.com,(0116) 4960316
Bethany Matthews,bethanymatthews@hotmail.com,+44(0)808 157 0301
Tina Evans,tinaevans@hotmail.com,(020) 7496 0120
Philip Curtis,philipcurtis@hotmail.com,029 2018922
Dawn Hunter,dawnhunter@yahoo.com,(0131)4960638
Molly Johnson,mollyjohnson@gmail.com,(029)2018027
Megan Stephens,meganstephens@hotmail.com,+44(0)1174960916
Eileen Edwards,eileenedwards@hotmail.com,+44292018887
Billy Parsons,billyparsons@hotmail.com,0113 4960381
Vanessa Foster,vanessafoster@yahoo.com,(0151)4960387
Kim Morgan,kimmorgan@yahoo.com,(0151) 4960804
Lorraine Hobbs,lorrainehobbs@yahoo.com,01154960274
Dorothy Thompson,dorothythompson@gmail.com,0161 4960572
Adrian Burgess,adrianburgess@hotmail.com,0909 879 0656
Gail Walters,gailwalters@gmail.com,+44(0)116 496 0856
Frances Davis,francesdavis@hotmail.com,+44(0)118 496 0822
Michael Leonard,michaelleonard@yahoo.com,+44131 4960086
Christine Hussain,christinehussain@gmail.com,0113 496 0113
Karen Hunter,karenhunter@gmail.com,+44113 496 0689
Carolyn Moore,carolynmoore@hotmail.com,+44(0)121 496 0497
Irene Wilson,irenewilson@gmail.com,(0121) 496 0567
Clifford Fowler,cliffordfowler@yahoo.com,0131 4960803
Albert Hancock,alberthancock@gmail.com,(020)74960345
Diane Howard,dianehoward@yahoo.com,(028) 9018325
Stewart Lewis,stewartlewis@hotmail.com,(0121) 496 0218
Joseph Hunter,josephhunter@yahoo.com,02074960238
Linda Alexander,lindaalexander@yahoo.com,(0118) 496 0614
Joshua Ward,joshuaward@gmail.com,0131 496 0193
Damian Curtis,damiancurtis@gmail.com,+44306 9990167
Jasmine Gallagher,jasminegallagher@gmail.com,+441174960723
Norman Edwards,normanedwards@gmail.com,0116 496 0086
Gillian Cook,gilliancook@gmail.com,+441914960906
Robert Chamberlain,robertchamberlain@gmail.com,(0131)4960415
Elliott Blake,elliottblake@yahoo.com,+44(0)161 4960900
Josephine Duffy,josephineduffy@yahoo.com,0118 4960951
Alexandra O'Brien,alexandrao'brien@yahoo.com,+44(0)28 9018255
Christine Cox,christinecox@yahoo.com,029 2018 0072
Melanie Edwards,melanieedwards@gmail.com,(0161) 496 0516
Mark Stevenson,markstevenson@yahoo.com,+44141 496 0521
Victor Gould,victorgould@hotmail.com,+44(0)1134960786
Kenneth Peters,kennethpeters@gmail.com,+44118 4960704
Brenda Chandler,brendachandler@hotmail.com,(0118)4960484
Aaron Richardson,aaronrichardson@yahoo.com,+441632 960 089
Thomas Ross,thomasross@yahoo.com,(0808) 157 0555
Jacob Evans,jacobevans@gmail.com,(0116) 4960495
Jasmine Leonard,jasmineleonard@hotmail.com,01214960906
Ben Humphries,benhumphries@gmail.com,(0121) 496 0846
Yvonne Finch,yvonnefinch@gmail.com,+441154960665
Charles Jackson,charlesjackson@hotmail.com,(01632) 960 194
Jasmine Phillips,jasminephillips@gmail.com,+441632 960406
Christian Kerr,christiankerr@hotmail.com,+442074960100
Kathleen Young,kathleenyoung@gmail.com,01164960303
Albert Dunn,albertdunn@hotmail.com,+44(0)141 4960075
Glen Stewart,glenstewart@gmail.com,+44161 496 0965
Luke Begum,lukebegum@hotmail.com,(0161) 496 0602
Daniel Bird,danielbird@yahoo.com,+441632 960 436
Christian Ahmed,christianahmed@yahoo.com,+44(0)115 4960258
Patricia Coles,patriciacoles@hotmail.com,+44(0)306 9990893
Harry Harper,harryharper@yahoo.com,029 2018340
Linda Tomlinson,lindatomlinson@yahoo.com,+44161 4960520
Albert Clarke,albertclarke@hotmail.com,(0306) 9990036
Steven Walker,stevenwalker@gmail.com,01184960697
Paige Lynch,paigelynch@yahoo.com,+44(0)306 999 0642
Francis Ali,francisali@yahoo.com,(028) 9018269
Alison Jenkins,alisonjenkins@hotmail.com,+44(0)121 4960673
Howard Dunn,howarddunn@yahoo.com,+44(0)1174960570
Vanessa White,vanessawhite@yahoo.com,+441632960814
Stewart Mellor,stewartmellor@gmail.com,(0113) 4960667
Jacob Mann,jacobmann@yahoo.com,+44(0)118 4960645
Gemma Clark,gemmaclark@yahoo.com,(0151)4960617
Declan Gibson,declangibson@gmail.com,(0131) 496 0478
Alice Rice,alicerice@gmail.com,+44(0)28 9018410
Ruth George,ruthgeorge@hotmail.com,+44(0)161 496 0500
Alison White,alisonwhite@hotmail.com,+44191 4960049
Nicholas Short,nicholasshort@yahoo.com,0118 4960669
Adrian Jones,adrianjonesQ@gmail.com,01314960908
Judith White,judithwhitep@hotmail.com,+44(0)8081570704
Julia Lyons,julialyons@hotmail.com,+441164960555
Dean Cook,deancook@gmail.com,+44(0)121 496 0159
Leonard Lynch,leonardlynch@hotmail.com,+44(0)909 879 0888
Shannon Preston,shannonpreston@yahoo.com,+44(0)1632960012
Leon Frost,leonfrost@yahoo.com,+441414960867
Beverley Davison,beverleydavison@gmail.com,0909 8790893
Amber Wheeler,amberwheeler@gmail.com,(0121) 496 0085
Suzanne Jones,suzannejones@hotmail.com,+44(0)1614960560
Michelle Taylor,michelletaylor@hotmail.com,0306 999 0522
Nicholas Payne,nicholaspayne@yahoo.com,(0191) 4960438
James Thomas,jamesthomas@gmail.com,+44(0)1614960850
Barry Johnson,barryjohnson@hotmail.com,+441414960448
Victor Bailey,victorbailey@yahoo.com,+44808 157 0016
Vincent Thornton,vincentthornton@hotmail.com,+441174960716
Alexander Clarke,alexanderclarke@hotmail.com,0117 496 0134
Dawn Hall,dawnhall@gmail.com,(0121)4960855
Robert Gordon,robertgordon@yahoo.com,(0191) 4960974
Sharon Johnston,sharonjohnston@yahoo.com,01614960736
Janice Evans,janiceevans@hotmail.com,(0117) 4960310
Carly Mills,carlymills@gmail.com,(0306) 999 0500
Joshua Baker,joshuabaker@gmail.com,(01632)960682
Eric Collins,ericcollins@yahoo.com,+44151 496 0609
Joshua Cooper,joshuacooper@hotmail.com,+44(0)808 157 0847
Frank Fox,frankfox@hotmail.com,0114 496 0775
Marie Gray,mariegray@hotmail.com,(020)74960819
Yvonne Robertson,yvonnerobertson@gmail.com,+44(0)118 496 0816
Harriet Brown,harrietbrown@hotmail.com,+44(0)141 4960191
Wayne Mitchell,waynemitchell@yahoo.com,+44(0)1314960447
Jamie Taylor,jamietaylor@yahoo.com,+44(0)161 4960867
Annette Hughes,annettehughes@yahoo.com,+44289018856
Natalie Ashton,natalieashton@yahoo.com,(0191) 4960918
Phillip Brooks,phillipbrooks@yahoo.com,+44(0)121 496 0434
Zoe Shah,zoeshah@yahoo.com,+4429 2018 0194
Shaun Smith,shaunsmith@yahoo.com,0115 4960119
Hazel Harding,hazelharding@gmail.com,+44(0)28 9018 0178
Jeremy Weston,jeremyweston@hotmail.com,029 2018 0132
Deborah Hughes,deborahhughes@yahoo.com,020 74960573
Kenneth Phillips,kennethphillips@yahoo.com,(0117) 4960210
Alice Newman,alicenewman@yahoo.com,+441314960533
Anthony Mellor,anthonymellor@hotmail.com,+44(0)3069990691
Sam Law,samlaw@yahoo.com,+44(0)151 496 0700
Billy Lambert,billylambert@gmail.com,+44(0)1514960098
Leonard Macdonald,leonardmacdonald@hotmail.com,0118 4960573
Vanessa Robinson,vanessarobinson@gmail.com,09098790561
Sam Mason,sammason@yahoo.com,(0191) 496 0008
Jordan Jackson,jordanjackson@hotmail.com,+441914960421
Katie Jennings,katiejennings@hotmail.com,(0808) 157 0233
Stacey Richards,staceyrichards@gmail.com,(0117)4960566
Lauren Dawson,laurendawson@yahoo.com,01414960123
Richard Stone,richardstone@yahoo.com,(0115) 4960809
Judith Edwards,judithedwards@gmail.com,(0113) 4960530
Jean Savage,jeansavage@yahoo.com,02074960630
Joshua Norris,joshuanorris@yahoo.com,+44114 4960969
Kenneth Hutchinson,kennethhutchinson@hotmail.com,020 7946 0544
Alex Wallace,alexwallace@yahoo.com,(0115) 496 0731
Ryan Hughes,ryanhughes@hotmail.com,+44(0)121 496 0372
Amelia Bradley,ameliabradley@hotmail.com,(0121) 496 0172
Leonard Williamson,leonardwilliamson@hotmail.com,+44(0)117 4960608
Jill Parsons,jillparsons@yahoo.com,0151 496 0045
Jordan Mann,jordanmann@gmail.com,+441314960376
Joel Page,joelpage@hotmail.com,+44151 496 0031
Justin Henderson,justinhenderson@yahoo.com,(0117) 496 0859
Mohammed Spencer,mohammedspencer@gmail.com,+44(0)8081570637
Damien Taylor,damientaylor@hotmail.com,+44141 496 0148
Callum Davies,callumdavies@yahoo.com,+441632 960062
Sean Andrews,seanandrews@gmail.com,(0161)4960453
Cameron Townsend,camerontownsend@hotmail.com,01632 960795
Marian Connolly,marianconnolly@yahoo.com,+44(0)28 9018417
Amelia Schofield,ameliaschofield@gmail.com,(0306)9990224
June Brown,junebrown@yahoo.com,+44(0)29 2018 0829
Amanda Simpson,amandasimpson@hotmail.com,0114 4960637
Sylvia Atkinson,sylviaatkinson@yahoo.com,(0909) 879 0538
Geraldine Porter,geraldineporter@hotmail.com,(0131) 4960696
Lauren Bentley,laurenbentley@hotmail.com,+44(0)20 74960836
Paula Davies,pauladavies@yahoo.com,+441514960549
Claire Hale,clairehale@yahoo.com,(029)2018415
Mark Jones,markjones@yahoo.com,+44117 4960815
Malcolm Henry,malcolmhenry@hotmail.com,01214960258
Angela Mann,angelamann@gmail.com,01134960991
James Kent,jameskent@hotmail.com,+4428 9018241
Abigail Dixon,abigaildixon@hotmail.com,+44(0)28 9018 0617
Phillip Johnson,phillipjohnson@hotmail.com,0151 496 0893
Patricia Evans,patriciaevans@gmail.com,(0151)4960834
Ellie Burgess,ellieburgess@gmail.com,03069990614
Judith White,judithwhite@gmail.com,(0117) 496 0281
Ann Smith,annsmith@hotmail.com,+44(0)1632 960356
Oliver Smith,oliversmith@yahoo.com,+44117 496 0153
Lynn Mason,lynnmason@yahoo.com,0292018705
Yvonne Nash,yvonnenash@gmail.com,+4420 7496 0441
Katherine Evans,katherineevans@gmail.com,+44(0)909 879 0408
Albert Gibson,albertgibson@gmail.com,+44116 496 0708
Maurice Sheppard,mauricesheppard@gmail.com,(0306)9990499
Hazel Bell,hazelbell@yahoo.com,+44(0)20 7496 0933
Jamie Morris,jamiemorris@gmail.com,+44(0)1214960315
