name,email,phone
Gerald Hunt,geraldhunt@gmail.com,01914960825
Joel Leonard,joelleonard@hotmail.com,028 9018 0352
John Williams,johnwilliams@yahoo.com,01632960581
Kerry Smith,kerrysmith@yahoo.com,+44(0)117 496 0557
Kathryn Smith,kathrynsmith@yahoo.com,(0114) 4960915
Rosemary Hudson,rosemaryhudson@yahoo.com,01632 960523
Rachel Martin,rachelmartin@yahoo.com,+44(0)3069990473
Alex Wood,alexwood@hotmail.com,0131 4960170
Stephanie Pritchard,stephaniepritchard@gmail.com,01614960418
Marc Walton,marcwalton@gmail.com,+4420 74960113
Cheryl Jones,cheryljones@gmail.com,0116 496 0179
Christian Adams,christianadams@hotmail.com,020 7946 0283
Jean King,jeanking@hotmail.com,+44(0)292018801
Alexander Robinson,alexanderrobinson@gmail.com,(020) 74960356
Danielle Winter,daniellewinter@hotmail.com,+44(0)306 999 0756
Amy Evans,amyevans@hotmail.com,0909 879 0890
Kelly Robertson,kellyrobertson@yahoo.com,+449098790409
Eleanor Bennett,eleanorbennett@yahoo.com,+449098790621
Tracy Jackson,tracyjackson@gmail.com,+44(0)161 4960079
Brett Warren,brettwarren@yahoo.com,(0114)4960099
Grace Parker,graceparker@hotmail.com,(0306) 9990895
Kate Cox,katecox@hotmail.com,(0131) 496 0445
Sam Humphreys,samhumphreys@yahoo.com,+44(0)9098790879
Wayne Knight,wayneknight@hotmail.com,+44(0)161 496 0238
Louise Carter,louisecarter@yahoo.com,01214960826
Gail Matthews,gailmatthewsK@gmail.com,0131 4960988
Natalie Ellis,natalieellis@yahoo.com,+44(0)1134960614
Roger Reid,rogerreid@hotmail.com,(0114)4960502
Cameron Parker,cameronparker@gmail.com,(020) 7496 0625
Elaine Wilson,elainewilson@yahoo.com,+44118 4960315
Mitchell Wells,mitchellwells@gmail.com,+44(0)131 4960298
Wayne Grant,waynegrant@hotmail.com,+44292018507
Harriet Clark,harrietclark@gmail.com,+441632 960131
Conor Miles,conormiles@hotmail.com,(0141) 4960373
Gary Moss,garymoss@gmail.com,+4429 2018781
Hilary Reeves,hilaryreeves@gmail.com,+44(0)3069990292
Ross Wade,rosswade@yahoo.com,+44289018892
Scott Freeman,scottfreeman@gmail.com,+44808 157 0901
Elliott Whittaker,elliottwhittaker@yahoo.com,028 9018 0353
Pauline McDonald,paulinemcdonald@gmail.com,(0121)4960498
Louise Doherty,louisedoherty@hotmail.com,(028) 9018705
Lawrence Houghton,lawrencehoughton@hotmail.com,08081570434
Bryan Stephens,bryanstephens@yahoo.com,(0118) 4960103
Harry Wallis,harrywallis@yahoo.com,01184960268
Tony Watson,tonywatson@gmail.com,(01632) 960 911
Kyle Singh,kylesingh@yahoo.com,(0121)4960981
Gareth Martin,garethmartin@hotmail.com,(0116) 496 0148
Garry Harris,garryharris@hotmail.com,(028)9018022
Megan Berry,meganberry@yahoo.com,(0116) 4960519
Deborah Jones,deborahjones@hotmail.com,(0909) 8790899
Edward Blake,edwardblake@yahoo.com,(0161) 496 0648
Conor Williamson,conorwilliamson@hotmail.com,(0306) 9990831
Matthew Hooper,matthewhooper@gmail.com,(0115)4960288
Jill Thomas,jillthomas@gmail.com,(0808) 1570486
Debra Higgins,debrahiggins@gmail.com,+44808 157 0243
Stanley O'Neill,stanleyo'neill@gmail.com,+44(0)289018609
Tracy Shah,tracyshah@hotmail.com,0121 496 0072
Trevor Walker,trevorwalker@hotmail.com,0116 496 0217
Lisa Vaughan,lisavaughan@yahoo.com,(0117)4960010
Anna Randall,annarandall@hotmail.com,028 9018 0112
Matthew Alexander,matthewalexander@hotmail.com,(0306) 9990816
Anne Owen,anneowen@yahoo.com,0131 496 0380
Kimberley Fleming,kimberleyfleming@hotmail.com,0141 4960948
Anthony Wilson,anthonywilson@yahoo.com,(028) 9018561
Lindsey Williams,lindseywilliams@hotmail.com,(0191)4960261
Denise Simmons,denisesimmons@hotmail.com,+44(0)118 4960852
Glenn Wood,glennwood@yahoo.com,(01632) 960 618
Albert Saunders,albertsaunders@yahoo.com,+442074960123
Tony Barlow,tonybarlow@gmail.com,+44(0)20 74960055
Thomas Morgan,thomasmorgan@yahoo.com,01632 960 345
Charles James,charlesjames@gmail.com,+44(0)1144960333
Eric Morris,ericmorris@yahoo.com,+44113 4960415
Jeremy Howell,jeremyhowell@hotmail.com,0113 496 0097
Harriet Smart,harrietsmart@gmail.com,(0117) 496 0537
Tracy Baldwin,tracybaldwin@gmail.com,(0115) 4960572
Rhys Phillips,rhysphillips@yahoo.com,+44(0)9098790971
Jade Thornton,jadethornton@gmail.com,01632 960829
Terence Black,terenceblack@yahoo.com,+4429 2018 0025
Leon Miles,leonmiles@yahoo.com,(0116)4960800
Joel Clements,joelclements@gmail.com,0161 4960292
Duncan Freeman,duncanfreeman@yahoo.com,(0306) 9990911
Jade Shaw,jadeshaw@hotmail.com,(0808)1570368
Rhys Russell,rhysrussell@yahoo.com,(0131) 4960624
Owen Farmer,owenfarmer@hotmail.com,(0117)4960842
Yvonne Jennings,yvonnejennings@gmail.com,+441174960998
Georgia Hughes,georgiahughes@gmail.com,+44191 496 0718
Damien Briggs,damienbriggs@hotmail.com,+44(0)9098790570
Denise Khan,denisekhan@hotmail.com,0113 496 0415
Nicola Pearson,nicolapearson@gmail.com,(0118)4960929
Irene Wilson,irenewilson@hotmail.com,0116 4960781
Adrian Walters,adrianwalters@hotmail.com,0161 496 0705
Tony Palmer,tonypalmer@gmail.com,+441614960654
Jessica Thompson,jessicathompson@yahoo.com,0909 879 0472
Damien Jones,damienjones@yahoo.com,+44(0)289018303
Barry James,barryjames@gmail.com,0306 9990049
Pauline Roberts,paulineroberts@gmail.com,020 7946 0534
Jay Clarke,jayclarke@gmail.com,(0141)4960371
Louis Mitchell,louismitchell@yahoo.com,(0141) 4960251
Jordan Fowler,jordanfowler@hotmail.com,(0116)4960828
Claire Taylor,clairetaylor@gmail.com,+44141 4960969
Frances Webster,franceswebster@hotmail.com,01154960026
Jodie Thompson,jodiethompson@yahoo.com,+44113 496 0746
Shaun Williams,shaunwilliams@hotmail.com,+44808 1570417
Charles Williams,charleswilliams@yahoo.com,+441514960755
Luke Clark,lukeclarks@yahoo.com,+44(0)114 496 0062
Francis Griffin,francisgriffin@hotmail.com,+449098790511
Alice Poole,alicepoole@yahoo.com,0161 496 0929
Carl Martin,carlmartin@hotmail.com,0289018780
Jessica Lewis,jessicalewis@gmail.com,0141 4960398
Yvonne Sutton,yvonnesutton@yahoo.com,+44(0)117 496 0899
Oliver Hunt,oliverhunt@yahoo.com,0117 496 0993
Jessica Norton,jessicanorton@yahoo.com,+44(0)1632 960580
Anthony Sharp,anthonysharp@yahoo.com,(0117) 496 0515
Marie Berry,marieberry@yahoo.com,(0116) 496 0607
Wendy Simmons,wendysimmons@gmail.com,0306 999 0539
Marion Freeman,marionfreeman@hotmail.com,+44(0)9098790409
Allan Russell,allanrussell@yahoo.com,(0141)4960251
Jodie Graham,jodiegraham@hotmail.com,+4429 2018528
Kelly Peters,kellypeters@yahoo.com,+44(0)3069990818
Ben Murphy,benmurphy@hotmail.com,0161 496 0369
Shirley Marsh,shirleymarsh@hotmail.com,029 2018443
Sara Powell,sarapowell@gmail.com,(0131) 496 0635
Helen Gray,helengray@gmail.com,01214960731
Denise Carter,denisecarter@hotmail.com,+44(0)118 496 0671
Christopher Yates,christopheryates@gmail.com,+44(0)28 9018674
Emily Cooke,emilycooke@gmail.com,+44808 1570095
Dominic Parkes,dominicparkes@hotmail.com,+4428 9018 0347
Gemma Kelly,gemmakelly@yahoo.com,+44(0)306 999 0433
Susan Jones,susanjones@gmail.com,(0808)1570613
Josephine Webb,josephinewebb@yahoo.com,+44(0)2074960798
Mitchell Campbell,mitchellcampbellx@yahoo.com,(0114) 496 0523
Kenneth Poole,kennethpoole@gmail.com,+44(0)1184960809
Nigel Knight,nigelknight@hotmail.com,+44(0)161 4960124
Carly Evans,carlyevans@yahoo.com,+441414960669
Bruce Williams,brucewilliams@hotmail.com,+44(0)1914960198
Colin Lawrence,colinlawrence@yahoo.com,01632 960 836
Danny Clarke,dannyclarke@hotmail.com,+44(0)20 7496 0803
Kieran Hobbs,kieranhobbs@yahoo.com,01414960810
Harry Singh,harrysingh@yahoo.com,02074960739
Gavin Smith,gavinsmith@hotmail.com,0191 4960134
Carole Allen,caroleallen@gmail.com,+441174960301
Sophie Wood,sophiewood@yahoo.com,+44(0)1314960552
Jason Blackburn,jasonblackburn@gmail.com,(020)74960507
Maureen Leach,maureenleach@gmail.com,+44(0)28 9018 0282
Gillian Rose,gillianrose@gmail.com,+44(0)191 496 0798
Teresa Duffy,teresaduffy@yahoo.com,+44113 496 0150
Stacey Howe,staceyhowe@gmail.com,(0113)4960136
June Moore,junemoore@hotmail.com,+441314960304
Jacob Jackson,jacobjackson@yahoo.com,+44115 496 0937
Yvonne Nicholson,yvonnenicholson@hotmail.com,+44(0)1214960958
Justin O'Brien,justino'brien@gmail.com,(028)9018892
Angela Turnbull,angelaturnbull@yahoo.com,020 74960846
Elliot Wright,elliotwright@hotmail.com,01914960177
Beverley Parry,beverleyparry@yahoo.com,(0909)8790581
Bethany Lawrence,bethanylawrence@hotmail.com,+44(0)1632 960553
Jacqueline Lewis,jacquelinelewis@yahoo.com,0141 4960968
Mohammad Williams,mohammadwilliams@gmail.com,+44(0)115 496 0553
James Smith,jamessmith@gmail.com,(0113)4960617
Beverley Adams,beverleyadams@yahoo.com,+448081570016
Amy Law,amylaw@yahoo.com,0121 4960761
Donald Singh,donaldsingh@gmail.com,+44118 4960106
Jay Dennis,jaydennis@hotmail.com,(0141)4960419
Joe Chapman,joechapman@yahoo.com,(0131)4960189
Aaron Carpenter,aaroncarpenter@gmail.com,+44121 496 0175
Jacqueline Rogers,jacquelinerogers@gmail.com,+44(0)118 496 0795
Gregory Davis,gregorydavis@gmail.com,+44(0)161 4960616
Stuart Knight,stuartknight@hotmail.com,+4429 2018262
Debra Bailey,debrabailey@hotmail.com,(0909) 8790172
Charlotte Coates,charlottecoates@hotmail.com,+44118 4960466
Holly Willis,hollywillis@yahoo.com,+44(0)306 999 0548
Sylvia Henderson,sylviahenderson@hotmail.com,+44191 4960518
Samantha Smith,samanthasmith@hotmail.com,(0116) 4960876
Alexander Bradley,alexanderbradley@hotmail.com,+44(0)1632 960 800
Trevor Taylor,trevortaylor@gmail.com,+443069990702
Georgina Roberts,georginaroberts@hotmail.com,+44113 4960833
Laura Cooke,lauracooke@hotmail.com,(029)2018082
Hugh Jackson,hughjackson@yahoo.com,0141 4960471
Louis Adams,louisadams@hotmail.com,(0115) 496 0887
Megan Long,meganlong@gmail.com,01614960390
Barbara Armstrong,barbaraarmstrong@yahoo.com,+441632 960421
Connor Daniels,connordaniels@hotmail.com,+44191 4960302
Grace Conway,graceconway@yahoo.com,(0117) 4960891
Dorothy Barton,dorothybarton@yahoo.com,(0808)1570232
Danielle Smith,daniellesmith@hotmail.com,+44(0)306 9990414
Arthur Mason,arthurmason@gmail.com,+44292018791
Georgina Jones,georginajonesS@gmail.com,(028) 9018886
Ben Jones,benjones@gmail.com,+44116 496 0265
Naomi Roberts,naomiroberts@gmail.com,+44(0)117 4960515
Debra Reynolds,debrareynolds@gmail.com,+44(0)1164960489
Kate Davey,katedavey@hotmail.com,+44(0)2074960323
Elaine King,elaineking@yahoo.com,+44(0)306 999 0365
Leon Taylor,leontaylor@gmail.com,0191 4960544
Thomas Mason,thomasmason@hotmail.com,0115 4960967
Danny Cole,dannycole@gmail.com,+44(0)191 4960730
Patrick Bartlett,patrickbartlett@gmail.com,(0808) 1570013
Ben Mills,benmills@yahoo.com,+44(0)1314960674
Abigail Marshall,abigailmarshall@gmail.com,+441414960983
Sarah Leonard,sarahleonard@yahoo.com,+44151 496 0992
Naomi Hunter,naomihunter@gmail.com,+44(0)29 2018254
Tony Gibson,tonygibson@yahoo.com,+44118 496 0207
Steven Green,stevengreen@gmail.com,+4420 74960407
Samantha Harper,samanthaharper@hotmail.com,(0808) 1570507
Nathan Davies,nathandavies@gmail.com,0117 4960707
Kirsty Miller,kirstymiller@hotmail.com,+44114 4960267
Albert Day,albertday@hotmail.com,(0115)4960127
Anne Jones,annejones@gmail.com,+44(0)909 879 0365
Leon Barton,leonbarton@gmail.com,+44(0)29 2018075
Emily Miles,emilymiles@yahoo.com,+441314960449
Kirsty Arnold,kirstyarnold@hotmail.com,+441514960142
David Spencer,davidspencer@hotmail.com,029 2018 0649
Joanne Walters,joannewalters@gmail.com,+44121 496 0215
Frederick George,frederickgeorge@gmail.com,0117 4960516
Declan Thomas,declanthomas@yahoo.com,0118 4960232
Carolyn Davey,carolyndavey@hotmail.com,+44(0)117 4960614
Rebecca Wilkinson,rebeccawilkinson@hotmail.com,01314960702
Elizabeth Fitzgerald,elizabethfitzgerald@yahoo.com,+44117 496 0687
Brenda Pollard,brendapollard@gmail.com,+44(0)909 879 0176
Julie Hyde,juliehyde@gmail.com,(0121) 496 0870
Patrick Clarke,patrickclarke@gmail.com,+441514960123
Sally Turner,sallyturnerQ@gmail.com,(0909)8790946
Natalie Gibson,nataliegibson@hotmail.com,029 2018046
Rachael Gibbs,rachaelgibbs@yahoo.com,0151 4960420
Geraldine Holden,geraldineholden@gmail.com,+44(0)909 879 0114
Jenna Freeman,jennafreeman@yahoo.com,(0808) 1570001
Jack Matthews,jackmatthews@yahoo.com,01614960724
Graeme Stone,graemestone@yahoo.com,+449098790349
Donald Russell,donaldrussell@gmail.com,+441144960351
Albert Murray,albertmurray@yahoo.com,(0116) 496 0773
Roger Harvey,rogerharvey@hotmail.com,0131 4960583
Denis Bishop,denisbishop@yahoo.com,(0114) 496 0782
Anna Woodward,annawoodward@gmail.com,+44141 496 0213
Clifford Hawkins,cliffordhawkins@hotmail.com,01144960142
Abigail Walters,abigailwalters@yahoo.com,+44(0)114 496 0378
Gareth Ward,garethward@hotmail.com,(0115) 496 0868
Stephen Singh,stephensingh@yahoo.com,+44(0)306 9990092
Diana Robertson,dianarobertson@hotmail.com,+44909 8790543
Gavin Parsons,gavinparsons@gmail.com,+441632 960134
Leon Atkinson,leonatkinson@gmail.com,+44808 1570461
Nigel Davies,nigeldavies@yahoo.com,(0117) 4960700
Amber Skinner,amberskinner@hotmail.com,+44117 496 0873
Grace Jarvis,gracejarvis@gmail.com,+44114 496 0585
Geraldine Thorpe,geraldinethorpe@gmail.com,+44121 4960066
Maurice Hall,mauricehall@hotmail.com,+44117 4960055
Charles Kelly,charleskelly@hotmail.com,(0117)4960111
Jonathan Douglas,jonathandouglas@hotmail.com,+44(0)131 4960118
Kyle Bevan,kylebevan@hotmail.com,+44(0)191 496 0788
Brandon Butler,brandonbutler@yahoo.com,0191 4960110
Victor Singh,victorsingh@hotmail.com,+44116 496 0800
Mitchell Campbell,mitchellcampbell@yahoo.com,(029)2018431
Holly Sinclair,hollysinclair@gmail.com,+44(0)191 496 0847
Lee King,leeking@hotmail.com,(0118) 496 0045
Charlene Cox,charlenecox@hotmail.com,+44114 496 0472
Jemma Harrison,jemmaharrison@gmail.com,(0909) 879 0219
Antony Daniels,antonydaniels@hotmail.com,01314960841
Michael Wilson,michaelwilsong@gmail.com,+44118 496 0784
Terry Jones,terryjones@gmail.com,(020)74960849
Jeffrey Owens,jeffreyowens@yahoo.com,+44(0)151 496 0844
Katy Thompson,katythompson@hotmail.com,(0161) 496 0414
Molly Elliott,mollyelliott@hotmail.com,+4420 7496 0703
Charles Allen,charlesallen@yahoo.com,(0117) 4960595
Sharon Smith,sharonsmith@hotmail.com,+44(0)29 2018 0087
Emily Morris,emilymorris@hotmail.com,+441144960114
Kayleigh Hardy,kayleighhardy@gmail.com,+44(0)306 999 0043
Sylvia Smith,sylviasmith@yahoo.com,+44141 496 0415
Lynn Davies,lynndavies@yahoo.com,0161 4960392
Vanessa Barton,vanessabarton@yahoo.com,+44113 496 0524
Cheryl Lawson,cheryllawson@gmail.com,(0808) 157 0768
Hazel Hunter,hazelhunter@hotmail.com,0141 496 0579
Nigel Roberts,nigelroberts@yahoo.com,+441144960975
Kirsty Howe,kirstyhowe@hotmail.com,(0113) 4960466
Justin Hammond,justinhammond@gmail.com,+44(0)9098790790
Caroline Tucker,carolinetucker@gmail.com,+44117 4960054
Nicola Brown,nicolabrown@gmail.com,+44(0)161 4960727
Gail Shepherd,gailshepherd@yahoo.com,+44306 9990479
Olivia Goddard,oliviagoddard@yahoo.com,028 9018 0529
Victor Joyce,victorjoyce@gmail.com,+44116 4960455
Gareth Powell,garethpowell@hotmail.com,+44(0)121 496 0560
Lorraine Greenwood,lorrainegreenwood@yahoo.com,(01632) 960518
Joseph Hicks,josephhicks@gmail.com,01174960200
Thomas Cunningham,thomascunningham@hotmail.com,+44(0)28 9018 0659
Edward Black,edwardblack@yahoo.com,+44114 4960005
Emma Taylor,emmataylor@gmail.com,+44(0)113 496 0814
Grace Cross,gracecross@hotmail.com,+44(0)909 879 0838
Dennis Wallace,denniswallace@gmail.com,0151 4960618
Shaun Williams,shaunwilliams@yahoo.com,(0131) 4960666
Joshua Ball,joshuaball@hotmail.com,(0131)4960566
Ann Rogers,annrogers@hotmail.com,+44(0)1632960073
Keith James,keithjames@hotmail.com,+44141 4960083
Suzanne Quinn,suzannequinn@yahoo.com,+44141 496 0304
Chelsea Morrison,chelseamorrison@gmail.com,(0116) 4960003
Jennifer Watson,jenniferwatson@gmail.com,(0116) 496 0751
Alexandra Chapman,alexandrachapman@yahoo.com,(0116) 4960281
Billy Brooks,billybrooks@hotmail.com,+44(0)808 1570095
Shannon Coates,shannoncoates@yahoo.com,(0191)4960190
Jamie Joyce,jamiejoyce@yahoo.com,0121 496 0703
Heather Wilkinson,heatherwilkinson@gmail.com,+44(0)1414960449
Joanne Briggs,joannebriggs@yahoo.com,(0808) 1570251
Ellie Russell,ellierussell@yahoo.com,+441614960485
Fiona Rogers,fionarogers@gmail.com,+441632960926
Helen Morley,helenmorley@hotmail.com,(01632) 960113
Francis Miller,francismiller@gmail.com,+44(0)113 4960980
Marie Harding,marieharding@hotmail.com,+44161 496 0168
Jonathan Farmer,jonathanfarmer@gmail.com,0118 4960921
Stuart Harrison,stuartharrison@gmail.com,+4429 2018 0293
Leon Miller,leonmiller@yahoo.com,+44131 4960923
Hugh Lawrence,hughlawrence@hotmail.com,+44117 4960753
Jodie Walker,jodiewalker@gmail.com,0141 496 0482
Jack Bailey,jackbailey@hotmail.com,+441134960552
Mohammed Price,mohammedprice@yahoo.com,+44(0)161 496 0411
Cheryl Smith,cherylsmith@yahoo.com,+441164960799
Albert Pritchard,albertpritchard@gmail.com,+44113 496 0989
Victoria Robson,victoriarobson@hotmail.com,0118 4960457
Charlie Bull,charliebull@gmail.com,01914960958
Anthony Page,anthonypage@hotmail.com,+448081570138
Louise Smith,louisesmith@hotmail.com,(0909) 879 0913
William Berry,williamberry@yahoo.com,+44(0)20 74960282
Tracy Greenwood,tracygreenwood@yahoo.com,0292018438
Brenda Cooper,brendacooper@yahoo.com,(0118)4960759
Julie Thomas,juliethomas@gmail.com,+44(0)1214960880
Wendy Richards,wendyrichards@yahoo.com,+44(0)1164960988
Sarah Payne,sarahpayne@hotmail.com,(0117) 496 0703
Clive Bevan,clivebevan@gmail.com,(029) 2018107
Tom Thompson,tomthompson@yahoo.com,+44(0)306 9990902
Rachel Taylor,racheltaylor@yahoo.com,+44(0)909 879 0588
Edward Turner,edwardturner@yahoo.com,0141 496 0785
Paige Davies,paigedaviesE@gmail.com,0116 4960386
Jade Barker,jadebarker@hotmail.com,+44161 496 0849
Fiona Barnes,fionabarnes@hotmail.com,029 2018 0353
Julia Clark,juliaclark@yahoo.com,(0115) 4960605
Howard Clark,howardclark@gmail.com,+44141 496 0533
Maria Riley,mariariley@gmail.com,0118 496 0827
Clare Reynolds,clarereynolds@hotmail.com,(0909) 8790420
Victoria Hobbs,victoriahobbs@gmail.com,+44113 4960290
Stephanie Byrne,stephaniebyrne@yahoo.com,0114 4960346
Nigel Young,nigelyoung@yahoo.com,(028)9018740
Benjamin Coles,benjamincoles@hotmail.com,+443069990662
Natasha Ryan,natasharyan@hotmail.com,+44(0)28 9018941
Francis Oliver,francisoliver@yahoo.com,+44(0)117 4960392
Louise Brooks,louisebrooks@gmail.com,+441184960924
Elliott Walker,elliottwalker@yahoo.com,0191 498 0975
Trevor Hunt,trevorhunt@yahoo.com,+44(0)121 496 0383
Megan Connor,meganconnor@yahoo.com,+441144960094
Sylvia Sykes,sylviasykes@hotmail.com,+441632960789
Peter Roberts,peterroberts@gmail.com,01614960635
Christine Andrews,christineandrews@hotmail.com,(0161) 496 0880
Owen Campbell,owencampbell@hotmail.com,+44289018607
Derek Murray,derekmurray@gmail.com,01514960464
Abigail Smith,abigailsmith@gmail.com,(0121)4960529
Katherine Bolton,katherinebolton@yahoo.com,+44(0)1514960269
Julia Bird,juliabird@yahoo.com,+44(0)1164960019
Janice Mitchell,janicemitchell@yahoo.com,+441174960486
Norman Craig,normancraig@gmail.com,+44(0)1134960235
Steven Hilton,stevenhilton@hotmail.com,+441614960786
Jacqueline Daniels,jacquelinedaniels@yahoo.com,+44(0)161 496 0746
Louise Anderson,louiseanderson@yahoo.com,(0808) 157 0821
Toby Kemp,tobykemp@hotmail.com,01144960304
Abbie Gough,abbiegough@hotmail.com,(0306) 999 0753
Richard Allan,richardallan@gmail.com,+441614960724
Liam Newton,liamnewton@gmail.com,+44(0)1174960013
Irene Willis,irenewillis@gmail.com,01632 960682
Heather Potter,heatherpotter@hotmail.com,+44116 496 0530
Laura Manning,lauramanning@hotmail.com,0114 4960892
Joan Oliver,joanoliver@gmail.com,+44(0)1614960962
Sian Mitchell,sianmitchell@gmail.com,(0141) 4960136
Marie Simmons,mariesimmons@gmail.com,0191 498 0565
Terence Bailey,terencebailey@hotmail.com,(028)9018845
Sharon Marsh,sharonmarsh4@hotmail.com,0131 496 0062
Steven Rees,stevenrees@yahoo.com,(029) 2018 0510
Victor Mason,victormason@gmail.com,+44(0)113 4960013
Molly Davis,mollydavis@hotmail.com,(029) 2018503
Ross Price,rossprice@gmail.com,(0306) 999 0782
Gary Patterson,garypatterson@gmail.com,(0191)4960194
Megan Harris,meganharris@yahoo.com,+44(0)3069990587
Angela Vincent,angelavincent@hotmail.com,+443069990383
Heather Lamb,heatherlamb@gmail.com,0118 496 0728
Zoe Booth,zoebooth@hotmail.com,+448081570478
Paula Edwards,paulaedwards@hotmail.com,(0131) 4960278
Samuel Graham,samuelgraham@hotmail.com,+44131 4960594
Brian Roberts,brianroberts@gmail.com,0141 4960533
Clifford Hyde,cliffordhyde@hotmail.com,0116 496 0387
Pauline Reid,paulinereid@gmail.com,09098790288
Sian Butler,sianbutler@gmail.com,(0118) 4960646
Stewart Lynch,stewartlynch@gmail.com,0121 496 0888
Garry Lewis,garrylewisn@gmail.com,+44(0)306 9990570
Dale Gallagher,dalegallagher@yahoo.com,(01632) 960636
Nathan Powell,nathanpowell@hotmail.com,+44161 496 0548
Beth Parker,bethparker@hotmail.com,+441144960168
Annette Davies,annettedavies@yahoo.com,(0909)8790354
Megan Brown,meganbrown@yahoo.com,(0161) 4960888
Lee Young,leeyoung@hotmail.com,(029) 2018 0953
Gordon Rhodes,gordonrhodes@yahoo.com,+44(0)9098790434
Naomi Wilson,naomiwilson@hotmail.com,029 2018858
Shannon Wilson,shannonwilson@hotmail.com,028 9018 0107
Joyce Scott,joycescott@hotmail.com,0808 1570040
Owen Brown,owenbrown@yahoo.com,(0116) 4960939
Kirsty Bell,kirstybell@gmail.com,0161 496 0529
Linda Marshall,lindamarshall@gmail.com,+44(0)1144960561
Wendy Dale,wendydale@yahoo.com,(0131) 496 0193
Wayne Lawrence,waynelawrence@hotmail.com,09098790802
Jane Doyle,janedoyle@hotmail.com,+44909 879 0181
